document_id,name,actual_pages,azure_pages,docling_pages,probe_tokens_per_page,azure_tokens,docling_tokens
40940,C37493-3 Genesis Pipeline Canada Ltd 2025 COI - unredacted - A9R3X1 (Paper Only),1,1,1,166.0,155,166
41059,TranslationPending e.pdf,1,1,1,88.0,88,91
2936619,A76028-1 Reponse to NEB Financial Resources Requirements - A4Y8T4,1,1,1,0.0,202,200
2937798,A76118-1 Letter - A4Y9U6,1,1,1,349.0,315,338
2938321,A76280-1 Pipeline Specs Request Feb 26 2016 - A4Z2C9,1,1,1,0.0,211,212
2949175,A76389-1 Letter to NEB re Enbridge Response to Implementation of Financial Resource Requirements - A4Z3L2,2,2,2,153.0,275,275
2949615,A76381-1 Express Pipeline Ltd Implementation of Financial Resource Requirments - A4Z3I9,1,1,1,230.0,212,239
2969267,A77040-1 Letter to NEB Letter - Response to Implementation of Financial Resource Requirements - A5A9A7,3,3,3,321.0,932,956
2969897,A77082-1 Express Pipeline Ltd Implementation of Financial Resources - A5C0C2,191,191,190,230.0,91340,92510
2981643,A77225-1 Genesis - Financial Resource Requirements for Oil Pipelines - A5C2E9,2,2,2,221.0,475,633
2981807,A77313-1 Letter to NEB re Enbridge Response to Implementation of Finanical Resource Requirements - A5C3Q7,1,1,1,300.0,275,286
2981846,A77193-1 Letter - A5C1T8,13,13,13,79.0,1622,2268
2981991,A77266-1 CTHI Financial Resource Requirements June 1 - A5C2Y9,2,2,2,156.5,337,312
2982005,A77308-1 EBPC File Ad-GA-ActsLeg-Fed-NEBA-Amend 06 01 - A5C3L7,1,1,1,0.0,103,103
2982185,A77223-1 Letter - A5C2E5,3,3,3,119.0,374,360
2982359,A77302-1 Letter - A5C3K5,6,6,6,304.3333333333333,1841,1901
2982452,A77326-1 Cover Letter - A5C3V1,1,1,1,0.0,144,144
2982520,A77226-1 Genesis - Financial Resource Requirements for Non-hydrocarbon commodity Pipelines - A5C2F1,1,1,1,0.0,188,204
2982550,A77268-1 Letter - A5C2Z3,5,5,5,237.0,1067,1082
2985017,A77326-2 Financial Resource Filing 1 - A5C3V2,2,2,2,326.0,112,0
2985187,A77503-1 ECA Ltr to NEB - ECA Pipeline Data (June 10) - A5C6F3,1,1,1,0.0,224,175
2997315,A77881-1 TransCanada Response to Implementation of Financial Resource Requirement - A5D1A1,2,2,2,153.0,279,280
3004011,A77903-1 Letter - A5D1G6,2,2,2,188.5,397,110
3004233,A77991-1 Letter - A5D2G1,4,4,4,133.0,453,494
3004774,A78284-1 Response to NEB - Request for Information - A5D5Q4,2,2,2,106.0,199,199
3004977,A78340-1 NEB gas line information for Financial Req - A5D6E3,1,1,1,139.0,119,153
3005105,A78432-1 GEI Pipeline Information - A5D7H1,1,1,1,127.0,91,120
3005368,A78334-1 Letter - A5D6C5,1,1,1,167.0,131,134
3011621,A78668-1 160722 FortisBC Huntingdon Inc Implementation Financial Resources Req FF - A5E0X0,1,1,1,241.0,241,240
3012872,A78762-1 NEB Response - A5E1Z5,1,1,1,132.0,96,133
3024738,A78927-1 NEB - IR No. 1 to Express - Financial Resource Requirements,5,5,5,205.66666666666666,1061,1028
3024937,A78926-1 NEB - IR No. 1 to Westspur - Financial Resource Requirements,7,7,7,160.66666666666666,1471,1438
3027303,A79108-7 Attachment 1 to Enbridge Pipelines (Westspur) Inc. Response to IR No. 1.1(f) - Summary Table - A5E7C3,1,1,1,327.0,293,403
3027403,A79108-2 Enbridge Pipelines Inc. Response to NEB IR No. 1 - A5E7A8,9,9,9,318.0,2792,2801
3027629,A79108-5 Enbridge Pipelines (Westspur) Inc. Response to NEB IR No. 1 - A5E7C1,8,8,8,258.3333333333333,2366,2379
3027742,A79112-1 Express Pipeline Ltd Response to NEB IR Financial Resource Requirments - A5E7D7,14,14,14,157.33333333333334,2405,2517
3027848,A79108-3 Attachment 1 to Enbridge Pipelines Inc. Response to IR No. 1.1(d) - Enbridge Organizational Structure - A5E7A9,1,1,1,184.0,3,71
3027955,A79108-1 Letter to NEB re Enbridge Pipelines Inc. and Enbridge Pipelines (Westspur) Inc. Response to NEB IR No. 1 - A5E7A7,1,1,1,114.0,88,115
3027956,A79108-4 Attachment 1 to Enbridge Pipelines Inc. Response to IR No. 1.1(g) - Summary Table - A5E7C0,1,1,1,328.0,295,404
3028292,A79108-6 Attachment 1 to Enbridge Pipelines (Westspur) Inc. Response to IR No. 1.1(e) - Enbridge Organizational Structure - A5E7C2,1,1,1,185.0,3,71
3051642,A79414-4 Line 24 Pipeline and Pump Specifications - A5F1A9,1,1,1,231.0,195,193
3051731,A79414-1 Letter to NEB - Implementation of Financial Resource Requirements - Classification - A5F1A6,2,2,2,316.5,601,592
3051732,A79414-6 Steelman Unit 2 Pump Curves - A5F1C1,2,2,2,41.5,242,128
3052046,A79414-7 Westspur Monthly Aggregate System Throughput Since 2006 - A5F1C2,1,1,1,533.0,496,496
3052228,A79414-2 Line 24 Summary Map - 2013 draft 28 - A5F1A7,1,1,1,170.0,103,8
3052229,A79414-3 Map of Westspur System - A5F1A8,1,1,1,92.0,85,0
3052427,A79414-5 Steelman Unit 1 Pump Curves - A5F1C0,2,2,2,41.5,243,125
3065206,A79872-1 NEB - Letter to Enbridge - Financial Resource Requirements - Approval,2,2,2,198.5,395,395
3065787,A79866-1 NEB - IR No. 2 to Express - Financial Resource Requirements,3,3,3,161.66666666666666,387,375
3065864,A79868-1 NEB - IR No. 2 to Westspur - Financial Resource Requirements,3,3,3,222.66666666666666,587,557
3066842,A80155-2 Westspur Response to Information Request No 2 - A5G2R7,5,5,5,301.3333333333333,1127,1739
3067023,A80155-1 Letter to NEB - Westspur Response to NEB IR No. 2 - A5G2R6,1,1,1,118.0,92,91
3067575,A80170-1 Express Pipeline Ltd Response to NEB IR 2 Financial Resource Requirments - A5G2W0,4,4,4,264.6666666666667,885,794
3071015,A80396-2 Westspur Response to NEB IR No. 3 - A5G6I1,2,2,2,266.0,480,485
3071127,A80396-1 Letter to NEB re Westspur Response to NEB IR No. 3 - A5G6I0,1,1,1,175.0,149,167
3071596,A80209-1 Letter and IR No. 3 to Enbridge Pipelines (Westspur) Inc. - Request for Confirmation of Absolute Liability Limit Categorization - A5G3K8,2,2,2,242.0,510,476
3074353,A80456-1 Feedback - Pipeline Financial Requirements Regulations - A5G7D9,2,2,2,302.5,606,606
3096766,A80975-1 LT NEB - TEML (Westspur) FRR - A5H5H6,2,2,2,183.5,301,301
3117400,A81198-4 ONÉ - Ordonnance FRO-003-2017 à Express Pipeline Ltd. - Des exigences en matière de ressources financières,2,2,2,326.0,649,651
3117589,A81198-2 ONÉ - Lettre à Express Pipeline Ltd. - Des exigences en matière de ressources financières,2,2,2,363.5,726,727
3117728,A81198-1 NEB - Letter to Express Pipeline Ltd. - Financial Resource Requirements,2,2,2,303.0,627,610
3117839,A81198-3 NEB - Order FRO-003-2017 to Express Pipeline Ltd. - Financial Resource Requirements,2,2,2,294.5,586,586
3194754,A81890-1 Express Pipeline Ltd Implementation of Financial Resource Requirements - A5J1E4,15,15,15,195.33333333333334,5559,5552
3210390,A82073-1 Letter to NEB re EPI Update to Financial Resource Requirement Plan - A5J4U2,1,1,1,186.0,161,170
3210491,"A82073-2 EPI Update to Financial Resource Requirement Plan - as of December 31, 2016 - A5J4U3",1,1,1,302.0,302,409
3216571,A82316-1 Express Implementation of Financial Resource Requirements Response to Order - A5J8V1,2,2,2,221.5,394,343
3352762,A87507-1 NEB - Letter - Financial Resource Requirements - FRO-003-2017 - A5W5R5,2,2,2,339.0,604,677
3389845,"A88112-1 Financial Resource Requirements - Response to Board letter dated Nov 2, 2017 - A5X5C1",13,13,12,0.0,4494,4477
3507099,"A90613-2 Express - Update to Financial Resources Requirements Plan - as of December 31, 2017 - A6C2C4",1,1,1,323.0,323,431
3507981,"A90611-2 EPI Update to Financial Resources Requirements Plan - as of December 31, 2017 - A6C2A6",1,1,1,302.0,302,409
3508859,A90613-1 Letter to NEB re Express Update to Financial Resource Requirement Plan - A6C2C3,1,1,1,199.0,172,183
3508973,A90611-1 Letter to NEB re EPI Update to Financial Resource Requirement Plan - A6C2A5,1,1,1,188.0,161,171
3557590,A91560-2 Centra Transmission Holdings Inc. Trust FS Final 20171231 - A6D8C9,14,14,14,144.0,2897,3065
3559017,"A91560-1 Cover Letter Audited Financial Statements April 30, 2018 - A6D8C8",1,1,1,183.0,183,173
3754240,A98074-1 Letter to NEB re Express Update to Financial Resource Requirement Plan - A6S3D8,1,1,1,198.0,173,174
3754785,A98073-1 Letter to NEB re EPI Update to Financial Resource Requirement Plan - A6S3D5,1,1,1,187.0,161,171
3754786,"A98073-2 Update to Financial Resource Requirement Plan - as of Dec 31, 2018 - A6S3D6",1,1,1,342.0,342,449
3755149,A98165-1 2019-03-04 Absolute Liability Limit and Summary - A6S4S4,2,2,2,0.0,443,403
3755232,A98143-1 Letter - A6S4H4,1,1,1,285.0,309,285
3755373,"A98074-2 Update to Financial Resource Requirement Plan - as of Dec 31, 2018 - A6S3D9",1,1,1,343.0,343,451
3755530,A98235-1 ECA LTR - Absolute Liab Limits - A6S5S3,1,1,1,0.0,183,180
3755533,A98240-1 Genesis Financial Requirements Letter March 8 2019 - A6S5T5,2,2,2,0.0,646,698
3755567,A98217-1 Letter to NEB re Enbridge Bakken Update to Financial Resource Requirements - A6S5I1,1,1,1,163.0,141,160
3755570,A98219-1 Letter to NEB re Enbridge Southern Lights Update to Financial Resource Requirements - A6S5I5,1,1,1,164.0,142,161
3755673,A98201-1 2019 CMPL Absolute Liability Limit - A6S5E7,1,1,1,134.0,150,135
3755678,A98220-1 Response to NEB Assessment of Absolutely Liability 20190308 - A6S5I7,1,1,1,0.0,214,201
3755691,A98243-1 OF-Gen-06 FRR - 2133151 Alberta Ltd. - Confirmation of Absolute Liability Limits and Financial Resource Information - A6S5U1,5,5,5,0.0,1900,2100
3755702,A98267-1 190308 NEB FinReq HIPCO Absolute Liability Assmt FF - A6S6E6,2,2,2,246.5,450,476
3755769,A98185-1 Cover Letter (HOOL) - A6S4Z4,1,1,1,145.0,141,148
3755770,A98185-2 Assessment of Absolute Liability (HOOL) - A6S4Z5,2,2,2,255.0,510,512
3755771,A98185-3 Capacity and Risk Factor Assesment (HOOL) - A6S4Z6,1,1,1,201.0,201,195
3755779,A98205-1 Lettre de commentaires et Annexes concernant le projet de Règlement OF-Gen-06 FRR - A6S5F4,7,7,7,115.66666666666667,1946,1529
3755782,A98208-1 Letter to NEB re Alliance Update to Financial Resource Requirements - A6S5G0,1,1,1,196.0,168,169
3755787,A98218-1 Letter to NEB re Enbridge Norman Wells Update to Financial Resource Requirements - A6S5I3,1,1,1,156.0,134,159
3755790,A98237-1 Genesis Comments on FRR Draft Guidelines March 8 2019 - A6S5S9,2,2,2,0.0,497,527
3755871,A98212-1 Letter to NEB re 2193914 Canada Update to Financial Resource Requirements - A6S5G8,1,1,1,174.0,152,178
3755886,A98238-1 CBSA OF-Gen-06 FRR Letter - A6S5T1,1,1,1,0.0,174,161
3755978,A98211-1 Letter to NEB re Enbridge Gas Update to Financial Resource Requirements - A6S5G6,1,1,1,175.0,151,160
3756000,A98246-1 Cenovus Absolute Liability Limit Confirmation Letter - March 2019 - A6S5U7,2,2,2,0.0,358,341
3756090,A98252-1 2019 03 08 NEB Submission re Pipeline Financial Requirements - A6S5W3,2,2,2,173.5,343,346
3756190,"A98254-1 EBPC Absolute Liability Limit File OF-Gen-06 FRR March 8, 2019.docx - A6S5W7",1,1,1,0.0,147,142
3756192,A98255-1 NEB Pipeline Liability - Mar 2019 - Initial Assessment Submssion - A6S5W9,2,2,2,196.0,344,345
3756193,A98255-2 Canadian Natural - NEB Table 1- FRR Estimate 2018 - A6S5X0,2,2,2,79.0,136,169
3756194,A98255-3 20190308 CNRL NEB Pipelines - Summary for NEB FRR Liability Rev. PDF - A6S5X1,1,1,1,1121.0,1119,1622
3767205,A98548-1 Plains Midstream Canada ULC - 2019 Financial Resource Requirement Plan and Updated Table - A6T1D2,3,3,3,0.0,1130,1099
3767501,A98873-2 Genesis Pipeline Canada Ltd - Certificate of Insurance Redacted - A6T5Q1,3,3,3,0.0,746,910
3767690,A98876-1 Genesis Pipeline Canada Ltd - Financial Resources Plan cover letter - A6T5R3,1,1,1,0.0,303,323
3767699,A98907-1 Letter to NEB re Enbridge Southern Lights Financial Resource Plan - A6T6F5,1,1,1,147.0,125,145
3767794,A98873-1 Genesis Pipeline Canada Ltd - Application for confidential filing of FRP attachments - A6T5Q0,2,2,2,213.0,664,699
3767801,A98876-3 Attachment 1 - Genesis Pipeline Canada Ltd 2019 Corporate structure diagram - A6T5R5,2,2,2,93.5,27,44
3767802,A98876-4 Attachment 2 - Genesis Pipeline Canada Ltd Financial Resources Table - A6T5R6,2,2,2,93.5,136,205
3767893,"A98906-2 Financial Resources Plan (Enbridge Bakken Pipeline Company Inc., on behalf of Enbridge Bakken Pipeline Limited Partnership) - A6T6F0",2,2,2,355.5,667,715
3767894,A98906-3 Appendix 1 - Summarized Financial Resources Plan - A6T6F1,2,2,2,181.0,275,391
3767895,A98906-4 Appendix 2 - Corporate Structure Diagram - A6T6F2,1,1,1,142.0,45,57
3767896,A98906-5 Appendix 3 - Draft Intercompany Credit Agreement - A6T6F3,27,27,27,349.6666666666667,10521,10526
3767969,A98881-2 NEB HOOL Financial Resource Plan - A6T5T5,2,2,2,231.5,421,468
3767970,A98881-3 HSE Annual Report 2018 - A6T5T6,148,148,148,188.0,71267,74103
3767985,A98906-1 Letter to NEB re Enbridge Bakken Financial Resource Plan - A6T6E9,1,1,1,146.0,124,148
3768061,A98881-1 Cover Letter (HOOL) - A6T5T4,1,1,1,173.0,174,176
3768097,A98905-1 Letter to NEB re Enbridge NW Financial Resource Plan - A6T6E3,1,1,1,137.0,115,135
3768098,A98905-2 Financial Resources Plan (Enbridge Pipelines (NW) Inc.) - A6T6E4,2,2,2,351.5,674,676
3768181,"A98907-2 Financial Resources Plan (Enbridge Southern Lights GP Inc., on behalf of Enbridge Southern Lights LP) - A6T6F6",2,2,2,368.0,686,687
3768182,A98907-3 Appendix 1 - Summarized Financial Resources Plan - A6T6F7,2,2,2,180.0,273,370
3768183,A98907-4 Appendix 2 - Corporate Structure Diagram - A6T6F8,1,1,1,152.0,44,61
3768184,A98907-5 Appendix 3 - Draft Intercompany Credit Agreement - A6T6F9,27,27,27,354.6666666666667,10528,10531
3768218,A98861-1 20190308 CNRL NEB Pipelines - Summary for NEB FRR Liability Rev. PDF - A6T5I2,1,1,1,1121.0,1119,1622
3768219,A98861-2 Canadian Natural - NEB Table 1- FRR Estimate 2018 - A6T5I3,2,2,2,79.0,136,169
3768220,A98861-3 NEB Pipeline Liability - April 2019 - CNRL - Financial Resources Plan-final - A6T5I4,3,3,3,212.0,563,566
3768225,A98876-2 Genesis Pipeline Canada Ltd - Financial Resources Plan April 2019 - A6T5R4,5,5,5,293.3333333333333,1362,1359
3768336,A98905-3 Appendix 1 - Summarized Financial Resources Plan - A6T6E5,2,2,2,162.5,255,305
3768337,A98905-4 Appendix 2 - Corporate Structure Diagram - A6T6E6,1,1,1,58.0,4,38
3768338,A98905-5 Appendix 3 - Draft Intercompany Credit Agreement - A6T6E7,27,27,27,342.6666666666667,10492,10496
3768967,A99025-1 File OF-Gen-06 FRR - Canlin - A6T8L7,1,1,1,176.0,164,164
3774949,"A99152-1 April 30, 2019 - Abandonment Trust Filing - Cover Letter - A6U0Q7",1,1,1,124.0,88,121
3774950,A99152-2 Attachment 1 – Abandonment Funding Reporting Form - A6U0Q8,1,1,1,246.0,331,701
3774951,A99152-3 Attachment 2 - Abandonment Surcharge Calculation - A6U0Q9,1,1,1,62.0,62,62
3774952,A99152-4 Attachment 3 - List of Certificates and Orders - A6U0R0,1,1,1,98.0,98,98
3774953,A99152-5 Attachment 4 - TEML WESTSPUR PIPELINES LIMITED - ABANDONMENT TRUST - 2018 AFS - A6U0R1,16,16,16,146.66666666666666,3643,3807
3777174,A99371-1 Plan relatif aux ressources financières de Corporation Champion Pipe Line Limitée (OF-Gen-06 FRR) - A6U3V6,16,16,16,314.3333333333333,3741,4083
3777180,A99387-1 2019 05 14 CTHI Financial Resources Plan Submission NEB - A6U3Z6,7,7,7,334.6666666666667,1918,1910
3777194,A99423-1 Letter to NEB re 2193914 Canada Limited Financial Resources Plan - A6U4K9,1,1,1,134.0,109,108
3777195,A99423-2 Financial Resources Plan - A6U4L0,2,2,2,346.5,666,666
3777295,A99421-1 190514 NEB FinReq HIPCO Financial Resources Plan FF - A6U4K5,7,7,7,265.0,2215,2287
3777322,A99461-1 NEB – Letter – Husky Oil – Financial Resources Plan – Absolute Liability Limit - A6U5C5,2,2,2,284.0,528,569
3777545,A99406-1 Foothills Financial Resources Plan - A6U4G2,174,174,174,460.6666666666667,74398,75773
3777550,A99423-3 Appendix 1 - Financial Resources Plan Summarized Table - A6U4L1,2,2,2,190.5,315,375
3777551,A99423-4 Appendix 2 - Corporate Structure Diagram - A6U4L2,1,1,1,53.0,3,3
3777552,A99423-5 Appendix 3 - Draft Intercompany Credit Agreement - A6U4L3,27,27,27,291.6666666666667,10753,10763
3777604,A99339-3 Financial Resources Plan 1057533 Alberta Ltd Part 3 of 4 - A6U3F5,49,49,49,0.0,9489,9545
3777605,A99339-4 Financial Resources Plan 1057533 Alberta Ltd Part 4 of 4 - A6U3F6,13,13,12,0.0,1828,2055
3777651,A99395-1 20190514 2133151 Alberta Ltd NEB FRR - Cover Letter - FILE OF-Gen-06 FRR - A6U4C6,1,1,1,0.0,113,100
3777652,A99395-2 20190514 2133151 Alberta Ltd NEB FRR - Letter - FILE OF-Gen-06 FRR - A6U4C7,3,3,3,0.0,665,863
3777653,A99395-3 20190514 2133151 Alberta Ltd NEB FRR - Insurance Cert - FILE OF-Gen-06 FRR - A6U4C8,1,1,1,555.0,486,584
3777658,A99416-1 CMPL NEB Pipeline Financial Requirements Cover Letter - A6U4I6,3,3,3,0.0,751,790
3777728,A99339-1 Financial Resources Plan 1057533 Alberta Ltd Part 1 of 4 - A6U3F3,37,37,37,0.0,14216,13438
3777729,A99339-2 Financial Resources Plan 1057533 Alberta Ltd Part 2 of 4 - A6U3F4,40,40,40,0.0,13163,12786
3777761,A99400-3 EBPC File OF-Gen-06 FRR Financial Resource Plan - A6U4E2,44,44,44,94.33333333333333,5306,5334
3777762,A99400-4 EBPC File OF-Gen-06 FRR Financial Resource Plan - A6U4E3,1,1,1,0.0,465,610
3777766,A99416-7 RatingsDirect SummaryNorthWesternCorp 38508270 Mar-26-2018 - A6U4J2,10,10,10,420.6666666666667,3222,3313
3777767,A99416-8 NWE Fitch Full Report Feb 2018 - A6U4J3,16,16,16,593.0,5938,5395
3777768,"A99416-9 Revolver - Compiled, Executed - A6U4J4",131,131,131,314.6666666666667,50837,51053
3777769,A99416-10 National Energy Board - 55573925 03.08.19 - A6U4J5,1,1,1,576.0,553,518
3777878,A99400-1 EBPC File OF-Gen-06 FRR Financial Resource Plan - A6U4E0,4,4,4,0.0,1096,1045
3777879,A99400-2 EBPC File OF-Gen-06 FRR Financial Resource Plan - A6U4E1,23,23,23,0.0,8487,8301
3777881,A99403-1 ECA Ltr - Pipeline Fin Rqmt Appln (File OF-Gen-06 FRR) - A6U4F1,1,1,1,0.0,149,103
3777882,A99403-2 ECA Pipeline Fin Rqmt Application (Final - May 14 2019) - A6U4F2,6,6,6,223.33333333333334,1418,1749
3777938,A99324-1 File OF-Gen-06 FRR - A6U3A1,3,3,3,125.33333333333333,724,759
3777982,A99407-1 GLC Financial Resources Plan - A6U4G4,174,174,174,461.3333333333333,74465,75777
3778995,A99416-2 NorthWestern Corporation Structure - A6U4I7,1,1,1,215.0,153,153
3778996,A99416-3 Northwestern Guaranty vFiled PDF - A6U4I8,3,3,3,264.0,784,785
3778997,A99416-4 NWE-3.31.19-10Q final as filed - A6U4I9,47,47,47,382.3333333333333,23013,23473
3778998,A99416-5 NWE 12.31.2018 10K Final - A6U4J0,118,118,118,469.0,57573,58096
3778999,A99416-6 NWEC Credit Opinion - Published 5-23-2018 - A6U4J1,9,9,9,246.33333333333334,3954,3934
3779000,A99424-1 Letter to NEB re Enbridge Gas Financial Resources Plan - A6U4L5,1,1,1,136.0,111,118
3779087,A99424-2 Financial Resources Plan - A6U4L6,2,2,2,254.0,457,479
3779088,A99424-3 Appendix 1 - Financial Resources Plan Summarized Table - A6U4L7,1,1,1,274.0,239,304
3779091,A99430-1 Letter to NEB re Alliance Financial Resources Plan - A6U4T5,1,1,1,141.0,116,115
3779291,A99430-2 Financial Resources Plan - A6U4T6,2,2,2,289.5,537,567
3779292,A99430-3 Appendix 1 - Insurance Certificate - A6U4T7,3,3,3,384.6666666666667,963,1250
3779293,A99430-4 Appendix 2 - Financial Resources Plan Summarized Table - A6U4T8,1,1,1,286.0,247,293
3779320,A99473-1 Correction - Letter to NEB re Request for Determination of Applicability of the Financial Resources Requirement - A6U5H2,2,2,2,137.5,232,257
3779415,A99458-1 Letter to NEB re Request for Determination of Applicability of the Financial Resources Requirement - A6U5A6,6,6,6,329.6666666666667,2003,2254
3779498,A99460-1 NEB – Letter – Aurora Pipeline – Financial Resources Plan – Absolute Liability Limit - A6U5C2,3,3,3,276.3333333333333,826,828
3782143,Capacity and Risk Factor Assessment (HOOL) - A6V1Q5,1,1,1,266.0,264,272
3782534,A99594-2 Assessment of Absolute Liability (HOOL) - A6U7F4,2,2,2,332.0,664,666
3782535,A99594-3 Pages from 58 Section Application - A6U7F5,1,1,1,165.0,165,166
3782967,A99594-1 Cover Letter (HOOL) - A6U7F3,1,1,1,197.0,198,197
3783196,A99595-1 Bellatrix Exploration Absolute Liability and Financial Resources Plan May 2019 - A6U7F7,1,1,1,225.0,203,201
3783531,A99615-1 Aurora Pipeline Company Ltd. - 2019 Financial Resource Requirement Plan - A6U7K9,296,296,296,289.6666666666667,156788,157642
3783640,A99623-1 NEB - Letter - Pipeline Companies - Financial Resource Requirements - A6U7T0,2,2,2,175.5,380,350
3783642,A99623-3 NEB - IR No. 1 - Pipeline Companies - Financial Resource Requirements - A6U7T2,28,28,28,201.66666666666666,8774,8874
3783716,"A99750-1 BNP Ltr to NEB - Financial Resource Plan, June 2019 (File OF-Gen-06 FRR) - A6U9J6",1,1,1,292.0,277,274
3783811,A99728-1 signed response to non-conpliance notice - A6U9E5,1,1,1,0.0,233,235
3783834,A99796-1 ARC Resources Ltd. Pipeline Financial Plan OF-Gen-06 FRR MAY 28 2019 - A6V0D0,10,10,10,282.0,2201,2181
3785015,A99912-3 14-09-002-29 W1M (CNRL) 2019-06-10 12-22 - A6V1S8,1,1,1,92.0,37,11
3785018,A99918-1 NEB – Letter – Husky Oil – Financial Resource Requirements – Extension Request - A6V1U4,1,1,1,175.0,213,177
3785099,A99873-1 NEB Pipeline Liability - June 2019 - CNRL - Financial Resources Plan- IR#1-final - A6V1E0,2,2,2,252.0,456,457
3785102,A99877-1 Letter to NEB re Pipeline Financial Requirements - A6V1F0,1,1,1,0.0,95,93
3785114,A99897-1 Extension Request Letter (HOOL) - A6V1K6,1,1,1,183.0,184,186
3785119,A99912-1 NML NEB Financial Resources Plan 2019 - A6V1S6,4,4,4,0.0,752,686
3785120,A99912-2 Cert of Ins NEB - A6V1S7,2,2,2,0.0,284,474
3785184,A99857-1 File OF-Gen-06 FRR - A6V0X8,2,2,2,290.0,584,593
3785226,A99967-1 Pipeline FRP Information Request HOOL Jun 13 2019 - A6V2R0,3,3,3,161.33333333333334,432,426
3785264,A99853-1 Revised Caltex - OF-Gen-06 FRR - A6V0W7,5,5,5,0.0,881,894
3785295,"A99900-1 Bow River Energy File OF-Gen-06 FRR June 12, 2019 Signed - A6V1L2",1,1,1,0.0,137,149
3785446,A99969-1 NEB - Risk Value Letter - A6V2R5,2,2,2,0.0,268,254
3785503,A99956-1 OF-Gen-06 FRR Absolute Liability Limit and Financial Resource Plan - A6V2K2,2,2,2,0.0,364,395
3785565,A99870-1 2016-06-10 Financial Plan Reporting - A6V1D0,16,16,15,0.0,3772,3938
3785566,A99870-2 Financial Plan - A6V1D1,42,42,41,0.0,21144,20011
3785567,A99870-3 Financial Plan con t - A6V1D2,36,36,35,0.0,17041,16907
3803312,C00269-1 NEB - Letter - Emera Brunswick Pipeline Ltd. - Confidentiality Requests - A6V7G9,2,2,2,163.0,362,326
3803514,C00258-1 NEB - Letter - Financial Resource Requirements - Confidentiality Requests - A6V7E7,2,2,2,194.5,424,404
3804924,C00444-1 Letter to NEB re Enbridge Southern Lights Financial Resources Plan - Supplemental Information (July 10 2019) - A6V9H6,1,1,1,283.0,267,283
3805046,C00522-2 Cenvous Energy Certificate of Insurance - NEB - Redacted - A6W0T4,2,2,2,0.0,637,671
3805062,C00543-1 NEB - Letter - Enbridge Bakken - Financial Resource Requirements - A6W0Z9,3,3,3,296.0,878,881
3805063,C00543-2 ONE - Lettre - Enbridge Bakken - Matière de ressources financières - A6W0Z8,3,3,3,325.3333333333333,964,976
3805110,C00437-1 2019 07 11 CTHI Financial Resources Compliance Submission - A6V9F6,7,7,7,77.0,1506,1488
3805139,C00493-1 NEB – Letter and IR No. 1 - Gas Companies - Pipeline Financial Requirements - A6W0H2,50,50,50,263.0,14860,15096
3805141,C00495-1 SPLP Response - Confidentiality Requests - NEB File OG-Gen-06-FRR - A6W0H6,2,2,2,0.0,484,480
3805236,C00494-1 NEB - Letter and IR No. 2 - Oil Companies - Pipeline Financial Requirements - A6W0H4,12,12,12,250.66666666666666,3403,3456
3805296,C00439-1 Letter to NEB re Enbridge Bakken Financial Resources Plan - Supplemental Information (July 10 2019) - A6V9F9,1,1,1,275.0,260,274
3805297,"C00439-2 Credit Agreement Between Enbridge Bakken and Enbridge Inc. Dated July 10, 2019 - A6V9G0",30,30,30,205.33333333333334,10909,10973
3805299,"C00440-2 Credit Agreement Between 2193914 and Enbridge Inc. Dated July 10, 2019 - A6V9G3",32,32,32,210.33333333333334,10834,10919
3805301,"C00441-2 Credit Agreement Between Enbridge (NW) and Enbridge Inc. Dated July 10, 2019 - A6V9G6",30,30,30,192.66666666666666,10836,10926
3805364,C00544-1 NEB - Letter - Enbridge Southern Lights - Financial Resource Requirements - A6W1A2,3,3,3,299.6666666666667,889,900
3805365,C00544-2 ONE - Lettre - Enbridge Southern Lights - Matière de ressources financiéres - A6W1A1,3,3,3,329.3333333333333,976,988
3805367,C00545-1 NEB - Letter - Enbridge Pipelines (NW) - Financial Resource Requirements - A6W1A5,3,3,3,290.6666666666667,862,873
3805368,C00545-2 ONE - Lettre - Enbridge Pipelines (NW) - Matières de ressources financières - A6W1A4,3,3,3,322.3333333333333,955,967
3805396,C00440-1 Letter to NEB re 2193914 Financial Resources Plan - Supplemental Information (July 10 2019) - A6V9G2,1,1,1,214.0,198,196
3805397,"C00444-2 Credit Agreement Between Enbridge Southern Lights and Enbridge Inc Dated July 10, 2019 - A6V9H7",30,30,30,315.0,11157,11349
3805588,C00441-1 Letter to NEB re Enbridge NW Financial Resources Plan - Supplemental Information (July 10 2019) - A6V9G5,1,1,1,223.0,207,218
3805596,"C00451-1 File OF-Gen-06-FRR, Confidentiality Requests - A6V9K0",1,1,1,0.0,156,155
3805791,C00522-1 Pipeline Financial Requirements Confidentiality Requests - A6W0T3,1,1,1,0.0,132,146
3805947,C00630-1 Cenovus Energy Inc - NEB File OF-Gen-O6FRR - A6W2T1,1,1,1,345.0,347,354
3809657,C00723-1 Genesis - FRR IR No 2 cover letter - A6W4D6,1,1,1,184.0,148,175
3809660,C00731-1 CMPL NEB Financial Requirement Request No 1 - A6W4I8,3,3,3,0.0,811,814
3809890,C00723-2 Genesis - FRR - Response to NEB IR No 2 - A6W4D7,5,5,5,320.6666666666667,1517,1522
3809891,C00723-3 Genesis FRR Attachment 2 - Financial Resources Table - July 2019 - A6W4D8,2,2,2,95.0,139,208
3809892,C00723-4 Genesis Pipeline Canada Ltd - Certificate of Insurance Redacted - A6W4D9,3,3,3,280.3333333333333,745,848
3810105,C00725-1 Letter to NEB re Alliance Response to NEB Gas IR No. 1 - A6W4E6,1,1,1,214.0,189,188
3810106,C00725-2 Alliance Response to NEB Gas IR No. 1 - A6W4E7,2,2,2,223.5,439,424
3810108,C00727-1 Glenogle - NEB IR Responses - July 29 2019 - A6W4F2,20,20,20,198.33333333333334,4149,4877
3810229,C00734-1 Foothills - Financial Resources Plan - Response to Information Request No. 1 - A6W4J7,13,13,13,350.6666666666667,4161,4289
3810316,C00728-1 EMPC Response to NEB Gas IR No. 1 - A6W4F4,10,10,10,255.66666666666666,2784,2814
3810317,C00731-2 NEB CMPL Insurance Certificate filed - Exhibit A - A6W4I9,2,2,2,1.0,809,903
3810318,C00731-3 Summary of analysis for Carway-Cut Bank (Canadian Section) - Exhibit B - A6W4J0,6,6,6,314.6666666666667,1965,1975
3810382,C00858-1 Letter - A6W6E0,1,1,1,0.0,322,311
3810415,C00735-1 GLC - Financial Resources Plan - Response to Information Request No. 1 - A6W4J9,13,13,13,350.3333333333333,4166,4298
3811814,C00929-1 Letter to NEB re Enbridge Southern Lights Financial Resources Plan directed amendments to ICC - A6W7R3,1,1,1,185.0,160,184
3811815,C00929-2 Amended and Restated Credit Agreement - ESL LP and EI - August 1 2019 - A6W7R4,30,30,30,41.0,11261,10963
3811859,C00931-1 Letter to NEB re Enbridge Bakken Financial Resources Plan directed amendments to ICC - A6W7S4,1,1,1,182.0,158,180
3812114,C01094-1 NEB - Letter - Oil Companies Regulated by NEB - IR No. 3 - Financial Resource Requirements - A6W9W3,1,1,1,105.0,143,106
3812115,C01094-2 NEB - IR No. 3 - Oil Companies Regulated by NEB - Financial Resource Requirements - A6W9W4,5,5,5,229.0,1377,1395
3812249,C00928-2 Amended and Restated Credit Agreement - EPNW and EI - August 1 2019 - A6W7R1,30,30,30,32.0,10946,10688
3812331,C00928-1 Letter to NEB re Enbridge NW Financial Resources Plan directed amendments to ICC - A6W7R0,1,1,1,175.0,150,170
3812332,C00931-2 Amended and Restated Credit Agreement - EBPC LP and EI - August 1 2019 - A6W7S5,30,30,30,256.6666666666667,11051,11030
3812598,C01091-2 NEB - IR No. 2 - Gas Companies Regulated by NEB - Financial Resource Requirements - A6W9V7,27,27,27,273.6666666666667,8796,8923
3812689,C01091-1 NEB - Letter - Gas Companies Regulated by NEB - IR No. 2 - Financial Resource Requirements - A6W9V6,2,2,2,158.5,262,321
3817181,C01219-1 NEB – Letter – Alliance Pipeline – Financial Resource Requirements - A6X2G0,2,2,2,229.0,399,403
3817182,C01219-2 ONE – Lettre – Alliance Pipeline - exigences en matière de ressources financières - A6X2F9,2,2,2,283.0,488,572
3817189,C01224-1 NEB – Letter – AltaGas Holdings – Financial Resource Requirements - A6X2H5,2,2,2,280.0,551,562
3817190,C01224-2 ONE – Lettre – AltaGas Holdings - exigences en matière de ressources financières - A6X2H4,2,2,2,321.0,630,643
3817727,C01223-1 NEB – Letter – Pembina Gas Affiliates – Financial Resource Requirements - A6X2H2,2,2,2,364.5,720,731
3817728,C01223-2 ONE – Lettre – Pembina Gas Affiliates - exigences en matière de ressources financières - A6X2H1,2,2,2,413.0,815,827
3817841,C01216-1 NEB – Letter – 2193914 Canada Limited – Financial Resource Requirements - A6X2F1,3,3,3,300.0,890,893
3817842,C01216-2 ONE – Lettre – 2193914 Canada Limited - exigences en matière de ressources financières - A6X2F0,3,3,3,335.0,992,1004
3817909,C01367-1 2019 08 - NEB Financial Resource Plan - additional information - A6X4H6,2,2,2,333.0,633,637
3819454,C01421-1 CTHI IR Cover Letter - A6X4X5,1,1,1,177.0,176,177
3819455,C01421-2 2019 09 03 CTHI IR response to NEB IR#2 with attachment - A6X4X6,12,12,12,250.66666666666666,3819,4113
3819552,C01414-1 Board Oil IR No 3 Sept 3 2019 1057533 Alberta Ltd - A6X4W0,6,6,6,0.0,1790,1791
3819649,C01416-1 CMPL Financial Resources Requirements Response to Request No 2 - A6X4W3,8,8,8,0.0,2808,2714
3819653,C01420-1 Letter to CER re OF-GEN-06 FRR (6720471 Canada Ltd. IR No. 2) (2019-09-03) - A6X4X2,1,1,1,287.0,193,190
3819654,C01420-2 6720471 Canada - Responses to IR No. 2 9776602 1 - A6X4X3,14,14,14,284.6666666666667,4373,4408
3819844,C01444-1 2019-09-04 Guarantee Amendment-Section 9 OF-Gen-0-06 FRR - A6X5D6,5,5,5,0.0,1886,1876
3820031,C01741-1 OF-Gen-06 FRR Absolute Liability Limit and Financial Resource Plan Response to Information Request v1 - A6X9H5,3,3,3,0.0,738,743
3829107,"C01753-2 Amended and Restated Credit Agreement - 2193914 and EI dated September 20, 2019 - A6X9J9",28,28,28,327.6666666666667,10901,10933
3871274,C01753-1 Letter to CER re 2193914 Canada Financial Resources Plan directed amendments to ICC - A6X9J8,1,1,1,172.0,147,154
3871903,C02090-1 Genesis - Letter regarding Financial Resources Plan update resulting from PL 33 transfer of ownership - A6Y4Q3,2,2,2,340.0,650,689
3883549,C02699-1 CER - Letter - Financial Resource Requirements - FRP - A6Z4W5,2,2,2,300.5,552,627
3883550,C02699-2 REC - Lettre - Matière de ressources financières - FRP - A6Z4W4,2,2,2,355.5,626,735
3883810,C02702-2 REC - Lettre - Matiére de ressources financières - A6Z4X8,3,3,3,227.33333333333334,556,636
3884082,C02702-1 CER - Letter - Financial Resource Requirements - A6Z4X9,3,3,3,187.33333333333334,471,523
3891957,C03375-1 CER - Letter - Cenovus Energy - Financial Resource Requirements - Confidentiality - A7A5E1,1,1,1,299.0,260,327
3893410,C03376-1 CER - Letter - Campus Energy Partners - Financial Resource Requirements - Confidentiality - A7A5E4,1,1,1,289.0,250,318
3893415,C03378-1 CER - Letter - FortisBC - Financial Resource Requirements - Confidentiality - A7A5F2,1,1,1,288.0,248,316
3894878,C03760-1 CER - Letter - Centra Transmission - FRR - IR No. 3 - A7C0L5,1,1,1,294.0,241,321
3894879,C03760-2 CER - IR No. 3 - Centra Transmission - FRR - A7C0L6,3,3,3,207.33333333333334,589,592
3896673,C03971-1 CTHI IR Cover Letter - A7C4F2,1,1,1,170.0,169,169
3896674,C03971-2 2019 01 07 CTHI IR response to NEB IR#3 with Certificate of Insurance - A7C4F3,4,4,4,117.0,1230,1483
3898994,C04197-1 CER - Letter - 6720471 Canada Ltd. - Financial Resource Requirements - A7C7J1,3,3,3,363.6666666666667,1088,1114
3899301,C04271-1 Encana Ltr - Change in Corporate Structure (File OF-Gen-06 FRR) January 23 2020 (Final) - A7C8H9,1,1,1,0.0,277,225
3902147,C04551-1 Letter to CER re Parental Guarantee (2020-02-05) - A7D2C9,1,1,1,272.0,216,210
3911706,C05183-1 Letter to CER re Express Annual Update to Financial Resource Requirement Plan - A7E1Q8,1,1,1,274.0,250,247
3911707,C05183-2 Financial Resource Plan Update (Express) - As of December 31 2019 - A7E1Q9,1,1,1,340.0,327,391
3911782,C05181-1 Letter to CER re EPI Annual Update to Financial Resource Requirement Plan - A7E1Q4,1,1,1,186.0,160,159
3911783,C05181-2 Financial Resource Plan Update (EPI) - As of December 31 2019 - A7E1Q5,1,1,1,287.0,274,337
3913831,C05753-2 Enbridge (NW) Annual Update to Financial Resources Plan - A7E8Y6,2,2,2,228.5,406,470
3914188,C05751-1 Letter to CER re Enbridge Bakken Annual Update to Financial Resources Plan - A7E8Y0,1,1,1,190.0,166,175
3914189,C05751-2 Enbridge Bakken Annual Update to Financial Resources Plan - A7E8Y1,2,2,2,233.5,395,490
3914191,C05753-1 Letter to CER re Enbridge (NW) Annual Update to Financial Resources Plan - A7E8Y5,1,1,1,182.0,157,155
3914193,C05754-1 Letter to CER re Enbridge Southern Lights Annual Update to Financial Resources Plan - A7E8Y8,1,1,1,193.0,168,156
3914194,C05754-2 Enbridge Southern Lights Annual Update to Financial Resources Plan - A7E8Y9,2,2,2,235.0,401,477
3915765,C05911-2 Genesis - Financial Resources Plan - Final - A7F0X7,6,6,6,203.0,1534,1567
3920835,C05934-1 Foothills - Financial Resources Plan Annual Update - A7F1H9,2,2,2,284.5,546,593
3920843,C05952-1 Letter to CER re 2193914 Annual Update to Financial Resources Plan - A7F1R4,1,1,1,172.0,148,155
3920844,C05952-2 2193914 Annual Update to Financial Resources Plan - A7F1R5,2,2,2,222.5,397,460
3920847,C05953-1 Letter to CER re Enbridge Gas Annual Update to Financial Resources Plan - A7F1R7,1,1,1,175.0,151,150
3920927,C05857-1 CHAMPION OF-Gen-06 FRR MiseàJour Plan ressources financières 23avril2020 - A7F0H3,6,6,6,217.0,1272,1371
3920966,C05921-1 CER Pipeline Financial Plan-Table 1 Annual submission - A7F1E9,2,2,2,143.0,242,273
3921380,C05911-1 Genesis Pipeline Canada Ltd - Financial Resources Plan Cover Letter - A7F0X6,1,1,1,376.0,342,373
3921381,C05911-3 Attachment 1 - Genesis Pipeline Canada Ltd 2020 Corporate Structure Chart - A7F0X8,2,2,2,84.0,57,16
3921382,C05911-4 Attachment 2 - Genesis Pipeline Canada Ltd 2020 Financial Resources Table - A7F0X9,2,2,2,88.0,131,198
3921401,C05935-1 GLC - Financial Resources Plan Annual Update - A7F1I1,2,2,2,286.5,549,607
3921409,C05953-2 Enbridge Gas Annual Update to Financial Resources Plan - A7F1R8,1,1,1,311.0,288,324
3921500,C05906-1 CER - Letter - Aurora Pipeline Company - Financial Resource Requirements - A7F0W3,1,1,1,309.0,310,335
3921552,C05970-1 2020 04 - DUE Apr 30 - CER Pipeline Financial Resource - COI - final - A7F1W1,5,5,5,151.0,887,916
3922720,C06060-1 Letter to CER re Alliance Annual Update to Financial Resources Plan - A7F3C4,1,1,1,223.0,199,206
3923018,C06001-1 200429 CER FinReq HIPCO Financial Res Plan FF - A7F2E0,5,5,5,242.66666666666666,1032,1115
3923151,C06008-2 HOOL Financial Responsibility Letter April 30 2020 - A7F2F6,1,1,1,300.0,297,296
3923152,C06008-3 CER Financial Resource Plan Table 1 - HOOL 2020 - A7F2F7,1,1,1,112.0,114,159
3923191,C06060-2 Attachment 1 - Alliance Annual Update to Financial Resources Plan - A7F3C5,1,1,1,309.0,284,140
3923192,C06060-7 Attachment 6 - AM Best Rating - A7F3D0,2,2,2,141.5,237,238
3923566,C06008-1 Cover Letter - A7F2F5,1,1,1,120.0,122,118
3923610,C06060-3 Attachment 2 - Alliance Certificate of Insurance - A7F3C6,2,2,2,281.5,441,435
3923611,C06060-4 Attachment 3 - Alliance Certificate of Insurance - A7F3C7,2,2,2,213.0,345,339
3923612,C06060-5 Attachment 4 - Alliance Certificate of Insurance - A7F3C8,1,1,1,404.0,400,411
3923613,C06060-6 Attachment 5 - Alliance Certificate of Insurance - A7F3C9,1,1,1,295.0,249,264
3932290,C06569-1 Foothills Financial Resources Plan Annual Reporting 2020 - Insurance Renewals - A7G0A3,5,5,5,257.6666666666667,1271,1350
3932404,C06570-1 GLC Financial Resources Plan Annual Reporting 2020 - Insurance Renewals - A7G0A5,5,5,5,258.3333333333333,1262,1353
3933701,C06752-1 ARC Resources Ltd. Pipeline Financial Resources Plan OF-GEN-06 FRR JUN 09 2020 - A7G2Q2,6,6,6,292.0,1530,1549
3933974,C06728-1 CER - Financial Resource Requirements - Annual Reporting - A7G2G2,3,3,3,275.3333333333333,732,854
3933975,C06728-2 REC - Lettre - exigences en matière de ressources financières - Rapport annuel - A7G2G1,3,3,3,299.6666666666667,865,924
3934540,C06975-1 CER e filing Annual Update fin res plan 1057533 Alberta Ltd June 2020 - A7G5T3,4,4,4,0.0,827,843
3934613,C06951-1 Enclosure re. Financial Resource Plan - 2020 Annual Update (6720471 Canada Ltd.) - A7G5J2,5,5,5,132.66666666666666,649,682
3934739,C06998-1 Glenogle - Annual Reporting Submission CER - June 29 2020 with attachs - A7G6D6,13,13,13,78.0,2720,3336
3934858,C06976-1 Aurora Pipeline Financial Resources Letter - June - A7G5T5,4,4,4,260.6666666666667,1294,1287
3934867,C06996-2 2020-06-25 Attachment -AltaGas Annual Report 2019 - A7G6D2,144,144,144,195.66666666666666,70492,71086
3934968,"C06976-2 Corporate Structure - As at December 31, 2019 - A7G5T6",2,2,2,15.5,31,31
3934969,C06976-4 PAA Outgoing PG - Aurora CER May 4 2020 - A7G5T8,3,3,3,407.0,1221,1221
3934970,"C06976-5 Plains All Amercan Pipeline LP Form 10-K December 31, 2019 - A7G5T9",225,225,224,173.0,122434,122988
3934971,"C06976-6 Plains All American Pipeline LP Form 10-Q March 31, 2020 - A7G5U0",77,77,77,321.6666666666667,36743,36459
3934984,C06996-1 2020-06-25 CER Financial Resources Plan Final Pkg 2020 - signed - A7G6D1,13,13,13,122.0,3437,3465
3935072,C06976-3 Credit Ratings - PAA - A7G5T7,1,1,1,15.0,187,15
3945903,C07042-1 File OF-Gen-06 FRR Enercapita Energy Ltd. Financial Resources Plan 0620 - A7G6S7,2,2,2,141.0,282,314
3945904,C07042-2 File OF-Gen-06 FRR Certificate of Insurance - A7G6S8,2,2,2,274.5,517,548
3946131,C07045-1 Campus Energy NEB FRR- Cover Letter- File OF-Gen-06 FRR. - A7G6T5,1,1,1,153.0,129,128
3946132,C07045-2 Campus Energy NEB FRR- LetterR- File OF-Gen-06 FRR - A7G6T6,2,2,2,141.5,158,335
3946133,C07045-3 Campus Energy NEB FRR- Insurance Cert- File OF-Gen-06 FRR. - A7G6T7,1,1,1,649.0,594,657
3946337,C07023-1 CMPL Financial Resource Plan OF-GEN-06 FRR - A7G6K1,2,2,2,0.0,360,383
3946452,C07030-1 File OF-Gen-06 FRR EBPC Financial Resource Plan Update June 29 2020 - A7G6L9,4,4,4,82.33333333333333,1238,1467
3954129,C07748-1 CER – Letter – Aurora Pipeline – FRR – Conditional Approval - A7H7A2,2,2,2,164.5,326,355
3954132,C07749-1 CER – Letter – Centra Transmission – FRR – Conditional Approval - A7H7A4,3,3,3,457.0,1383,1397
3954316,C07747-1 CER – Letter – 1057533 Alberta – FRR – Conditional Approval - A7H7A0,3,3,3,318.0,950,979
3954523,C07788-1 CER – Letter – Champion Pipe Line – FRR – Conditional Approval - A7H7Q5,2,2,2,214.5,427,453
3954524,C07788-2 REC – Lettre – Champion Pipe Line – FRR – Approbation conditionnelle - A7H7Q4,2,2,2,243.0,494,509
3962264,C08137-1 2020 09 02 Letter to CER Compliance Submission re Pipeline Financial Requirements - A7I2G5,2,2,2,160.5,300,318
3962265,C08137-2 2020 09 02 Certificate of Insurance Redacted - A7I2G6,2,2,2,0.0,597,827
3962266,C08137-3 2020 09 02 SLC Amendment - A7I2G7,1,1,1,38.0,64,43
3962922,C08134-2 Parent Company Guarantee 1057533 Alberta Ltd Harvest Sept 2020 - A7I2F3,5,5,5,0.0,1458,1441
3963053,C08134-1 Cover ltr Sept 2020 1057533 Alberta Ltd re CER filing Fin Res Plan - A7I2F2,2,2,2,0.0,390,389
3967210,C08539-1 CER - Letter - Bow River Energy Ltd. - Financial Resources Requirements - A7I7U0,2,2,2,216.0,429,457
3972944,C08773-1 CHAMPION OF-Gen-06 FRR Confirmation MargeDeCrédit 07octobre2020 - A7J1W0,1,1,1,288.0,269,278
4034573,C10692-1 File-OF-Gen- FRP Notification - A7Q1I9,1,1,1,168.0,170,169
4041770,C11489-1 Commission – Letter – Gear Energy Ltd. – Financial Resource Requirements – Order FRO-003-2021 - A7R2L7,2,2,2,373.5,612,774
4041771,C11489-2 Commission – Lettre – Gear Energy Ltd. - exigences en matière de ressources financières – Ordonnance FRO-003-2021 - A7R2L6,2,2,2,452.5,765,932
4041772,C11489-3 Commission – Order FRO-003-2021 – Gear Energy Ltd. – Financial Resource Requirements - A7R2L9,1,1,1,295.0,296,295
4041773,C11489-4 Commission – Ordonnance FRO-003-2021 – Gear Energy Ltd. - exigences en matière de ressources financières - A7R2L8,1,1,1,332.0,333,332
4049586,C11725-1 Absolute Liability Limit Filing - A7R5W1,2,2,2,156.5,307,341
4049587,C11725-2 County of Vermilion River Dec 31 2019 Financial Statement - A7R5W2,27,27,27,0.0,7565,7349
4049660,C11618-1 2021-02-23 Absolute Liability Limit Reporting - A7R4H9,2,2,2,182.5,357,399
4049686,C11673-1 2021 26 02 CER Pipeline Financial Requirements CTHI SB LOC - A7R5F6,3,3,3,180.0,570,545
4081157,C11940-2 EPI Annual Update to Financial Resources Plan - A7R8Z7,1,1,1,368.0,346,391
4081253,C11941-2 Express Annual Update to Financial Resources Plan - A7R9A0,2,2,2,246.0,427,501
4082239,C11940-1 Letter to CER re EPI Annual Update to Financial Resource Requirement Plan - A7R8Z6,1,1,1,185.0,159,178
4082341,C11941-1 Letter to CER re Express Annual Update to Financial Resource Requirement Plan - A7R8Z9,1,1,1,344.0,319,317
4085650,C12218-1 Commission – Letter - Centra Transmission Holdings – Financial Resources Plan - A7S3H5,3,3,3,402.6666666666667,1205,1231
4087438,C12458-1 Commission - Letter – Financial Resource Requirements – Annual Reporting – Confidentiality - A7S7C3,3,3,3,370.0,1107,1133
4087439,C12458-2 Commission – Lettre - Exigences relatives aux ressources financières des sociétés pipelinières - Rapports annuels – confidentialité - A7S7C2,4,4,4,266.6666666666667,1267,1285
4088017,C12532-1 2021 04 23 SLC CTHI Filing CER - A7S8G1,2,2,2,123.5,266,253
4091310,C12642-1 Letter to CER re 2193914 Annual Update to Financial Resources Plan - A7T0C3,1,1,1,172.0,148,155
4091326,C12686-1 Foothills - Financial Resources Plan Annual Update - A7T0W1,2,2,2,291.5,553,603
4091382,C12774-1 Letter to CER re Express Replacement of Credit Agreement - A7T2I0,1,1,1,267.0,241,240
4091383,C12774-2 Express and Enbridge Inc. - Draft Intercompany Credit Agreement - A7T2I1,27,27,27,286.0,11145,11153
4091415,C12645-1 Letter to CER re Enbridge Gas Annual Update to Financial Resources Plan - A7T0D4,1,1,1,175.0,151,150
4091416,C12645-2 Enbridge Gas Annual Update to Financial Resources Plan - A7T0D5,1,1,1,307.0,282,320
4091523,C12624-1 FinancialResourcesPlanAnnualUpdate - A7S9W7,5,5,5,214.0,1181,1400
4091529,C12638-1 CER Table 1- Financial Resources Plan - A7T0A4,2,2,2,145.5,267,278
4091532,C12647-1 Letter to CER re Enbridge Southern Lights Annual Update to Financial Resources Plan - A7T0E0,1,1,1,193.0,167,166
4091633,C12647-2 Enbridge Southern Lights Annual Update to Financial Resources Plan - A7T0E1,2,2,2,233.5,396,482
4091677,C12759-1 OF-Gen-06 FRR HOOL Financial Responsibility Letter April 30 2021 - A7T2E1,3,3,3,178.0,536,657
4091698,C12792-1 File OF-Gen-06 FRR Enercapita Energy Ltd. Financial Resources Plan 0421 - A7T2R2,2,2,2,141.5,282,318
4091725,C12606-1 Financial Resources Plan cover letter - April 2021 - A7S9S1,1,1,1,362.0,332,362
4091726,C12606-2 Genesis Financial Resources Plan 2021 - A7S9S3,6,6,6,189.33333333333334,1573,1572
4091727,C12606-3 Attachment 1 - Genesis Pipeline Canada Ltd 2021 Corporate Structure Chart - A7S9S4,2,2,2,58.5,16,16
4091744,C12631-1 2020 04 28 Pipeline Financial Requirement Annual Compliance Filing - A7S9Y4,4,4,4,88.33333333333333,933,1146
4091815,C12792-2 CER COI 2020 2021 - A7T2R3,2,2,2,293.0,549,571
4091850,C12643-2 Enbridge Bakken Annual Update to Financial Resources Plan - A7T0C7,2,2,2,232.0,392,487
4091856,C12646-1 Letter to CER re Enbridge (NW) Annual Update to Financial Resources Plan - A7T0D7,1,1,1,182.0,156,155
4091857,C12646-2 Enbridge (NW) Annual Update to Financial Resources Plan - A7T0D8,2,2,2,227.5,405,468
4091942,C12587-1 210426 CER FinReq HIPCO Financial Resources Plan FF - A7S9J5,6,6,6,85.0,1216,1274
4091946,C12606-4 Attachment 2 - Genesis Pipeline Canada Ltd 2021 Financial Resources Table - A7S9S6,2,2,2,90.0,135,202
4091967,C12635-1 Glenogle - Annual Reporting Submission CER - 2021 - A7S9Z4,13,13,13,22.0,2546,3074
4091971,C12643-1 Letter to CER re Enbridge Bakken Annual Update to Financial Resources Plan - A7T0C6,1,1,1,190.0,165,163
4091992,C12687-1 GLC - Financial Resources Plan Annual Update - A7T0W3,2,2,2,293.5,554,609
4092010,C12736-1 2021-04-30 CER Financial Resources Plan-AltaGasFile OF-Gen-06 FRR - A7T1Q6,13,13,13,103.33333333333333,3289,3331
4092044,C12779-1 Pipeline Financial Resources Requirements Annual Report - Redacted - A7T2J2,2,2,2,178.0,219,423
4092045,C12572-1 ARC Resources Ltd. Pipeline Financial Resources Plan OF-GEN-06 FRR APR 26 2021 - A7S9E2,6,6,6,396.0,1779,1802
4092065,C12606-5 Certificate of Insurance for Genesis Pipeline Canada Ltd - redacted - A7S9S7,4,4,4,285.0,926,972
4092080,C12642-2 2193914 Annual Update to Financial Resources Plan - A7T0C4,2,2,2,221.0,392,457
4093586,C12725-1 CHAMPION OF-Gen-06 FRR MiseàJour Plan ressources financières 30avril2021 - A7T1K3,6,6,6,160.33333333333334,1088,1201
4093622,C12785-1 File OF-Gen-06 FRR EPBC Financial Resource Plan Update April 30 2021 - A7T2L3,4,4,4,342.0,1210,1483
4093696,C12757-1 Letter to CER re Alliance Annual Update to Financial Resources Plan - A7T2D1,1,1,1,223.0,199,206
4093697,C12757-2 Attachment 1 - Alliance Annual Update to Financial Resources Plan - A7T2D2,1,1,1,256.0,231,234
4093698,C12757-3 Attachment 2 - Alliance Updated Certificate of Insurance - A7T2D3,1,1,1,424.0,381,417
4093699,C12757-4 Attachment 3 - Alliance Updated Certificate of Insurance - A7T2D4,2,2,2,281.5,439,461
4093700,C12757-5 Attachment 4 - AM Best Rating - A7T2D5,1,1,1,158.0,135,136
4093989,C12779-2 Campus Energy Certificate of Insurance - A7T2J3,1,1,1,649.0,594,1004
4094744,C13088-1 ARC Resources Ltd. FRP OF-Fac-Gas-A083-2021-01-01 Amended May 10 2021 - A7T6F1,15,15,15,386.3333333333333,6250,6572
4097908,C13235-1 Financial Resources Plans - Request for Confidential Treatment - A7T8S8,4,4,4,362.6666666666667,1390,1444
4102364,C13676-1 Cenovus Energy Financial Requirements 2021 - A7U5X2,5,5,5,153.0,782,761
4105518,C14150-1 February Application to exempt Pipeline Financial Requirements - A7V3E7,2,2,1,140.5,281,283
4105694,C14150-2 Group 2 Abandonement Cost ACE REview response letter - A7V3E8,1,1,1,442.0,426,443
4105695,C14150-3 Letter accompanying Invoice 2021 Abandonment - A7V3E9,2,2,2,0.0,355,346
4105696,C14150-4 Invoice Aband 2021 - A7V3F0,2,2,2,0.0,600,612
4134927,C14592-2 Commission – IR No. 1 – Gear Energy – Financial Resource Requirement – Risk Value - A7W0E5,1,1,1,404.0,393,397
4135388,C14592-1 Commission – Letter – Gear Energy – Financial Resource Requirements – IR No. 1 - A7W0E4,1,1,1,302.0,246,328
4142685,C14782-1 Gear Energy Ltd. Answer to Letter and Financial Resource Plan - A7W2Y4,4,4,4,294.6666666666667,1334,1339
4146784,C14977-1 Foothills - Insurance Renewal - A7W6C7,7,7,7,253.33333333333334,1482,1578
4146785,C14978-1 GLC - Insurance Renewal - A7W6C9,7,7,7,254.33333333333334,1490,1585
4146867,C14942-1 6720471 Canada Ltd. - Letter to CER Enclosing FRP - A7W5K5,5,5,5,148.0,748,744
4168627,C16772-1 Letter to CER re Express Replacement of Credit Agreement - Executed - A7Z5W1,1,1,1,199.0,173,172
4168987,C16772-2 Replacement Intercompany Credit Agreement – Executed Version - A7Z5W2,27,27,27,276.3333333333333,11207,11213
4171704,C16781-1 Commission - Letter - Enercapita Energy - Financial Resource Requirements - Financial Resources Plan - A7Z6G6,1,1,1,191.0,191,217
4171705,C16781-2 Commission - IR No. 1 - Enercapita Energy Ltd. - Financial Resource Requirements - Financial Resources Plan - A7Z6G7,1,1,1,310.0,298,301
4193941,C17015-2 Enercapita COI Sep 2021 - A7Z9U3,2,2,2,289.0,580,583
4194260,C17015-1 File OF-GEN-06 FRR Enercapita Energy Ltd. Financial Resources Plan update 1 - A7Z9U2,2,2,2,152.0,292,349
4194665,C16931-1 Annual Update to Financial Resources Plan - December 21 2021 - 1057533 Alberta Ltd - A7Z8K9,5,5,5,163.66666666666666,836,868
4194673,C16942-1 Crescent Point File OF-Gen-06 FRR Final Dec 2021 - A7Z8S6,5,5,5,192.66666666666666,1291,1373
4205309,C17694-1 2022 CER Absolute Liability Limit - A8A9K3,3,3,3,166.33333333333334,484,550
4205337,C17761-1 CER Pipeline Financial Resource Requirements Filing - Feb 17 2022 File OF-Gen-06 FRR - A8C0G7,3,3,3,154.66666666666666,465,489
4206109,C17761-2 COI - Canada Energy Regulator - File OF-Gen-06 FRR - A8C0G8,2,2,2,206.5,407,413
4229962,C18111-1 resource request #1 - A8C5A2,2,2,2,214.5,406,420
4230275,C18103-1 Letter to CER re EPI Annual Update to Financial Resource Requirement Plan - A8C4Y0,1,1,1,185.0,160,158
4230276,C18103-2 EPI Annual Update to Financial Resources Plan - A8C4Y1,1,1,1,366.0,343,389
4230391,C18104-1 Letter to CER re Express Annual Update to Financial Resource Requirement Plan - A8C4Y3,1,1,1,243.0,218,228
4230392,C18104-2 Express Annual Update to Financial Resources Plan - A8C4Y4,2,2,2,243.5,425,493
4230607,C18111-2 Mercer Wilde Sept 2021 Audit - A8C5A3,15,15,15,0.0,3541,3495
4230608,C18111-3 sample insurance 2022 - A8C5A4,2,2,2,0.0,473,472
4242002,C18523-1 Financial Resources Plan Table 1 - A8D0V0,2,2,2,144.0,264,278
4243454,C18520-1 6720471 Canada Ltd. - Letter to CER Enclosing FRP - A8D0U2,5,5,5,132.66666666666666,748,736
4243680,C18685-1 Genesis Pipeline Canada - Financial Resources Plan submission cover letter - A8D2X9,1,1,1,361.0,329,361
4243749,C18641-1 File OF-Gen-06 FRR Finance Update 2022 - A8D2G3,3,3,3,224.33333333333334,676,684
4243750,C18641-2 Certificate of Insurance (COI) - CER - A8D2G4,2,2,2,292.0,575,647
4243920,C18582-1 220414 CER FinReq HIPCO Financial Resources Plan FF - A8D1Q6,5,5,5,85.0,833,897
4244226,C18685-2 Genesis Pipeline Canada Ltd - 2022 Financial Resources Plan - A8D2Y0,6,6,6,224.0,1654,1651
4244227,C18685-3 Attachment 1 - Corporate Structure Diagram - A8D2Y1,1,1,1,101.0,5,5
4244228,C18685-4 Attachment 2 - Genesis Financial Resources Table - A8D2Y2,1,1,1,168.0,123,190
4244229,C18685-5 Certificate of Insurance - 320009152528 Redacted - A8D2Y3,4,4,4,267.6666666666667,885,901
4244399,C18844-1 Letter to CER re Enbridge Bakken Annual Update to Financial Resources Plan - A8D5G7,1,1,1,190.0,165,163
4244400,C18844-2 Enbridge Bakken Annual Update to Financial Resources Plan 2022 - A8D5G8,2,2,2,234.0,397,489
4245378,C18923-1 File OF-Gen-06 FRR - Financial Resources Plan Annual Update 2022 - A8D6J4,5,5,5,230.0,1238,1270
4245406,C18770-1 ARC Resources Ltd. Pipeline Financial Resources Plan APR 26 2022 - A8D4E2,7,7,7,328.0,1795,1812
4245447,C18851-1 2022 04 28 Pipeline Financial Requirement Annual Compliance Filing Executed - A8D5I9,3,3,3,125.66666666666667,824,762
4245450,C18856-1 Letter to CER re Enbridge Gas Annual Update to Financial Resources Plan - A8D5K2,1,1,1,175.0,151,158
4245451,C18856-2 Enbridge Gas Inc. Annual Update to Financial Resources Plan 2022 - A8D5K3,1,1,1,308.0,284,320
4245507,C18799-2 Annual FRP Update - PMCULC and Aurora 1 - A8D4Q9,2,2,2,408.0,818,1969
4245508,C18799-3 PAA 2021 10-K (As Filed) - A8D4R0,229,229,229,457.6666666666667,128183,126066
4245570,C18908-1 GLC Financial Resources Plan Annual Update - A8D6C7,3,3,3,203.66666666666666,558,620
4245654,C18902-1 Letter - A8D6A3,97,97,97,225.66666666666666,38476,38909
4245702,C18799-1 CER Financial Resources Requirements Letter 2021 Aurora - A8D4Q8,1,1,1,232.0,233,232
4245731,C18845-1 Letter to CER re Enbridge (NW) Annual Update to Financial Resources Plan - A8D5H0,1,1,1,182.0,157,155
4245732,C18845-2 Enbridge (NW) Annual Update to Financial Resources Plan 2022 - A8D5H1,2,2,2,229.5,407,470
4245852,"C18920-1 EPBC Financial Resource Plan Update April 30, 2022 Signed - A8D6G8",4,4,4,231.0,1106,1151
4245905,C18847-1 Letter to CER re Enbridge Southern Lights Annual Update to Financial Resources Plan - A8D5H6,1,1,1,193.0,168,166
4245906,C18847-2 Enbridge Southern Lights Annual Update to Financial Resources Plan 2022 - A8D5H7,2,2,2,235.5,400,492
4245908,C18853-1 Letter to CER re 2193914 Annual Update to Financial Resources Plan - A8D5J4,1,1,1,172.0,148,155
4245909,C18853-2 2193914 Annual Update to Financial Resources Plan 2022 - A8D5J5,2,2,2,221.0,396,457
4245920,C18903-1 CHAMPION OF-Gen-06 FRR MiseàJour Plan ressources financières 29avril2022 - A8D6A5,6,6,6,141.33333333333334,997,1116
4245924,C18907-1 Foothills Financial Resources Plan Annual Update - A8D6C5,3,3,3,202.33333333333334,552,630
4246021,C18918-1 Letter to CER re Alliance Annual Update to Financial Resources Plan - A8D6G2,1,1,1,262.0,238,245
4246022,C18918-2 Attachment 1 - Alliance Annual Update to Financial Resources Plan 2022 - A8D6G3,1,1,1,221.0,189,119
4246023,C18918-3 Attachment 2 - Alliance Updated Certificate of Insurance - A8D6G4,2,2,2,295.5,453,454
4246222,C19003-1 Letter to CER re Alliance Certificate of Insurance follow-up - A8D7R5,1,1,1,207.0,183,190
4246223,C19003-2 Attachment 1 - Alliance Updated Certificate of Insurance - A8D7R6,1,1,1,360.0,317,398
4246224,C19003-3 Attachment 2 - AM Best Rating - A8D7R7,1,1,1,419.0,397,366
4246429,C19040-1 2022 OF-Gen-06 FRR Husky Oil Operations Limited - A8D8C5,3,3,3,269.3333333333333,805,859
4247682,C19394-2 Exigences relatives aux ressources financières des sociétés pipelinières Chief Mountain Gas Co-op Ltd. Plan relatif aux ressources financières - A8E3H1,2,2,2,252.5,503,525
4247803,C19394-1 Pipeline Financial Resources Requirements Chief Mountain Gas Co-op Ltd. - Financial Resource Plan - A8E3H2,2,2,2,227.0,437,498
4248028,C19381-1 Cenovus Energy Inc. CER FRP 2022 - A8E3D9,5,5,5,0.0,829,784
4248136,C19414-1 Foothills Insurance Renewal - A8E3R4,7,7,7,253.0,1487,1582
4248227,C19415-1 GLC Insurance Renewal - A8E3R6,7,7,7,254.0,1495,1595
4252250,C19917-1 Campus Energy FRR - Redacted - A8F0C0,2,2,2,0.0,232,322
4252610,C19917-2 COI - A8F0C1,1,1,1,649.0,594,1007
4262742,C20809-1 Sunoco Pipeline LP Response to CER IR No. 1 (File OF-Gen-06 FRR) (7 September 2022) - A8G3G5,3,3,3,349.3333333333333,941,1032
4272316,C21222-1 Sunoco Pipeline LP Supplemental Response to CER IR No. 1 (File OF-Gem-06 FRR) (3 October 2022)(45902507.1) - A8H0S0,7,7,7,128.0,1228,1447
4287554,C22153-1 REM2022-029 - Supplemental Information - Complément d’information - 2022-11-16 1215 - A8I6Q5,3,3,3,159.66666666666666,472,479
4305457,C23152-1 Annual Update Financial Resources Plan 2022 1057533 Alberta Ltd - A8K2C7,5,5,5,0.0,1103,1126
4305758,C23151-1 File OF-GEN-06 FRR Enercapita Energy Ltd. Financial Resources Plan 2022 - A8K2C5,4,4,4,278.3333333333333,860,913
4306109,C23232-1 Commission – Letter – Gear Energy – Implementation of Financial Resource Requirements – Amendment to Order - A8K3E8,4,4,4,369.3333333333333,1446,1665
4306209,C23232-2 Commission – Lettre – Gear Energy – Mise en œuvre des exigences en matière de ressources financières – Modification à l’ordonnance - A8K3E7,4,4,4,475.0,1709,1981
4306302,C23232-4 Commission – Ordonnance AO-001-FRO-003-2021 – Gear Energy – Mise en œuvre des exigences en matière de ressources financières – Modification à l’ordonnance - A8K3E9,2,2,2,196.5,390,390
4306490,C23232-3 Commission – Order AO-001-FRO-003-2021 – Gear Energy - Implementation of Financial Resource Requirements – Amendment to Order - A8K3F0,2,2,2,176.5,350,350
4328221,C23347-1 2023 CER Absolute Liability Limit Submission - signed - A8K5G4,2,2,2,196.0,381,439
4333670,C23584-1 Letter to CER re EPI Annual Update to Financial Resource Requirement Plan - A8K9H2,1,1,1,186.0,160,166
4334208,C23585-1 Letter to CER re Express Annual Update to Financial Resource Requirement Plan - A8K9H5,1,1,1,269.0,243,241
4334334,C23585-2 Express Annual Update to Financial Resources Plan 2023 - A8K9H6,2,2,2,243.0,423,493
4334461,C23584-2 EPI Annual Update to Financial Resources Plan 2023 - A8K9H3,1,1,1,365.0,344,390
4334545,C23569-1 File OF-GEN-06 FRR Absolute Liability - Financial Resources - A8K9C6,3,3,3,164.66666666666666,424,485
4360637,C23880-2 Appendix 1 - Summarized Table of the Updated FRP - A8L3Z6,1,1,1,426.0,397,444
4360638,C23880-3 Appendix 2 - Corporate Structure Diagram - A8L3Z7,1,1,1,70.0,16,16
4360639,C23880-4 Appendix 3- Draft Intercompany Credit Agreement - A8L3Z8,27,27,27,296.6666666666667,11103,11127
4360674,C23742-1 Information Request Response - A8L2A7,13,13,13,257.3333333333333,3323,3637
4360732,C23880-1 Letter to CER re EPI Financial Resources Plan Change - A8L3Z5,1,1,1,336.0,308,332
4360754,C23929-1 Cenovus Energy Response to CER Request for Information No. 1 2023 04 05 - A8L4T3,1,1,1,153.0,154,136
4361046,C23882-2 Appendix 1 - Summarized Table of the Updated FRP - A8L4A3,2,2,2,232.5,422,475
4361047,C23882-3 Appendix 2 - Corporate Structure Diagram - A8L4A4,1,1,1,95.0,21,21
4361048,C23882-4 Appendix 3 - Draft Intercompany Credit Agreement - A8L4A5,27,27,27,296.3333333333333,11102,11128
4361049,C23882-5 Appendix 4 - Completed Annual Financial Resources Requirements Reporting Form - A8L4A6,2,2,2,185.0,305,314
4361173,C23882-1 Letter to CER re Enbridge Gas Financial Resources Plan Change - A8L4A2,2,2,2,172.5,317,345
4364485,C24101-1 ARC Resources Ltd. Pipeline Financial Resources Plan APR 20 2023 - A8L7E0,7,7,7,112.66666666666667,1865,1877
4364841,C24041-1 6720471 Canada Ltd. - Letter to CER Enclosing FRP - A8L6H6,5,5,5,151.0,771,819
4364865,C24071-1 Genesis Pipeline Canada Ltd - Request for confidential filings - A8L6U9,2,2,2,369.0,705,738
4364979,C24118-1 CHAMPION OF-Gen-06 FRR MiseàJour Plan ressources financières 21avril2023 - A8L7J1,8,8,8,189.66666666666666,1594,1679
4364989,C24129-1 2023 04 24 Pipeline Financial Requirement Annual Compliance Filing Executed - A8L7Q6,6,6,6,228.66666666666666,1207,2126
4365086,C24167-5 NCC Corporate Structure Chart - A8L8E2,1,1,1,103.0,5,5
4365087,C24167-6 NOVA Chemicals COI for CER Insurer Redacted - A8L8E3,4,4,4,230.33333333333334,763,799
4365107,C23979-1 File OF-GEN-06 FRR Enercapita Energy Ltd. Financial Resources Plan 2023 - A8L5I8,4,4,4,304.3333333333333,1088,1089
4365156,C24067-1 Genesis Response to conditional approval of Financial Resources Plan - A8L6T9,2,2,2,285.0,528,567
4365189,C24130-1 Letter to Astara Energy Corp. - Implementation of Financial Resources Requirements - A8L7Q8,2,2,2,154.5,307,333
4365190,C24130-2 Canada Energy Regulator - Implementation of Financial Resources Requirements Information Request No. 1 to Astara Energy Corp. - A8L7Q9,4,4,4,299.3333333333333,1240,1250
4366100,C24159-1 230425 CER FinReq HIPCO Financial Res Plan FF - A8L7Z8,8,8,8,209.0,1316,1479
4366112,C24183-1 2023 Submission AltaGas File OF-Gen-06 FRR (part 1) - signed - A8L8I7,177,177,177,229.0,77959,78859
4366146,C24228-1 Letter to CER re 2193914 Annual Update to Financial Resources Plan - A8L9D5,1,1,1,127.0,103,110
4366147,C24228-2 Attachment 1 - 2193914 Annual Update to Financial Resources Plan 2023 - A8L9D6,2,2,2,227.5,397,469
4366150,C24231-1 Letter to CER re Enbridge (NW) Annual Update to Financial Resources Plan - A8L9E3,1,1,1,135.0,110,116
4366151,C24231-2 Attachment 1 - Enbridge (NW) Annual Update to Financial Resources Plan 2023 - A8L9E4,2,2,2,232.5,406,479
4366152,C24231-3 Attachment 2 - Enbridge (NW) Annual Financial Resources Reporting Form 2023 - A8L9E5,2,2,2,184.5,306,314
4366153,C24233-1 Letter to CER re Enbridge Southern Lights Annual Update to Financial Resources Plan - A8L9F1,1,1,1,145.0,120,126
4366154,C24233-2 Attachment 1 - Enbridge Southern Lights Annual Update to Financial Resources Plan 2023 - A8L9F2,2,2,2,239.0,401,500
4366202,C24167-1 Genesis Financial Resources Plan cover letter - A8L8D8,2,2,2,290.5,549,583
4366203,C24167-2 Genesis - April 2023 Financial Resources Plan - A8L8D9,6,6,6,243.33333333333334,1729,1726
4366204,C24167-3 April 2023 Genesis Financial Resources Table - A8L8E0,1,1,1,168.0,123,190
4366205,C24167-4 2023 Annual financial resources requirements reporting form - A8L8E1,4,4,4,197.33333333333334,716,844
4366255,C24262-2 2021-81-Emera Brunswick Pipeline-His Majesty the King -Insurance Certificate - A8L9Q9,2,2,2,352.5,680,940
4366264,C24291-1 Financial Resources Plan-Table 1 - A8L9Y9,1,1,1,154.0,154,167
4366313,C24176-1 CPG -File OF-Gen-06 FRR Finance Update - A8L8H1,7,7,7,161.33333333333334,1636,1684
4366347,C24277-1 Foothills Financial Resources Plan Annual Update - A8L9V0,3,3,3,201.33333333333334,551,611
4366352,C24291-2 CNRL to CER Cover letter - A8L9Z0,1,1,1,129.0,105,106
4366377,C24105-1 FinancialResourcesPlanAnnualUpdate Complete 2023 - A8L7F6,5,5,5,298.0,1235,1424
4366424,C24228-3 Attachment 2 - 2193914 Annual Financial Resources Reporting Form 2023 - A8L9D7,2,2,2,190.5,312,342
4366547,C24233-3 Attachment 2 - Enbridge Southern Lights Annual Financial Resources Reporting Form 2023 - A8L9F3,2,2,2,204.0,335,344
4366564,"C24262-1 EPBC Financial Resource Plan Update April 28, 2023 - A8L9Q8",7,7,7,0.0,1367,1481
4366669,C24307-1 Sunoco Pipeline LP Financial Resources Plan - 2023 Annual Filing - A8Q0E6,260,260,260,466.3333333333333,160572,157599
4366734,C24232-1 Letter to CER re Enbridge Bakken Annual Update to Financial Resources Plan - A8L9E7,1,1,1,144.0,118,117
4366735,C24232-2 Attachment 1 - Enbridge Bakken Annual Update to Financial Resources Plan 2023 - A8L9E8,2,2,2,237.5,395,499
4366736,C24232-3 Attachment 2 - Enbridge Bakken Annual Financial Resources Reporting Form 2023 - A8L9E9,2,2,2,192.0,309,316
4366777,C24324-1 Letter to CER re Alliance Annual Update to Financial Resources Plan - A8Q0J6,1,1,1,142.0,118,125
4366778,C24324-2 Attachment 1 - Alliance Annual Update to Financial Resources Plan 2023 - A8Q0J7,1,1,1,174.0,141,133
4366779,C24324-3 Attachment 2 - Alliance Annual Financial Resources Reporting Form 2023 - A8Q0J8,2,2,2,193.0,320,321
4366780,C24324-4 Attachment 3 - Alliance Updated Certificates of Insurance - A8Q0J9,6,6,6,410.6666666666667,1568,1746
4366831,C24278-1 GLC Financial Resources Plan Annual Update - A8L9V2,3,3,3,202.66666666666666,554,617
4366886,C24296-1 CER FRR - Letter - Redacted - A8Q0A4,2,2,2,130.0,233,323
4366887,C24296-2 Insurance Certificate for CER - A8Q0A5,1,1,1,649.0,593,628
4366945,C24413-4 Appendix C - Engineering Assessment - A8Q1U8,18,18,18,221.0,4245,4458
4366989,C24301-1 Cenovus Energy Inc. Financial Resources Requirements Annual Reporting File OF-Gen-06 FRR - A8Q0C5,12,12,12,119.66666666666667,1863,1740
4366990,C24301-2 CENOENE 2023 70 REV1 Cenovus Energy Inc FRR Certificate of Insurance - A8Q0C6,2,2,2,241.0,444,535
4367216,C24413-1 OF-Fac-Gas-A813-2022-01 01 - A8Q1U5,13,13,13,35.666666666666664,1721,1700
4367217,C24413-2 Appendix A - Audited Financial Statements - A8Q1U6,29,29,29,346.3333333333333,12647,12692
4367218,C24413-3 Appendix B - Cert of Insurance - A8Q1U7,2,2,2,493.5,990,988
4370925,C24766-1 Letter - A8Q7A6,2,2,2,194.0,347,370
4372132,C24712-1 GLC Insurance Renewal - A8Q6I0,4,4,4,262.0,771,810
4372323,C24711-1 Foothills Insurance Renewal - A8Q6H8,4,4,4,260.3333333333333,765,806
4386791,REM2020-017 - Annual Update - Compte rendu annuel - 2023-06-27 1231 - A8R2C9,1,1,1,218.0,218,218
4386929,C25229-1 Commission – Letter – Astara Energy – Financial Resources Requirements – IR No. 2 - A8R2S4,2,2,2,169.0,341,366
4386930,C25229-2 Commission – IR No. 2 – Astara Energy – Financial Resources Requirements - A8R2S5,4,4,4,233.33333333333334,1017,1005
4387969,C25400-1 Annual Update Financial Resources Plan 1057533 July 2023 - A8R4S6,5,5,5,0.0,1104,1126
4388125,"C25479-1 EBPC File OF-Gen-06 FRR Insurance Cert. Update July 11, 2023 - A8R5R7",4,4,4,0.0,1119,1226
4388529,C25522-1 OF-Gen 06 - FRR No.2 - A8R6D6,8,8,8,125.33333333333333,1613,1621
4388530,C25522-2 2023-04-18 First Amended and Restated Credit Agreement - A8R6D7,154,154,154,205.0,70262,70374
4388665,C25570-1 Letter to Enbridge Gas Inc. - Pipeline Financial Resources Requirement - A8R6U6,2,2,2,360.5,719,742
4389832,C25554-1 Certificate of Liability Insurance - A8R6Q7,2,2,2,294.5,571,651
4389837,C25569-1 Letter to Enbridge Pipelines Inc. - Pipeline Financial Resources Requirements - A8R6U4,2,2,2,354.5,707,729
4397016,C25777-1 Cenovus Energy Inc. CER Financial Resources Plan - Information Request 2 - A8R9U6,4,4,4,220.0,1298,1229
4397029,C25802-1 Letter to CER re EPI Financial Resources Plan Change - Executed Agreement - A8S0C7,1,1,1,345.0,318,343
4397030,C25802-2 Enbridge Pipelines Inc - Intercompany Credit Agreement - A8S0C8,27,27,27,286.3333333333333,11051,11060
4397484,C25801-1 Letter to CER re Enbridge Gas Financial Resources Plan Change - Executed Agreement - A8S0C4,1,1,1,217.0,190,215
4397485,C25801-2 Enbridge Gas Inc - Intercompany Credit Agreement - A8S0C5,27,27,27,286.0,11033,11059
4402339,C26042-1 230901 HIPCO Financial Resources Req CER IR2 Response FF - A8S4A0,10,10,10,239.0,3068,2942
4406822,C26487-1 Letter to Campus Energy Partners Suffield L.P. - Financial Resources Requirements - A8T1S3,1,1,1,255.0,255,276
4406823,C26487-2 Information Request No. 1 to Campus Energy Partners Suffield L.P. - Financial Resources Requirements - A8T1S4,6,6,6,276.3333333333333,1831,1849
4411308,C26609-1 Genesis notification of material change per Pipeline Financial Requirements Regulations - A8T3T9,1,1,1,185.0,151,186
4411851,C25570 -2 Lettre à Enbridge Gas Inc. - Exigences relatives aux ressources financières des sociétés pipelinières,2,2,2,399.5,826,820
4411853,C25569-2 Lettre à Pipelines Enbridge Inc. - Exigences relatives aux ressources financières des sociétés pipelinières,2,2,2,389.5,777,800
4417209,C27101-1 Campus Energy Partners Operations Inc. FRR IR1 Response - Final - Redacted - A8U2U9,8,8,8,0.0,2609,2596
4417478,C27327-2 Lettre à Enbridge Gas Inc. - Exigences relatives aux ressources financières des sociétés pipelinières - A8U6K5,2,2,2,213.5,425,450
4417533,C27231-1 Genesis - FRP - Parental guarantee and COI cover letter - A8U4Y1,2,2,2,334.0,634,670
4417606,C27231-2 CER Parental Guarantee NCC Genesis - A8U4Y2,5,5,5,359.6666666666667,1810,1804
4417607,C27231-3 Genesis COI - June 2023 - redacted - A8U4Y3,4,4,4,237.33333333333334,797,845
4417846,C27327-1 Letter to Enbridge Gas Inc. - Pipeline Financial Resources Requirements - A8U6K6,2,2,2,173.5,345,372
4418095,C27328-1 Letter to Enbridge Pipelines Inc. - Pipeline Financial Resources Requirements - A8U6K9,2,2,2,224.5,447,474
4418096,C27328-2 Lettre à Enbridge Pipelines Inc. - Exigences relatives aux ressources financières des sociétés pipelinières - A8U6K8,2,2,2,283.0,564,586
4423059,C27443-1 Letter to Astara Energy Corp. - Financial Resources Plan - A8U8K8,3,3,3,300.3333333333333,838,915
4423060,C27443-2 Lettre à Astara Energy Corp. - Exigences relatives aux ressources financières des sociétés pipelinières - A8U8K7,3,3,3,385.3333333333333,1095,1163
4427059,C27757-1 REM2023-029 - Supplemental Information - Complément d’information - 2023-12-20 0304 - A8V3L4,4,4,4,127.66666666666667,556,760
4427497,C27763-1 Letter to CER re Notice of Transaction between Enbridge and Pembina - A8V3Q9,2,2,2,288.5,533,562
4427682,C27874-1 Letter - A8V5Q0,2,2,2,196.0,393,373
4437276,C28593-1 2024 CER Absolute Liability Limit Submission (part 1) - signed - A8W6E8,2,2,2,192.5,347,170
4438157,C28625-1 Cenovus Energy Inc. Request for Confidential Treatment - Line of Credit Information - A8W6U5,2,2,2,280.0,561,541
4438158,C28625-2 REDACTED - Cenovus Energy Inc. FRP IR2 Continuation - Line of Credit Information - A8W6U6,2,2,2,191.0,264,361
4439561,C28822-1 2023 Absolute Liability Limit Report - A8W9Y1,3,3,3,164.66666666666666,424,485
4440106,C13113-1 REM2021-023 - Supplemental Information - Complément d’information - A8X0Z4,2,2,2,226.0,449,449
4441913,C28945-4 Appendix D - Part of Exhibit 5 GH-6-79 Map Environmental Setting Proposed Maple to Lisgar Loop Sheet No. 3 (1) - A8X1U0,1,1,1,0.0,306,388
4441914,C28945-13 Appendix M - 2022.11.29 - TC Energy - Agreement - A8X1U9,13,13,13,202.0,4132,4094
4442138,C28945-1 RMPeel Application Authorization and Crossing TCPL 20240326 - A8X1T7,15,15,15,176.66666666666666,3045,3405
4442159,C28987-1 REM2021-064 - Supplemental Information - Complément d’information - A8X2I5,4,4,3,154.0,582,582
4442359,C28945-14 Appendix N - 2019.12.20 TCE to Peel Email - A8X1V0,4,4,4,304.0,1080,1078
4442456,C28945-5 Appendix E - Additional Information as Requested by the National Energy Boards Letter Dated September 10th 1979 (3) - A8X1U1,28,28,28,155.0,5781,5700
4442457,C28945-10 Appendix J - Ltr to Peel 15Mar2024 - A8X1U6,77,77,74,63.0,30507,25264
4442582,C28945-9 Appendix I - Peel Ltr to TC Energy Crossing 20240311 - A8X1U5,26,26,26,274.6666666666667,10036,10112
4442667,C29130-1 CER - Letter - Regional Municipality of Peel and TCPL – Application pursuant to subsection 335(4) of the Canadian Energy Regulator Act – Receipt of application and preliminary comments - A8X4K7,2,2,2,289.0,585,605
4442677,C28945-11 Appendix K - D-35538-1 Comparison - A8X1U7,34,34,34,195.66666666666666,9595,9747
4442801,C28945-6 Appendix F - RDX-203-L2-3 - A8X1U2,1,1,1,0.0,0,0
4442802,C28945-7 Appendix G - Map BCX-203-L2-3 - A8X1U3,1,1,1,461.0,232,552
4442803,C28945-8 Appendix H - Transcanada Pipelines Limited - Preliminary Listing of Cased Crossing Locations - A8X1U4,2,2,2,38.5,80,63
4442804,C28945-12 Appendix L - 2021.07.12 - TC Energy - Pre-Engineering Agreement - A8X1U8,8,8,8,313.6666666666667,2737,2732
4442873,C29066-1 Commission – Letter - FortisBC Huntingdon Inc. - Financial Resources Requirements – Review of Financial Resource Plan - A8X3L3,5,5,5,449.3333333333333,2207,2371
4442874,C29066-2 Commission – Lettre - FortisBC Huntingdon Inc. - Mise en œuvre des exigences en matière de ressources financières - Examen du plan relatif aux ressources financières - A8X3L2,6,6,6,379.3333333333333,2520,2728
4442884,C29099-2 Attachment 1 Alliance Financial Resources Plan - A8X3Z4,3,3,3,167.66666666666666,501,503
4442885,C29099-3 Attachment 2 Alliance Insurance - A8X3Z5,3,3,3,208.33333333333334,494,571
4442886,C29099-4 Attachment 3 Alliance Canadian Entities - A8X3Z6,1,1,1,15.0,8,8
4442903,C28945-2 Appendix B - Region road widening consultation with TCPL - A8X1T8,21,21,21,0.0,5769,5710
4442904,"C28945-3 Appendix C - Application to National Energy Board, Ottawa Ontario (2) - A8X1T9",5,5,5,171.33333333333334,971,1014
4444548,C29099-1 CER Notification Letter Alliance - A8X3Z3,2,2,2,301.5,577,578
4444595,C29191-1 TCPL Reply to RM of Peel Application - A8X5G6,76,76,76,208.0,32675,27378
4444804,C29237-1 RMPeel Reply Comments TCPL 20240416 - A8X5Z5,6,6,6,305.6666666666667,2104,2260
4448847,C29305-2 2024 Annual financial resources requirements reporting form - A8X7D5,4,4,4,220.0,859,981
4448848,C29305-3 2024 Genesis - 2024 Financial Resources Plan - A8X7D6,6,6,6,284.6666666666667,1789,1788
4448849,C29305-4 2024 Genesis Financial Resources Table - A8X7D7,1,1,1,165.0,120,187
4448850,C29305-5 NCC Corporate Structure Chart 5-15-2023 - A8X7D8,1,1,1,107.0,23,5
4448851,C29315-2 Attachment 1 - Enbridge Gas Annual Update to Financial Resources Plan 2024 - A8X7G3,2,2,2,221.0,383,454
4448852,C29315-3 Attachment 2 - Enbridge Gas Annual Financial Resources Reporting Form 2024 - A8X7G4,2,2,2,177.0,299,307
4448855,C29318-3 Attachment 2 - Enbridge (NW) Annual Financial Resources Reporting Form 2024 - A8X7H4,2,2,2,172.0,287,294
4448921,C29441-1 2024 Annual Financial Reporting AltaGas File OF-Gen-06 FR SIGNED - A8X9D0,182,182,182,315.6666666666667,81400,82235
4448961,C29305-1 2024 Genesis Financial Resources Plan cover letter - A8X7D4,1,1,1,306.0,267,298
4448965,C29320-2 Attachment 1 - EPI Annual Update to Financial Resources Plan 2024 - A8X7I1,1,1,1,402.0,374,421
4448966,C29320-3 Attachment 2 - EPI Annual Financial Resources Reporting Form 2024 - A8X7I2,2,2,2,201.0,349,334
4449010,C29411-1 Financial Resources Plan-Table 1 - A8X8T2,1,1,1,154.0,154,167
4449011,C29411-2 CNRL to CER cover letter - A8X8T3,1,1,1,129.0,105,106
4449037,C29459-1 240430 CER FinReq HIPCO Financial Resource Plan Revised FF - A8X9H8,8,8,8,176.0,1626,1776
4449188,C29327-1 Letter to CER re Express Annual Update to Financial Resource Requirement Plan - A8X7J9,1,1,1,135.0,110,108
4449189,C29327-2 Attachment 1 - Express Annual Update to Financial Resources Plan 2024 - A8X7K0,2,2,2,248.5,425,493
4449190,C29327-3 Attachment 2 - Express Annual Financial Resources Reporting Form 2024 - A8X7K1,2,2,2,181.0,293,300
4449212,C29392-1 Commission – Letter to The Regional Municipality of Peel – Application from the Regional Municipality of Peel involving TransCanada PipeLines Limited - A8X8I7,2,2,2,210.5,419,446
4449213,C29392-2 Commission – IR No 1 to The Regional Municipality of Peel – Application from the Regional Municipality of Peel involving TransCanada PipeLines Limited - A8X8I8,2,2,2,307.5,591,522
4449308,C29314-3 Attachment 2 - 2193914 Annual Financial Resources Reporting Form 2024 - A8X7G0,2,2,2,169.5,312,293
4449338,C29373-1 Foothills Financial Resources Plan Annual Update - A8X8D1,7,7,7,235.66666666666666,1293,1438
4449381,C29446-1 Energy Transfer Operations GP LLC (Sunoco Pipeline) - Financial Requirements Plan Update - A8X9E6,306,306,304,431.6666666666667,181482,182057
4449387,C29457-1 2024 04 30 CER FRP Filing - Alliance - A8X9H4,10,10,10,232.66666666666666,2844,2976
4449405,C29309-1 6720471 Canada Ltd. - Letter to CER Enclosing FRP (2024) - A8X7E8,9,9,9,214.0,1349,1461
4449408,C29315-1 Letter to CER re Enbridge Gas Annual Update to Financial Resources Plan - A8X7G2,1,1,1,134.0,110,117
4449409,C29317-1 FinancialResourcesPlanAnnualUpdate Complete 2024 - A8X7H0,5,5,5,244.66666666666666,1207,1409
4449411,C29320-1 Letter to CER re EPI Annual Update to Financial Resource Requirement Plan - A8X7I0,1,1,1,127.0,102,130
4449447,C29393-1 Commission – Letter to TransCanada PipeLines Limited – Application from the Regional Municipality of Peel involving TransCanada PipeLines Limited - A8X8J0,2,2,2,203.5,405,432
4449448,C29393-2 Commission – IR No 1 to TransCanada PipeLines Limited – Application from the Regional Municipality of Peel involving TransCanada PipeLines Limited - A8X8J1,2,2,2,305.0,586,587
4449460,C29404-1 File OF-GEN-06 FRR Enercapita Energy Ltd. Financial Resources Plan 2024 - A8X8R6,4,4,4,289.3333333333333,1041,1051
4449479,C29447-2 FRR Annual Reporting Form (002) vExe - A8X9E9,2,2,2,290.0,425,575
4449490,C29474-1 CHAMPION OF-Gen-06 FRR MiseàJour Plan ressources financières 30avril2024 - A8X9L3,7,7,7,164.0,1577,1685
4449518,C29312-1 ARC Resources Ltd. Pipeline Financial Resources Plan APR 24 2024 - A8X7F4,7,7,7,117.66666666666667,1895,1911
4449520,C29318-2 Attachment 1 - Enbridge (NW) Annual Update to Financial Resources Plan 2024 - A8X7H3,2,2,2,234.5,409,481
4449552,C29374-1 GLC Financial Resources Plan Annual Update - A8X8D3,7,7,7,221.33333333333334,1267,1417
4449630,C29314-1 Letter to CER re 2193914 Annual Update to Financial Resources Plan - A8X7F8,1,1,1,127.0,103,110
4449631,C29314-2 Attachment 1 - 2193914 Annual Update to Financial Resources Plan 2024 - A8X7F9,2,2,2,228.5,399,471
4449633,C29318-1 Letter to CER re Enbridge (NW) Annual Update to Financial Resources Plan - A8X7H2,1,1,1,135.0,109,116
4449688,C29477-1 Cenovus Energy Inc 2024 Financial Resources Plan - Annual Financial Resources Requirements Form and Table 1 - A8X9Q1,15,15,15,245.33333333333334,3960,4164
4449719,C29526-1 RMPeel Crossing Authorization IR REPSPONSE 20240503 - A8Y0H1,30,30,30,124.66666666666667,8480,6227
4449720,C29526-2 Appendix A - D-35538-1 - IR 1 Edit - 144518772 v1-RMPeel Crossing Authorization Draft 20240503 - A8Y0H2,59,59,51,178.66666666666666,13362,11334
4449721,C29526-3 Attachment B - Peel Correspondence re Technical Information - A8Y0H3,8,8,8,346.0,2439,2352
4449729,C29316-1 Letter to CER re Enbridge Bakken Annual Update to Financial Resources Plan - A8X7G6,1,1,1,144.0,119,117
4449730,C29316-2 Attachment 1 - Enbridge Bakken Annual Update to Financial Resources Plan 2024 - A8X7G7,2,2,2,238.5,396,482
4449731,C29316-3 Attachment 2 - Enbridge Bakken Annual Financial Resources Reporting Form 2024 - A8X7G8,2,2,2,191.0,307,314
4449732,C29319-1 Letter to CER re Enbridge Southern Lights Update to Financial Resources Plan - A8X7H6,1,1,1,145.0,120,118
4449733,C29319-2 Attachment 1 - Enbridge Southern Lights Annual Update to Financial Resources Plan 2024 - A8X7H7,2,2,2,241.0,404,496
4449734,C29319-3 Attachment 2 - Enbridge Southern Lights Annual Financial Resources Reporting Form 2024 - A8X7H8,2,2,2,204.0,333,342
4449738,C29324-1 2024 04 24 Pipeline Financial Requirement Annual Compliance Filing Executed - A8X7J2,3,3,3,210.0,610,1279
4449749,"C29353-1 EPBC Financial Resource Plan Update Letter, Plan and Certificate April 2024 - A8X7V5",6,6,6,180.0,1503,1691
4449803,C29447-1 2024-04-25-CER FRR - Letter - Redacted - A8X9E8,2,2,2,0.0,248,334
4450841,C29522-1 TCPL Response to CER IR No. 1 RM of Peel Application - A8Y0F8,143,143,143,369.3333333333333,56957,52294
4451618,C29740-1 Commission - Letter to the Regional Municipality of Peel - Application from the Regional Municipality of Peel involving TransCanada PipeLines Limited - A8Y3G4,2,2,2,304.0,617,632
4451637,C29562-1 Astara 2024 Financial Plan - Efiling - A8Y0U7,5,5,5,61.666666666666664,442,405
4451913,C29694-1 RMPeel Construction Update Letter 20240517 - A8Y2Q8,1,1,1,263.0,265,256
4452466,C29689-1 FILE OF-Gen-06FRR Finance Update 2024 - A8Y2L7,5,5,5,186.66666666666666,1263,1274
4452467,C29689-2 Crescent Point Name Change Veren Inc - A8Y2L8,2,2,2,117.5,291,280
4452488,C29742-1 Commission - Letter to the TransCanada - Application from the Regional Municipality of Peel involving TransCanada PipeLines Limited - A8Y3H1,2,2,2,305.5,598,637
4452489,C29742-2 Commission - IR No. 2 to TransCanada - Application from the Regional Municipality of Peel involving TransCanada PipeLines Limited - A8Y3H2,2,2,2,306.5,585,597
4452490,C29742-3 Commission - Appendix II – Potential Condition for Comments - Application from the Regional Municipality of Peel involving TransCanada PipeLines Limited - A8Y3H3,1,1,1,223.0,209,209
4452631,C29566-1 REM2021-003 Remediation Closure Letter - A8Y0V9,1,1,1,205.0,231,226
4455673,C29740-2 Commission - IR No. 2 to the Regional Municipality of Peel - Application from the Regional Municipality of Peel involving TransCanada PipeLines Limited - A8Y3G5,2,2,2,290.0,552,553
4455674,C29740-3 Commission - Appendix II – Potential Condition for Comments - Application from the Regional Municipality of Peel involving TransCanada PipeLines Limited - A8Y3G6,1,1,1,223.0,209,209
4458037,C29902-1 GLC - Insurance Renewal - A8Y6S6,4,4,4,166.66666666666666,770,814
4458039,C29916-1 Foothills - Insurance Renewal - A8Y6W0,4,4,4,262.3333333333333,766,794
4458173,C29789-1 RM Peel TCPL IR 2 20240528 - A8Y4A5,12,12,12,410.3333333333333,4477,4534
4458289,C29788-1 TCPL Response to CER IR No. 2 - A8Y4A3,7,7,7,330.3333333333333,2786,2871
4458384,C29983-1 Commission - Letter - The Regional Municipality of Peel - Application from the Regional Municipality of Peel involving TransCanada PipeLines Limited - Authorizations - A8Y7T4,8,8,8,407.3333333333333,3587,3639
4460359,C29983-2 Commission - Lettre - Municipalité régionale de Peel - Demande présentée par la municipalité régionale de Peel visant TransCanada PipeLines Limited - Autorisations - A8Y7T3,9,9,9,282.6666666666667,3874,3977
4460360,C29983-3 Commission - Order CCA-001-2024 - The Regional Municipality of Peel - Application from the Regional Municipality of Peel involving TransCanada PipeLines Limited - Authorizations - A8Y7T6,2,2,2,289.5,576,576
4460361,C29983-4 Commission - Ordonnance CCA-001-2024 - Municipalité régionale de Peel - Demande présentée par la municipalité régionale de Peel visant TransCanada PipeLines Limited - Autorisations - A8Y7T5,2,2,2,303.5,604,608
4470902,C30629-1 2024 Genesis Financial Resources Plan IR 3 response cover letter - A9C4J7,1,1,1,160.0,122,154
4470903,C30629-2 FR Plan IR 3 Response - Genesis Pipeline Canada Ltd - A9C4J8,4,4,4,323.6666666666667,1222,1225
4470904,C30629-3 UPDATED 2024 Genesis Financial Resources Table - A9C4J9,1,1,1,165.0,120,187
4470905,C30629-4 Canada Energy Regulator - COI insurer - redacted - A9C4K0,4,4,4,217.0,764,786
4475212,C30699-1 2024 07 16 CER FRP Update Filing - Alliance PUBLIC - A9C5H8,2,2,2,331.5,589,636
4477678,C30873-1 1057533 Annual Update to Financial Resources Plan July 2024 - A9C7W6,3,3,3,109.0,284,314
4477679,C30873-2 Harvest Operations Corp cert of insurance 2024 - A9C7W7,2,2,2,395.5,762,774
4482071,C31241-1 RM Peel TCPL Motion to Compel 20240904 - A9D2L9,13,13,13,235.33333333333334,3019,3086
4482258,C31245-1 Cenovus Energy Inc. - Redacted Certificate of Insurance 2024 - A9D2Q7,1,1,1,259.0,245,249
4482371,C31306-1 240911 CER FinReq HIPCO Financial Resource Plan Letter Sept FF - A9D3J2,7,7,7,280.6666666666667,2131,2185
4482655,C31331-1 Commission - Letter - Application from the Regional Municipality of Peel involving TransCanada PipeLines Limited - Cost apportionment process requests - A9D3U6,3,3,3,391.6666666666667,1173,1198
4488036,C31321-1 Commission – Letter – 1057533 – Implementation of Financial Resources Requirements - A9D3R8,1,1,1,219.0,230,247
4488037,C31321-2 Commission – IR No. 1 – 1057533 – Implementation of Financial Resources Requirements - A9D3R9,3,3,3,231.66666666666666,659,650
4488057,C31372-1 CNRL CER Appendix 2 Form - A9D4I3,3,3,3,207.66666666666666,503,570
4489763,C31464-1 1.1a2 - a3 Hay Gething XG-Z027-022-2011 Risk Assessment 2023 - A9D5Y1,1,1,1,0.0,384,5
4489764,C31464-2 1.1 a2 - a3 Hay CER Sales Oil XO-C373-35-98 Risk Assessment 2023 - A9D5Y2,1,1,1,0.0,375,71
4489765,C31464-3 1.1 b Harvest - Pollution Coverage - A9D5Y3,3,3,3,437.3333333333333,1285,1313
4489766,C31464-4 1.2 a1 2023 Audited FS - A9D5Y4,38,38,38,213.33333333333334,17526,17378
4489767,C31467-1 ARC Resources Ltd. Pipeline Financial Resources Plan Appendix 2 Form Updated SEP 27 2024 - A9D5Z2,2,2,2,279.0,478,518
4489885,C31467-2 ARC Resources Ltd. Table 1 Financial Resources Plan A9D2E3 27 SEP 2024 - A9D5Z3,1,1,1,218.0,206,232
4489888,C31477-1 6720471 Canada Ltd. - Letter to CER Enclosing FRP (2024) (Refiled)(14022467.1) - A9D6D3,7,7,7,237.0,1471,1607
4489993,C31467-4 Credit Reference Form - 2024 - A9D5Z5,1,1,1,332.0,333,550
4489994,C31467-5 ARC Resources Ltd. Pipeline Financial Resources plan Letter Updated SEP 27 2024 - A9D5Z6,2,2,2,186.5,569,374
4490099,C31460-1 2024 09 27 Revised Pipeline Financial Requirement Annual Compliance Filing Executed - A9D5X2,8,8,8,164.33333333333334,1611,1746
4490226,C31464-5 1.2 a1 2023 Audited FS - A9D5Y5,38,38,38,213.33333333333334,17526,17378
4490227,C31467-3 Certificate of Liability Insurance 15-Jun-2024 to 15-Jun-2025 - A9D5Z4,2,2,2,439.5,847,861
4490268,C31530-1 Letter to CER re Express Update to Financial Resources Plan - A9D7G2,2,2,2,213.5,399,426
4490269,C31530-2 Appendix 1 - Express Update to Financial Resources Plan - A9D7G3,1,1,1,422.0,387,456
4490270,C31530-3 Appendix 2 - Enbridge Inc. and Express - CER Intercompany Agreement - First Amending Agreement - A9D7G4,5,5,5,224.0,1192,1191
4490465,C31489-1 Cover Letter and Energy Transfer Partners Update re Pipeline FRR Plan (30 September 2024) - A9D6I0,306,306,303,354.3333333333333,180358,181127
4490565,C31471-1 TCPL Letter Comments regarding Cost Apportionment Process Requests - A9D6A7,4,4,4,232.0,1054,1113
4492464,C31712-1 TCPL Letter re Confirmation of Responses to RM of Peel Information Requests - A9E0G1,2,2,2,209.0,386,425
4492538,C31631-1 RM Peel Reply TCPL Motion to Compel 20241007 - A9D8Y0,4,4,4,362.0,1420,1521
4494059,C31865-2 Annexe A - Plans des terrains et de la localisation du pipeline - A9E4A2,1,1,1,18.0,15,15
4495513,C31895-1 Commission - Letter - Application from the Regional Municipality of Peel involving TransCanada PipeLines Limited - Cost apportionment application process - A9E3Y1,6,6,6,403.0,2772,2788
4495819,C31865-1 Demande d audience sur l indemnisation - A9E3K8,7,7,7,282.3333333333333,1848,1990
4496765,C32168-1 Astara 2024 Financial Plan - A9E9V8,9,9,9,76.33333333333333,1983,1582
4497932,C32249-1 Letter to Alliance Pipeline Ltd. - Financial Resources Plan - A9F1F2,7,7,7,322.6666666666667,2976,3017
4497933,C32249-2 Lettre à Alliance Pipeline Ltd. - Plan relatif aux ressources financières - A9F1F1,7,7,7,404.6666666666667,3307,3351
4498015,C32182-1 County of Vermilion River Gas Utility 2024 Financial Resources Plan - A9F0C2,4,4,4,60.0,750,864
4498114,C32188-1 CBSA 2024 Financial Review - A9F0E4,3,3,3,246.66666666666666,732,691
4498219,C32192-1 RM Peel Ltr TCPL Non-Disclosure 20241113 - A9F0F2,3,3,3,363.3333333333333,1086,1085
4503701,C32414-1 FinancialResourcesPlanAnnualUpdate Complete 2024- Re-Submittal - A9F3V1,11,11,11,0.0,2549,2690
4503808,C32377-1 Commission - Letter - Application from the Regional Municipality of Peel involving TransCanada PipeLines Limited - Cost apportionment application process - Letter regarding disclosure of materials - A9F3G8,3,3,3,264.0,799,816
4504121,C32367-1 Letter re Reply to the RM of Peel Request for Further Disclosure - A9F3D4,6,6,6,215.66666666666666,1480,1734
4504160,C32441-1 November 2024 Genesis Financial Resources Plan cover letter - A9F4E3,1,1,1,237.0,199,232
4504161,C32441-2 CER Parental Guarantee NCC Genesis - A9F4E4,5,5,5,372.6666666666667,1864,1863
4504162,C32441-3 Certificate of Insurance - blank insurer - A9F4E5,4,4,4,253.66666666666666,849,875
4506141,C32620-3 Pembina Pipeline Corporation 2024 Q1 Report - A9F7J7,60,60,60,37.333333333333336,25024,25333
4506142,C32620-4 Pembina Pipeline Corporation 2024 Q2 Report - A9F7J8,70,70,70,210.33333333333334,32743,33055
4506327,C32572-1 241202 CER FinReq HIPCO Financial Resource Plan Letter December FF - A9F6Q6,7,7,7,291.3333333333333,2207,2247
4506442,C32612-1 RM Peel Ltr TCPL Non-Disclosure Reply 20241204 - A9F7G6,8,8,8,247.0,2111,2298
4506447,C32620-5 Pembina Pipeline Corporation 2024 Q3 Report - A9F7J9,69,69,69,208.66666666666666,33968,34332
4506448,C32620-7 2014 12 05 Alliance CER FRP PG Template Blackline - A9F7K1,3,3,3,552.6666666666666,1631,1648
4506558,C32620-6 Insurance Certificate-Alliance-CER-320010375435 $100MM-PPC - A9F7K0,3,3,3,208.66666666666666,495,488
4506647,C32620-1 2014 12 05 Alliance CER FRP PG Response - A9F7J5,3,3,3,260.0,693,740
4506648,C32620-2 Pembina Pipeline Corporation 2023 Q4-Annual-Report - A9F7J6,138,138,138,214.33333333333334,68384,68882
4510042,C32924-1 Letter to Campus Energy Partners Operations Inc. - Implementation of Financial Resources Requirements - Review of Financial Resources Plan - A9G1U6,4,4,4,343.6666666666667,1398,1474
4510043,C32924-2 Lettre à Campus Energy Partners Operations Inc. Mise en oeuvre des exigences en matière de ressources financières - Examen du plan relatif aux ressources financières - A9G1U5,4,4,4,408.0,1623,1762
4510368,C32931-1 Commission - Ruling No. 1 - Regional Municipality of Peel - RM of Peel letter & associated direction on further disclosure and extension of deadline to file a new or amended cost apportionment application - A9G1W7,5,5,5,397.3333333333333,2229,2331
4518700,C33148-1 Commission - Ruling No. 2 – Application from the Regional Municipality of Peel involving TransCanada PipeLines Limited - Cost apportionment application - Ruling No. 2 on TransCanada PipeLines Limited’s request for extension - A9G5F4,2,2,2,261.5,505,548
4518939,C33160-1 Letter to FortisBC Huntingdon Ltd. - Financial Resources Requirements - Final FR Plan - A9G5J4,2,2,2,286.0,529,590
4518940,C33160-2 Lettre à FortisBC Huntingdon Ltd. - Mise en oeuvre des exigences en matière de ressources financières - Examen du plan relatif aux ressources financières - A9G5J3,2,2,2,330.0,614,678
4522254,C33334-1 Revised Financial Resources Plan - Redacted - A9G8L4,2,2,2,355.5,684,782
4522477,C33329-1 Compensation Hearing Application Form - A9G8K2,41,41,41,166.66666666666666,8865,8190
4522478,C33334-2 Financial Resources Plan - Annual Reporting Form - A9G8L5,2,2,2,274.0,419,542
4531820,C33433-1 Commission – Letter – Peace River Greenhouses Ltd. – Compensation application from Peace River Greenhouses Ltd. – Westcoast Energy Inc. – Receipt of compensation application - A9H0D1,1,1,1,180.0,195,206
4543164,C33514-1 CER - Letter - Compensation application from Peace River Greenhouses Ltd. – Westcoast Energy Inc. – Preliminary comments - A9H1H1,2,2,2,216.0,430,452
4549431,C33627-1 CER - Letter - Application for Compensation from 9346-5508 Québec Inc. against Trans-Northern Pipeline Inc. - preliminary comment process - A9H2Z0,2,2,2,215.5,439,456
4549432,C33627-2 REC - Lettre - Demande d’indemnisation de 9346-5508 Québec Inc. et Pipelines Trans-Nord Inc. - sollicitation préalable de commentaires - A9H2Y9,2,2,2,239.5,506,504
4550418,REM2013-99 - Annual Update - Compte rendu annuel - 2025-03-13 0011 - A9H4R1,1,1,1,211.0,211,211
4550419,REM2013-99 - Filing Receipt 2025-03-13 001100 - A9H4R2,2,2,2,162.0,290,324
4550421,REM2013-99 - Annual Update - Compte rendu annuel - 2025-03-13 0011 - A9H4R3,1,1,1,204.0,204,204
4550422,REM2013-99 - Filing Receipt 2025-03-13 001100 - A9H4R4,2,2,2,162.0,290,324
4550424,REM2013-99 - Annual Update - Compte rendu annuel - 2025-03-13 0011 - A9H4R5,1,1,1,233.0,233,233
4550425,REM2013-99 - Filing Receipt 2025-03-13 001101 - A9H4R6,2,2,2,162.0,290,324
4551406,REM2012-149 - Annual Update - Compte rendu annuel - 2025-03-13 0010 - A9H4Q5,1,1,1,136.0,136,136
4551407,REM2012-149 - Filing Receipt 2025-03-13 001057 - A9H4Q6,2,2,2,161.5,289,323
4551409,REM2012-149 - Annual Update - Compte rendu annuel - 2025-03-13 0010 - A9H4Q7,1,1,1,150.0,150,150
4551410,REM2012-149 - Filing Receipt 2025-03-13 001058 - A9H4Q8,2,2,2,161.5,289,323
4551412,REM2012-149 - Annual Update - Compte rendu annuel - 2025-03-13 0010 - A9H4Q9,1,1,1,156.0,156,156
4551413,REM2012-149 - Filing Receipt 2025-03-13 001059 - A9H4R0,2,2,2,161.5,289,323
4553296,C33855-1 Commentaires de PTNI concernant l indemnisation en vertu de 327 LRCE - A9H6I8,101,101,101,115.0,26368,26636
4553546,C33848-1 REM2025-009 - Supplemental Information - Complément d’information - 2025-03-21 0013 - A9H6H3,3,3,3,193.33333333333334,580,577
4553547,REM2025-009 - Filing Receipt 2025-03-21 001346 - A9H6H4,2,2,2,161.5,289,322
4553623,C33820-1 Letter to CER re Westcoast Response to PRG Compensation Application - A9H5W2,2,2,2,268.5,507,531
4553699,C33929-1 2025 FR Plan - A9H8H0,3,3,3,0.0,849,955
4553927,C33914-1 RM Peel Application for Cost Apportionment 20250326 - A9H8A8,12,12,12,207.66666666666666,3665,4260
4554003,C33914-2 Appendix A - General Order No 1 - A9H8A9,9,9,9,242.66666666666666,2633,2854
4554072,C33849-1 REM2025-010 - Supplemental Information - Complément d’information - 2025-03-21 0013 - A9H6H5,3,3,3,177.0,524,528
4554073,C33850-1 REM2025-011 - Supplemental Information - Complément d’information - 2025-03-21 0013 - A9H6H7,3,3,3,178.66666666666666,525,533
4554074,REM2025-011 - Filing Receipt 2025-03-21 001353 - A9H6H8,2,2,2,161.5,289,322
4554143,C33914-3 Appendix B - GH-6-79 Reasons for Decision English - A9H8C0,34,34,34,182.0,5160,5235
4554144,C33914-4 Appendix C - Mount Pleasant Block Plan 51-1 - A9H8C1,1,1,1,0.0,38,0
4554210,REM2025-010 - Filing Receipt 2025-03-21 001350 - A9H6H6,2,2,2,161.5,289,322
4554360,C33948-1 Commission - Letter - Application from the Regional Municipality of Peel involving TransCanada PipeLines Limited - Cost apportionment application process - Preliminary comments - A9H8Q4,2,2,2,293.5,585,614
4555249,C33875-1 REM2025-012 - Supplemental Information - Complément d’information - 2025-03-24 0009 - A9H7K5,3,3,3,176.0,514,525
4555250,REM2025-012 - Filing Receipt 2025-03-24 000908 - A9H7K6,2,2,2,161.5,289,322
4555536,C34130-1 FinancialResourcesPlanAnnualUpdate Complete 2025 - A9I0Z9,30,30,30,210.0,10251,9956
4555538,C34131-1 File OF-GEN-06 FRR Enercapita Energy Ltd. Financial Resources Plan 2025 - A9I1A1,4,4,4,291.6666666666667,1076,1087
4555565,C33952-1 REM2025-013 - Supplemental Information - Complément d’information - 2025-03-30 0010 - A9H8R0,3,3,3,181.33333333333334,520,524
4555566,REM2025-013 - Filing Receipt 2025-03-30 001025 - A9H8R1,2,2,2,161.5,289,322
4555637,REM2020-021 - Annual Update - Compte rendu annuel - 2025-04-10 0012 - A9I0T4,2,2,2,153.0,272,302
4555638,REM2020-021 - Filing Receipt 2025-04-10 001233 - A9I0T5,2,2,2,162.0,290,324
4555755,C33953-1 REM2025-014 - Supplemental Information - Complément d’information - 2025-03-31 0009 - A9H8R2,3,3,3,180.66666666666666,529,539
4555756,REM2025-014 - Filing Receipt 2025-03-31 000944 - A9H8R3,2,2,2,161.5,289,322
4555758,C33954-1 REM2025-015 - Supplemental Information - Complément d’information - 2025-03-31 0009 - A9H8R4,3,3,3,178.33333333333334,528,532
4555759,REM2025-015 - Filing Receipt 2025-03-31 000948 - A9H8R5,2,2,2,161.5,289,322
4555837,C34135-1 Preliminary comments on RM of Peel Cost Apportionment Application - A9I1C4,9,9,9,253.66666666666666,2919,3203
4555848,C34152-1 1024-00014 LET 25-04-14 Commentaires en réponse de 9346-5508 Québec Inc. Dossier 6182495 - A9I1H0,5,5,5,279.6666666666667,1532,1555
4555920,C34081-1 Letter - A9I0I8,1,1,1,196.0,196,197
4558798,C34122-1 REM2025-016 - Supplemental Information - Complément d’information - 2025-04-11 0016 - A9I0X7,3,3,2,154.66666666666666,469,461
4558799,REM2025-016 - Filing Receipt 2025-04-11 001602 - A9I0X8,2,2,2,161.0,288,321
4558915,C34192-1 Mise à jour Plan de ressources financières Champion 17-avril-2025 - A9I1X6,7,7,7,255.33333333333334,1552,1594
4567900,REM2021-005 - Annual Update - Compte rendu annuel - 2025-04-24 0014 - A9I2Y0,1,1,1,219.0,219,219
4567901,REM2021-005 - Filing Receipt 2025-04-24 001419 - A9I2Y1,2,2,2,161.5,289,323
4567903,REM2021-007 - Annual Update - Compte rendu annuel - 2025-04-24 0014 - A9I2Y2,1,1,1,219.0,219,219
4567904,REM2021-007 - Filing Receipt 2025-04-24 001420 - A9I2Y3,2,2,2,161.5,289,323
4567906,REM2022-024 - Annual Update - Compte rendu annuel - 2025-04-24 0014 - A9I2Y4,1,1,1,216.0,216,216
4567907,REM2022-024 - Filing Receipt 2025-04-24 001420 - A9I2Y5,2,2,2,161.5,289,323
4567924,REM2019-043 - Annual Update - Compte rendu annuel - 2025-04-28 0010 - A9I3R9,1,1,1,228.0,228,228
4567925,REM2019-043 - Filing Receipt 2025-04-28 001043 - A9I3S0,2,2,2,163.5,293,327
4567927,REM2021-022 - Annual Update - Compte rendu annuel - 2025-04-28 0010 - A9I3S1,1,1,1,250.0,250,250
4567939,C34372-1 Letter to CER re Enbridge Gas Annual Update to Financial Resources Plan - A9I4K6,1,1,1,133.0,110,122
4567940,C34372-2 Attachment 1 - Enbridge Gas Annual Update to Financial Resources Plan 2025 - A9I4K7,2,2,2,221.0,383,454
4567962,C34409-1 Sunoco Pipeline Annual Report to CER - FR Plan Filing (2025) - A9I5A6,304,304,301,416.3333333333333,179964,180351
4567985,C34240-1 Astara 2025 Financial Plan - A9I2Q0,5,5,5,84.0,509,471
4567986,C34240-2 Astara s Insurance Certificate - A9I2Q1,2,2,2,506.5,1014,1014
4567987,C34240-3 2025 Appendix 2 - Reporting Form - A9I2Q2,2,2,2,13.0,463,109
4568002,C34291-1 Foothills Financial Resources Plan Annual Update - A9I3E3,5,5,5,229.66666666666666,946,1055
4568040,C34372-3 Attachment 2 - Enbridge Gas Annual Financial Resources Reporting Form 2025 - A9I4K8,2,2,2,171.0,288,295
4568224,C34304-1 250425 CER FinReq HIPCO Financial Resource Plan FF - A9I3I1,8,8,8,182.33333333333334,1374,1426
4568233,C34334-2 Aurora - CER Financial Resources Plan Cover Letter - A9I3V9,2,2,2,187.5,362,366
4568234,C34334-3 Financial Resources Requirements Annual Reporting Form Plains (Final) 2024 (part 1) - signed - A9I3W0,2,2,2,301.5,539,586
4568246,C34347-1 CNRL to CER cover letter - A9I4A2,1,1,1,144.0,120,122
4568247,C34347-2 CER Table 1 - A9I4A3,1,1,1,151.0,151,164
4568248,C34347-3 CER Appendix 2 - A9I4A4,2,2,2,279.0,472,657
4568256,C34375-1 Letter to CER re Enbridge (NW) Annual Update to Financial Resources Plan - A9I4L7,1,1,1,135.0,109,116
4568257,C34375-2 Attachment 1 - Enbridge (NW) Annual Update to Financial Resources Plan 2025 - A9I4L8,2,2,2,234.5,409,481
4568258,C34375-3 Attachment 2 - Enbridge (NW) Annual Financial Resources Reporting Form 2025 - A9I4L9,2,2,2,172.0,287,293
4568323,C34221-2 2024 ENERFUN 2024 01 REV1 Centra Transmission Holdings Inc - A9I2H0,4,4,4,180.33333333333334,701,738
4568372,C34334-4 Plains Annual FRP Update - Yr 2024 (Table 1) - A9I3W1,1,1,1,371.0,373,936
4568373,C34334-5 Financial Resources Requirements Annual Reporting Form Aurora (Final) 2024 (part 1) - signed - A9I3W2,2,2,2,279.5,471,498
4568374,C34334-6 Aurora Annual FRP Update - Yr 2024 (Table 1) - A9I3W3,1,1,1,353.0,355,992
4568375,C34334-7 PAA 2024 10-K (As Filed) - A9I3W4,189,189,189,615.0,107080,107343
4568416,REM2018-036 - Annual Update - Compte rendu annuel - 2025-04-22 0013 - A9I2J0,1,1,1,214.0,214,214
4568417,REM2018-036 - Filing Receipt 2025-04-22 001456 - A9I2J1,2,2,2,161.5,289,323
4568438,C34293-1 GLC Financial Resources Plan Annual Update - A9I3E8,5,5,5,235.66666666666666,945,1031
4568445,C34300-2 Express Pipeline Ltd. - Exigences relatives aux ressources financières des sociétés pipelinière - A9I3G6,4,4,4,339.3333333333333,1534,1569
4568446,C34300-3 Order RO-FRO-003-2017 - Express Pipeline Ltd. - A9I3G9,1,1,1,304.0,305,304
4568447,C34300-4 Ordonnance RO-FRO-003-2017 - Express Pipeline Ltd. - A9I3G8,1,1,1,362.0,363,364
4568475,C34318-1 REM2025-017 - Supplemental Information - Complément d’information - 2025-04-26 0012 - A9I3R7,3,3,3,168.66666666666666,500,496
4568476,REM2025-017 - Filing Receipt 2025-04-26 001256 - A9I3R8,2,2,2,165.5,297,330
4568515,C34376-1 Letter to CER re Enbridge Southern Lights Update to Financial Resources Plan - A9I4Q1,1,1,1,145.0,120,118
4568516,C34376-2 Attachment 1 - Enbridge Southern Lights Annual Update to Financial Resources Plan 2025 - A9I4Q2,2,2,2,241.0,403,514
4568517,C34376-3 Attachment 2 - Enbridge Southern Lights Annual Financial Resources Reporting Form 2025 - A9I4Q3,2,2,2,204.0,333,342
4568524,C34387-1 Letter to CER re EPI Annual Update to Financial Resource Requirement Plan - A9I4U1,1,1,1,127.0,102,108
4568536,C34221-1 2025 04 21 Pipeline Financial Requirement Annual Compliance Filing Executed - A9I2G9,2,2,2,199.5,382,398
4568560,C34287-1 2025 Genesis Financial Resources Plan cover letter - A9I3C8,1,1,1,293.0,254,287
4568561,C34287-2 Genesis - 2025 Financial Resources Plan - A9I3C9,6,6,6,266.0,1797,1796
4568562,C34287-3 Attachment 1 - NCC Corporate Structure Chart - A9I3D0,1,1,1,107.0,23,5
4568563,C34287-4 Attachment 2 - 2025 Genesis Financial Resources Table - A9I3D1,1,1,1,223.0,191,244
4568564,C34287-5 2025 Genesis Pipeline Canada Ltd Annual Financial Resources Reporting Form - signed - A9I3D2,2,2,2,282.5,465,546
4568565,C34287-6 2025 Genesis Pipeline Canada Ltd Annual financial resources requirements reporting form supplementary info - A9I3D3,3,3,3,149.0,429,428
4568582,C34338-1 Lettre de PTNI suite aux commentaires préliminaires du Propriétaire - A9I3X2,105,105,105,180.66666666666666,27465,27205
4568601,C34373-1 Letter to CER re Enbridge Bakken Annual Update to Financial Resources Plan - A9I4L0,1,1,1,144.0,118,117
4568602,C34373-2 Attachment 1 - Enbridge Bakken Annual Update to Financial Resources Plan 2025 - A9I4L1,2,2,2,237.0,397,481
4568603,C34373-3 Attachment 2 - Enbridge Bakken Annual Financial Resources Reporting Form 2025 - A9I4L2,2,2,2,190.0,307,314
4568613,C34388-1 RM of Peel Preliminary Reply Comments 20250429 - A9I4U5,8,8,8,308.3333333333333,2675,3643
4568671,C34334-1 Plains - CER Financial Resources Plan Cover Letter - A9I3V8,2,2,2,184.5,356,359
4568708,C34370-1 Letter to CER re 2193914 Annual Update to Financial Resources Plan - A9I4K0,1,1,1,126.0,103,102
4568709,C34370-2 Attachment 1 - 2193914 Annual Update to Financial Resources Plan 2025 - A9I4K1,2,2,2,228.5,400,471
4568710,C34370-3 Attachment 2 - 2193914 Annual Financial Resources Reporting Form 2025 - A9I4K2,2,2,2,169.5,312,295
4568779,C34283-1 ARC Resources Ltd. Pipeline Financial Resources Plan APR 24 2025 - A9I3A9,51,51,51,128.33333333333334,23436,22407
4568786,C34300-1 Express Pipeline Ltd. - Financial Resources Requirements - Revised Financial Plan - A9I3G7,4,4,4,274.0,1311,1342
4568797,REM2021-022 - Filing Receipt 2025-04-28 001044 - A9I3S2,2,2,2,163.0,292,326
4568852,C34430-1 2025 04 30 CER FRP - Alliance CL - A9I5I2,2,2,2,193.5,326,373
4568853,C34430-2 2025 04 30 CER FRP - Alliance - A9I5I3,8,8,8,220.33333333333334,1541,1634
4571495,C34387-2 Attachment 1 - EPI Annual Update to Financial Resources Plan 2025 - A9I4U2,1,1,1,416.0,388,435
4571496,C34387-3 Attachment 2 - EPI Annual Financial Resources Reporting Form 2025 - A9I4U3,2,2,2,195.5,338,322
4571506,C34400-1 Cenovus Energy Inc. Financial Resources Planning Submission 2025 - A9I4Y0,15,15,15,245.33333333333334,4233,4443
4571583,C34599-19 Appendix N - Industry-Recognized Standards Used by SaskPower - A9I7X3,6,6,6,164.33333333333334,1092,1098
4571662,"C34486-1 EPBC Financial Resource Plan Update Letter, Reporting Form and Plan April 30 2025 - A9I6E3",4,4,4,248.33333333333334,943,1080
4571663,C34486-2 2024-81-Emera Brunswick Pipeline COI-His Majesty the King - A9I6E4,2,2,2,393.0,759,825
4571773,C34599-24 Appendix S - Amended and Restated Interconnection Facilities Operation Agreement Respectiong Boundary Dam-Tioga 230k V Interconnection - A9I7X8,25,25,25,159.66666666666666,6387,6321
4571881,C34599-18 Appendix M - SaskPower Right of Way Design Specifications - A9I7X2,24,24,24,324.3333333333333,4524,4691
4571882,C34599-20 Appendix O - SaskPower’s Environmental Beneficial Management Practices Manual - A9I7X4,108,108,108,243.0,28181,28598
4571885,C34602-1 Commission - Letter - Alliance Pipeline Ltd. - Financial Resources Requirements - A9I7Z6,4,4,4,382.3333333333333,1603,1631
4571886,C34602-2 Commission - Lettre - Alliance Pipeline Ltd. - Exigences en matière de ressources financières - A9I7Z5,5,5,5,265.0,1790,1821
4571917,C34444-1 Letter to CER re Express Annual Update to Financial Resource Requirement Plan - A9I5Q5,1,1,1,141.0,116,114
4571918,C34444-2 Attachment 1 - Express Annual Update to Financial Resources Plan 2025 - A9I5Q6,2,2,2,229.0,386,456
4571919,C34444-3 Attachment 2 - Express Annual Financial Resources Reporting Form 2025 - A9I5Q7,2,2,2,188.5,308,317
4571982,C34599-13 Appendix I - SaskPower 2023-2024 Annual Report Part3 - A9I7W7,24,24,24,0.0,8999,8897
4572000,C34438-1 Letter to CER re Proposed Change to Financial Resources Plan - A9I5K8,1,1,1,251.0,225,236
4572001,C34438-2 Express - Executed First Amending Agreement - A9I5K9,5,5,5,224.33333333333334,1268,1283
4572106,C34481-1 CER – Letter –– 9346-5508 Québec Inc. - Status of compensation application – Trans-Northern Pipeline Inc. - A9I6D1,3,3,3,220.0,620,673
4572107,C34481-2 REC – Lettre - 9346-5508 Québec Inc – État de la demande d’indemnisation - Pipelines Trans-Nord Inc. - A9I6D0,3,3,3,250.66666666666666,693,759
4572146,C34599-9 Appendix G - Project Environmental Assessment - Technical Review Comments - A9I7W3,24,24,24,183.33333333333334,7038,6897
4572147,C34599-11 Appendix I - SaskPower 2023-2024 Annual Report Part1 - A9I7W5,31,31,31,0.0,11714,11517
4572148,C34599-14 Appendix I - SaskPower 2023-2024 Annual Report Part4 - A9I7W8,12,12,12,0.0,4510,4663
4572149,"C34599-22 Appendix Q - Aggregate Facilities Study Agreement between Southwest Power Pool, Inc. and North Point Energy Solutions Inc - A9I7X6",9,9,9,400.0,3429,3309
4572150,"C34599-23 Appendix R - Import Agreements between Southwest Power Pool, Inc. and North Point Energy Solutions Inc. - A9I7X7",12,12,12,205.0,2178,2077
4572273,C34599-15 Appendix J - Basin Electric 2023 Annual Report - A9I7W9,62,62,61,163.66666666666666,30623,30998
4572274,C34599-16 Appendix K - Draft Notice of Application (English and French) - A9I7X0,2,2,2,367.5,734,733
4572275,C34599-21 Appendix P - Joint Operating Agreement Among and Between Southwest Power Pool and SaskPower - A9I7X5,27,27,27,0.0,9555,9481
4572340,C34599-1 Letter to CER - Saskatchewan Power Corporation Permit Application - A9I7V5,1,1,1,330.0,311,316
4572341,C34599-2 Application for Permits to Construct and Operate International Power Lines - A9I7V6,70,70,70,235.0,19372,20325
4572342,C34599-3 Appendix A - Table of Concordance - A9I7V7,5,5,5,307.0,1681,1671
4572343,"C34599-4 Appendix B - The Power Corporation Act, R.S.S. 1978, c. P-19 - A9I7V8",42,42,42,303.6666666666667,17634,17595
4572344,C34599-5 Appendix C - Order-in-Council 4732023 -SK - A9I7V9,1,1,1,0.0,94,91
4572345,C34599-6 Appendix D - Project Environmental Assessment - Ministerial Approval and Reasons for Decision - A9I7W0,8,8,8,0.0,2693,2658
4572346,C34599-7 Appendix E - Project Environmental Assessment - Terms of Reference - A9I7W1,67,67,67,266.3333333333333,18382,18503
4572347,C34599-8 Appendix F - Project Environmental Assessment - Environmental Impact Statement - A9I7W2,482,482,482,192.0,138652,136993
4572348,C34599-10 Appendix H - Project Environmental Assessment - Public Notices - A9I7W4,2,2,2,188.0,378,208
4572349,C34599-12 Appendix I - SaskPower 2023-2024 Annual Report Part2 - A9I7W6,53,53,53,0.0,18897,17804
4572350,C34599-17 Appendix L - Project Single Line Diagram - A9I7X1,1,1,1,64.0,0,11
4572404,C34599-25 Appendix T - Letter from AESO - A9I7X9,2,2,2,110.5,234,233
4572405,C34599-26 Appendix U - Letter from Manitoba Hydro - A9I7Y0,2,2,2,214.5,433,437
4572406,C34599-27 Appendix V - SaskPower IPL Standards List - A9I7Y1,3,3,3,417.6666666666667,1124,1363
4572407,C34599-28 Appendix W - Environmental Protection Plan - Working In or Near Water - A9I7Y2,78,78,78,36.333333333333336,17399,15979
4572408,C34599-29 Appendix X - Basin Electric - Presidential Permit Application for the Tande and Wheelock to Saskatchewan 230-kV Transmission Project - A9I7Y3,58,58,58,179.0,13772,13878
4572409,C34599-30 Appendix Y - Project Summary Schedule - A9I7Y4,3,3,3,477.6666666666667,1285,123
4572410,C34599-31 Appendix Z - Engagement Materials - A9I7Y5,21,21,21,334.0,5594,5826
4572411,C34599-32 Appendix AA - SaskPower Indigenous Relations Engagement Plan for the Project - A9I7Y6,8,8,8,129.33333333333334,1595,1683
4572412,C34599-33 Appendix BB - List of Indigenous Communities Identified by SaskPower - A9I7Y7,1,1,1,257.0,246,246
4572413,C34599-34 Appendix CC - Legal Boundary Survey and Detailed Route Maps - A9I7Y8,7,7,7,267.6666666666667,1181,2125
4572414,C34599-35 Appendix DD - Form of Option Agreement for Easement Right-of-Way - A9I7Y9,31,31,31,133.0,8137,8125
4572628,C34702-1 Sunoco Pipeline L.P. - Cover Letters - Updated Surety Bond (May 2025) - A9I9E4,2,2,2,198.0,400,391
4572885,C34804-1 REM2018-045 - Supplemental Information - Complément d’information - 2025-05-24 0024 - A9J0Q5,3,3,3,158.66666666666666,467,466
4572886,REM2018-045 - Filing Receipt 2025-05-24 002415 - A9J0Q6,2,2,2,167.0,300,333
4574164,REM2019-027 - Filing Receipt 2025-06-06 001148 - A9J3U3,2,2,2,178.5,334,356
4574165,REM2019-040 - Annual Update - Compte rendu annuel - 2025-06-06 0011 - A9J3U4,2,2,2,203.5,407,407
4574184,C35033-1 County of Vermilion River 2025 Absolute Liability - A9J4I2,3,3,3,165.33333333333334,426,487
4575337,C34933-1 Foothills Insurance Renewal - Redacted - A9J2V2,4,4,4,276.0,799,847
4575375,REM2019-025 - Annual Update - Compte rendu annuel - 2025-06-06 0011 - A9J3T8,2,2,2,175.0,350,349
4575441,REM2019-007 - Filing Receipt 2025-06-06 001137 - A9J3T3,2,2,2,178.5,334,356
4575443,REM2019-008 - Annual Update - Compte rendu annuel - 2025-06-06 0011 - A9J3T4,2,2,2,183.0,366,366
4575444,REM2019-008 - Filing Receipt 2025-06-06 001139 - A9J3T5,2,2,2,178.5,334,356
4575446,REM2019-009 - Annual Update - Compte rendu annuel - 2025-06-06 0011 - A9J3T6,2,2,2,183.5,367,367
4575448,REM2019-040 - Filing Receipt 2025-06-06 001150 - A9J3U5,2,2,2,178.5,334,356
4575450,REM2020-005 - Annual Update - Compte rendu annuel - 2025-06-06 0011 - A9J3U6,2,2,2,176.0,352,351
4575451,REM2020-005 - Filing Receipt 2025-06-06 001152 - A9J3U7,2,2,2,178.5,334,356
4575453,REM2020-033 - Annual Update - Compte rendu annuel - 2025-06-06 0011 - A9J3U8,2,2,2,186.5,373,374
4575454,REM2020-033 - Filing Receipt 2025-06-06 001154 - A9J3U9,2,2,2,178.5,334,356
4575456,REM2020-034 - Annual Update - Compte rendu annuel - 2025-06-06 0011 - A9J3V0,2,2,2,183.0,366,366
4575457,REM2020-034 - Filing Receipt 2025-06-06 001157 - A9J3V1,2,2,2,178.5,334,356
4575459,REM2020-035 - Annual Update - Compte rendu annuel - 2025-06-06 0011 - A9J3V2,2,2,2,206.5,413,413
4575460,REM2020-035 - Filing Receipt 2025-06-06 001159 - A9J3V3,2,2,2,178.5,334,356
4575462,REM2021-027 - Annual Update - Compte rendu annuel - 2025-06-06 0012 - A9J3V4,2,2,2,186.5,373,374
4575463,REM2021-027 - Filing Receipt 2025-06-06 001201 - A9J3V5,2,2,2,178.5,334,356
4575465,REM2021-028 - Annual Update - Compte rendu annuel - 2025-06-06 0012 - A9J3V6,2,2,2,202.5,405,405
4575466,REM2021-028 - Filing Receipt 2025-06-06 001203 - A9J3V7,2,2,2,178.5,334,356
4575468,REM2021-039 - Annual Update - Compte rendu annuel - 2025-06-06 0012 - A9J3V8,2,2,2,181.0,362,362
4575469,REM2021-039 - Filing Receipt 2025-06-06 001206 - A9J3V9,2,2,2,178.5,334,356
4575471,REM2023-032 - Annual Update - Compte rendu annuel - 2025-06-06 0012 - A9J3W0,2,2,2,168.5,337,336
4575472,REM2023-032 - Filing Receipt 2025-06-06 001208 - A9J3W1,2,2,2,178.5,332,356
4575474,REM2024-002 - Annual Update - Compte rendu annuel - 2025-06-06 0012 - A9J3W2,2,2,2,200.0,400,400
4575475,REM2024-002 - Filing Receipt 2025-06-06 001210 - A9J3W3,2,2,2,178.5,334,356
4575480,REM2018-034 - Annual Update - Compte rendu annuel - 2025-06-02 0010 - A9J2G2,1,1,1,249.0,249,249
4575481,REM2018-034 - Filing Receipt 2025-06-02 001048 - A9J2G3,2,2,2,165.0,296,330
4575483,REM2024-018 - Annual Update - Compte rendu annuel - 2025-06-02 0010 - A9J2G4,2,2,1,119.5,204,239
4575484,REM2024-018 - Filing Receipt 2025-06-02 001049 - A9J2G5,2,2,2,162.5,291,325
4575486,REM2024-019 - Annual Update - Compte rendu annuel - 2025-06-02 0010 - A9J2G6,2,2,1,119.5,204,239
4575487,REM2024-019 - Filing Receipt 2025-06-02 001049 - A9J2G7,2,2,2,163.0,292,326
4575497,C34947-2 pplctnblnktlctrctyxprtprmt-NF-noadop-fr.pdf - A9J2Z7,2,2,2,340.5,681,683
4575498,C34947-3 Application for a Blanket Electricity Export Permit - EN - A9J2Z8,6,6,6,281.6666666666667,1514,1529
4575500,C34947-5 Demande de permis général d’exportation d’électricité - FR - A9J3A0,6,6,6,313.0,1730,1824
4575622,C34934-1 GLC Insurance Renewal - Redacted - A9J2V4,4,4,4,277.3333333333333,803,852
4575641,C34947-1 pplctnblnktlctrctyxprtprmt-NF-noadop-eng.pdf - A9J2Z6,2,2,2,303.0,615,610
4575666,REM2019-007 - Annual Update - Compte rendu annuel - 2025-06-06 0011 - A9J3T2,2,2,2,189.5,379,379
4575685,REM2019-009 - Filing Receipt 2025-06-06 001141 - A9J3T7,2,2,2,178.5,334,356
4575687,REM2019-025 - Filing Receipt 2025-06-06 001143 - A9J3T9,2,2,2,178.5,334,356
4575689,REM2019-026 - Annual Update - Compte rendu annuel - 2025-06-06 0011 - A9J3U0,2,2,2,175.0,350,349
4575691,REM2019-027 - Annual Update - Compte rendu annuel - 2025-06-06 0011 - A9J3U2,2,2,2,175.0,350,349
4575694,C35012-1 2025 06 09 Alliance CER FRP Filing Cover Letter - A9J4C6,2,2,2,165.0,298,317
4575695,C35012-2 Alliance PPC Parental Guarantee for FRP - A9J4C7,3,3,3,553.3333333333334,1651,1665
4575755,C35104-1 2025 06 13 Pipeline Financial Requirement Annual Compliance Filing Executed - A9J5G6,3,3,3,258.0,684,733
4575773,C35136-1 Certificats d assurance sans caviardage - A9J5U2,4,4,4,218.66666666666666,742,769
4575774,C35136-2 Mise à jour Plan de ressources financières Champion 17-avril-2025 - A9J5U3,7,7,7,255.33333333333334,1552,1594
4575807,REM2019-026 - Filing Receipt 2025-06-06 001146 - A9J3U1,2,2,2,178.5,334,356
4575818,C35031-1 County of Vermilion River 2025 Financial Resources Plan - A9J4H1,4,4,4,56.666666666666664,754,913
4575863,C35159-3 Pembina Pipeline Corporation 2025 Q1 Interim Report - A9J6C2,51,51,51,381.6666666666667,22679,22903
4575874,REM2013-99 - Annual Update - Compte rendu annuel - 2025-06-19 0010 - A9J6J5,2,2,2,205.5,411,411
4575972,C35135-1 1057533 Annual Update to Financial Resources Plan June 2025 - A9J5T9,3,3,3,109.0,284,328
4575973,C35135-2 Insurance Certificate 2025 Harvest (1057533 Alberta Ltd.) - A9J5U0,2,2,2,333.0,637,648
4576040,C35128-1 CBSA 2025 Financial Resources Requirements Annual Reporting - A9J5R3,2,2,2,219.0,341,393
4576056,C35159-1 2025 06 17 CER FRP Filing - Alliance Cover Letter - A9J6C0,1,1,1,170.0,139,176
4576069,REM2018-019 - Annual Update - Compte rendu annuel - 2025-06-19 0010 - A9J6J7,2,2,2,217.0,434,432
4576070,REM2018-019 - Filing Receipt 2025-06-19 001056 - A9J6J8,2,2,2,178.5,332,356
4576071,REM2019-011 - Annual Update - Compte rendu annuel - 2025-06-19 0011 - A9J6K1,2,2,2,190.5,381,381
4576072,REM2020-011 - Annual Update - Compte rendu annuel - 2025-06-19 0011 - A9J6L1,2,2,2,190.5,381,381
4576074,REM2021-063 - Filing Receipt 2025-06-19 001154 - A9J6S4,2,2,2,178.5,334,356
4576082,C35242-1 SaskPower Proof of Publication of Notice - A9J7A0,49,49,49,337.6666666666667,26574,24518
4576114,C35084-1 Sunoco Pipeline LP - Financial Resources Plan Update (June 2025 Resubmission) - A9J5A3,309,309,302,581.0,180889,354064
4576127,C35146-1 EBPC File OF-Gen-06 FRR Insurance Cert. Update June 17 2025 - A9J5X6,5,5,5,69.0,684,683
4576128,C35146-2 2025-52-Emera Brunswick Pipeline-His Majesty the King - A9J5X7,2,2,2,396.5,766,849
4576146,REM2013-99 - Filing Receipt 2025-06-19 001053 - A9J6J6,2,2,2,178.5,334,356
4576148,REM2020-012 - Filing Receipt 2025-06-19 001115 - A9J6L4,2,2,2,178.5,334,356
4576150,REM2020-013 - Annual Update - Compte rendu annuel - 2025-06-19 0011 - A9J6L5,2,2,2,190.5,381,381
4576152,REM2021-021 - Annual Update - Compte rendu annuel - 2025-06-19 0011 - A9J6Q1,2,2,2,175.0,350,350
4576154,REM2021-058 - Annual Update - Compte rendu annuel - 2025-06-19 0011 - A9J6S1,2,2,2,190.5,381,381
4576155,REM2021-058 - Filing Receipt 2025-06-19 001151 - A9J6S2,2,2,2,178.5,334,356
4576224,C35130-1 ARC Resources Ltd. Pipeline Financial Resources Plan Revised JUN 16 2025 - A9J5S5,52,52,52,122.0,23427,22409
4576235,C35159-2 Pembina Pipeline Corporation 2024 Annual Report - A9J6C1,142,142,142,417.0,71317,71621
4576246,REM2020-014 - Annual Update - Compte rendu annuel - 2025-06-19 0011 - A9J6L7,2,2,2,190.5,381,381
4576247,REM2020-014 - Filing Receipt 2025-06-19 001121 - A9J6L8,2,2,2,178.5,334,356
4576248,REM2020-030 - Annual Update - Compte rendu annuel - 2025-06-19 0011 - A9J6L9,2,2,2,221.0,442,440
4576249,REM2021-063 - Annual Update - Compte rendu annuel - 2025-06-19 0011 - A9J6S3,2,2,2,173.0,346,346
4576251,REM2022-001 - Annual Update - Compte rendu annuel - 2025-06-19 0011 - A9J6S5,2,2,2,190.5,381,381
4576252,REM2022-001 - Filing Receipt 2025-06-19 001157 - A9J6S6,2,2,2,178.5,334,356
4576254,REM2021-064 - Annual Update - Compte rendu annuel - 2025-06-19 0011 - A9J6S7,2,2,2,190.5,381,381
4576255,REM2021-064 - Filing Receipt 2025-06-19 001159 - A9J6S8,2,2,2,178.5,334,356
4576257,REM2022-014 - Annual Update - Compte rendu annuel - 2025-06-19 0012 - A9J6S9,2,2,2,190.5,381,381
4576258,REM2022-014 - Filing Receipt 2025-06-19 001202 - A9J6T0,2,2,2,183.5,342,366
4576260,REM2022-015 - Annual Update - Compte rendu annuel - 2025-06-19 0012 - A9J6T1,2,2,2,190.5,381,381
4576261,REM2022-015 - Filing Receipt 2025-06-19 001204 - A9J6T2,2,2,2,183.5,342,366
4576263,REM2022-016 - Annual Update - Compte rendu annuel - 2025-06-19 0012 - A9J6T3,2,2,2,219.5,438,438
4576264,REM2022-016 - Filing Receipt 2025-06-19 001207 - A9J6T4,2,2,2,183.5,342,366
4576266,REM2022-017 - Annual Update - Compte rendu annuel - 2025-06-19 0012 - A9J6T5,2,2,2,205.0,410,410
4576267,REM2022-017 - Filing Receipt 2025-06-19 001209 - A9J6T6,2,2,2,178.5,334,356
4576269,REM2022-020 - Annual Update - Compte rendu annuel - 2025-06-19 0012 - A9J6T7,2,2,2,190.5,381,381
4576270,REM2022-020 - Filing Receipt 2025-06-19 001212 - A9J6T8,2,2,2,178.5,332,356
4576272,REM2022-022 - Annual Update - Compte rendu annuel - 2025-06-19 0012 - A9J6T9,2,2,2,216.0,432,430
4576273,REM2022-022 - Filing Receipt 2025-06-19 001214 - A9J6U0,2,2,2,178.5,332,356
4576275,REM2022-028 - Annual Update - Compte rendu annuel - 2025-06-19 0012 - A9J6U1,2,2,2,190.5,381,381
4576276,REM2022-028 - Filing Receipt 2025-06-19 001216 - A9J6U2,2,2,2,178.5,332,356
4576278,REM2022-027 - Annual Update - Compte rendu annuel - 2025-06-19 0012 - A9J6U3,2,2,2,190.5,381,381
4576279,REM2022-027 - Filing Receipt 2025-06-19 001219 - A9J6U4,2,2,2,178.5,332,356
4576281,REM2023-003 - Annual Update - Compte rendu annuel - 2025-06-19 0012 - A9J6U5,2,2,2,199.5,399,399
4576282,REM2023-003 - Filing Receipt 2025-06-19 001221 - A9J6U6,2,2,2,178.5,332,356
4576284,REM2023-004 - Annual Update - Compte rendu annuel - 2025-06-19 0012 - A9J6U7,2,2,2,170.0,340,341
4576339,C35124-1 6720471 Canada Ltd. Annual Update to Financial Resources Plan (2025) - A9J5Q4,6,6,6,186.66666666666666,1107,870
4576352,REM2019-005 - Annual Update - Compte rendu annuel - 2025-06-19 0010 - A9J6J9,2,2,2,190.5,381,381
4576354,REM2019-023 - Annual Update - Compte rendu annuel - 2025-06-19 0011 - A9J6K3,2,2,2,190.5,381,381
4576356,REM2019-028 - Annual Update - Compte rendu annuel - 2025-06-19 0011 - A9J6K5,2,2,2,190.5,381,381
4576357,REM2019-028 - Filing Receipt 2025-06-19 001106 - A9J6K6,2,2,2,178.5,332,356
4576358,REM2019-035 - Filing Receipt 2025-06-19 001110 - A9J6L0,2,2,2,178.5,334,356
4576360,REM2020-011 - Filing Receipt 2025-06-19 001113 - A9J6L2,2,2,2,178.5,334,356
4576362,REM2020-012 - Annual Update - Compte rendu annuel - 2025-06-19 0011 - A9J6L3,2,2,2,190.5,381,381
4576363,REM2020-030 - Filing Receipt 2025-06-19 001124 - A9J6Q0,2,2,2,178.5,334,356
4576365,REM2021-044 - Filing Receipt 2025-06-19 001133 - A9J6Q8,2,2,2,179.5,336,358
4576367,REM2021-050 - Annual Update - Compte rendu annuel - 2025-06-19 0011 - A9J6Q9,2,2,2,190.5,381,381
4576368,REM2021-049 - Filing Receipt 2025-06-19 001138 - A9J6R2,2,2,2,178.5,334,356
4576369,REM2021-056 - Filing Receipt 2025-06-19 001146 - A9J6R8,2,2,2,178.5,334,356
4577299,C35151-1 250617 CER FinReq HIPCO Financial Resource Plan - Request for Information FF - A9J5Y9,4,4,4,170.66666666666666,632,687
4577321,REM2019-033 - Annual Update - Compte rendu annuel - 2025-06-19 0011 - A9J6K7,2,2,2,190.5,381,381
4577322,REM2019-033 - Filing Receipt 2025-06-19 001108 - A9J6K8,2,2,2,178.5,334,356
4577324,REM2019-035 - Annual Update - Compte rendu annuel - 2025-06-19 0011 - A9J6K9,2,2,2,190.5,381,381
4577325,REM2021-044 - Annual Update - Compte rendu annuel - 2025-06-19 0011 - A9J6Q7,2,2,2,190.5,381,381
4577326,REM2021-050 - Filing Receipt 2025-06-19 001136 - A9J6R0,2,2,2,178.5,334,356
4577328,REM2021-049 - Annual Update - Compte rendu annuel - 2025-06-19 0011 - A9J6R1,2,2,2,190.5,381,381
4577330,REM2021-051 - Annual Update - Compte rendu annuel - 2025-06-19 0011 - A9J6R3,2,2,2,190.5,381,381
4577331,REM2021-051 - Filing Receipt 2025-06-19 001141 - A9J6R4,2,2,2,178.5,334,356
4577333,REM2021-052 - Annual Update - Compte rendu annuel - 2025-06-19 0011 - A9J6R5,2,2,2,190.5,381,381
4577334,REM2021-052 - Filing Receipt 2025-06-19 001143 - A9J6R6,2,2,2,178.5,334,356
4577336,REM2021-056 - Annual Update - Compte rendu annuel - 2025-06-19 0011 - A9J6R7,2,2,2,190.5,381,381
4577399,REM2019-023 - Filing Receipt 2025-06-19 001103 - A9J6K4,2,2,2,178.5,334,356
4577400,REM2020-013 - Filing Receipt 2025-06-19 001118 - A9J6L6,2,2,2,178.5,334,356
4577401,REM2021-042 - Filing Receipt 2025-06-19 001128 - A9J6Q4,2,2,2,179.5,336,358
4577404,REM2021-057 - Filing Receipt 2025-06-19 001148 - A9J6S0,2,2,2,178.5,334,356
4577488,REM2019-005 - Filing Receipt 2025-06-19 001058 - A9J6K0,2,2,2,179.0,335,357
4577490,REM2019-011 - Filing Receipt 2025-06-19 001101 - A9J6K2,2,2,2,178.5,334,356
4577492,REM2021-021 - Filing Receipt 2025-06-19 001126 - A9J6Q2,2,2,2,178.5,334,356
4577494,REM2021-042 - Annual Update - Compte rendu annuel - 2025-06-19 0011 - A9J6Q3,2,2,2,190.5,381,381
4577495,REM2021-043 - Annual Update - Compte rendu annuel - 2025-06-19 0011 - A9J6Q5,2,2,2,190.5,381,381
4577496,REM2021-043 - Filing Receipt 2025-06-19 001131 - A9J6Q6,2,2,2,179.5,336,358
4577497,REM2021-057 - Annual Update - Compte rendu annuel - 2025-06-19 0011 - A9J6R9,2,2,2,190.5,381,381
4577545,REM2024-028 - Annual Update - Compte rendu annuel - 2025-06-26 0011 - A9J7W9,2,2,2,166.0,332,334
4577546,REM2024-028 - Filing Receipt 2025-06-26 001141 - A9J7X0,2,2,2,184.0,343,367
4577548,REM2024-031 - Annual Update - Compte rendu annuel - 2025-06-26 0011 - A9J7X1,2,2,2,209.5,419,418
4577549,REM2024-031 - Filing Receipt 2025-06-26 001143 - A9J7X2,2,2,2,184.5,344,368
4577567,C35331-1 1057533 Annual Update to Financial Resources Plan ltr June 27 2025 - A9J8E4,1,1,1,121.0,121,121
4577771,REM2023-004 - Filing Receipt 2025-06-19 001224 - A9J6U8,2,2,2,178.5,334,356
4577773,REM2023-005 - Annual Update - Compte rendu annuel - 2025-06-19 0012 - A9J6U9,2,2,2,190.5,381,381
4577774,REM2023-005 - Filing Receipt 2025-06-19 001226 - A9J6V0,2,2,2,178.5,332,356
4577776,REM2023-006 - Annual Update - Compte rendu annuel - 2025-06-19 0012 - A9J6V1,2,2,2,190.5,381,381
4577777,REM2023-006 - Filing Receipt 2025-06-19 001229 - A9J6V2,2,2,2,178.5,334,356
4577779,REM2023-008 - Annual Update - Compte rendu annuel - 2025-06-19 0012 - A9J6V3,2,2,2,190.5,381,381
4577780,REM2023-008 - Filing Receipt 2025-06-19 001231 - A9J6V4,2,2,2,178.5,332,356
4577782,REM2023-009 - Annual Update - Compte rendu annuel - 2025-06-19 0012 - A9J6V5,2,2,2,204.0,408,408
4577783,REM2023-009 - Filing Receipt 2025-06-19 001233 - A9J6V6,2,2,2,178.5,334,356
4577785,REM2023-023 - Annual Update - Compte rendu annuel - 2025-06-19 0012 - A9J6V7,2,2,2,190.5,381,381
4577786,REM2023-023 - Filing Receipt 2025-06-19 001236 - A9J6V8,2,2,2,178.5,334,356
4577788,REM2023-024 - Annual Update - Compte rendu annuel - 2025-06-19 0012 - A9J6V9,2,2,2,178.5,357,357
4577789,REM2023-024 - Filing Receipt 2025-06-19 001238 - A9J6W0,2,2,2,178.5,332,356
4577791,REM2024-008 - Annual Update - Compte rendu annuel - 2025-06-19 0012 - A9J6W1,2,2,2,190.5,381,381
4577792,REM2024-008 - Filing Receipt 2025-06-19 001240 - A9J6W2,2,2,2,178.5,332,356
4577794,REM2024-007 - Annual Update - Compte rendu annuel - 2025-06-19 0012 - A9J6W3,2,2,2,187.0,374,374
4577795,REM2024-007 - Filing Receipt 2025-06-19 001243 - A9J6W4,2,2,2,178.5,334,356
4577797,REM2024-009 - Annual Update - Compte rendu annuel - 2025-06-19 0012 - A9J6W5,2,2,2,164.5,329,330
4577798,REM2024-009 - Filing Receipt 2025-06-19 001245 - A9J6W6,2,2,2,178.5,334,356
4577800,REM2024-010 - Annual Update - Compte rendu annuel - 2025-06-19 0012 - A9J6W7,2,2,2,190.0,380,381
4577801,REM2024-010 - Filing Receipt 2025-06-19 001248 - A9J6W8,2,2,2,178.5,334,356
4577803,REM2024-011 - Annual Update - Compte rendu annuel - 2025-06-19 0012 - A9J6W9,2,2,2,183.5,367,365
4577804,REM2024-011 - Filing Receipt 2025-06-19 001250 - A9J6X0,2,2,2,178.5,334,356
4577806,REM2024-029 - Annual Update - Compte rendu annuel - 2025-06-19 0012 - A9J6X1,2,2,2,183.5,367,365
4577807,REM2024-029 - Filing Receipt 2025-06-19 001252 - A9J6X2,2,2,2,178.5,334,356
4577817,C35250-1 Enercapita AM Best Ratings - A9J7C6,1,1,1,120.0,120,121
4577874,C35316-2 Commission - Lettre - Alliance Pipeline Ltd. - Exigences en matière de ressources financières - A9J7Z0,3,3,3,405.0,1211,1241
4577985,REM2024-006 - Annual Update - Compte rendu annuel - 2025-06-27 0011 - A9J8C7,2,2,2,190.0,380,380
4577986,REM2024-006 - Filing Receipt 2025-06-27 001102 - A9J8C8,2,2,2,181.0,337,361
4578085,REM2024-023 - Annual Update - Compte rendu annuel - 2025-06-26 0011 - A9J7W7,2,2,2,189.5,379,379
4578086,REM2024-023 - Filing Receipt 2025-06-26 001138 - A9J7W8,2,2,2,184.0,343,367
4578088,C35316-1 Commission - Letter - Alliance Pipeline Ltd. - Financial Resources Requirements - A9J7Z1,3,3,3,369.0,1104,1138
4581677,REM2019-003 - Annual Update - Compte rendu annuel - 2025-06-30 0009 - A9J8I6,2,2,2,206.5,413,414
4581678,REM2019-003 - Filing Receipt 2025-06-30 000900 - A9J8I7,2,2,2,178.5,334,356
4581680,REM2019-031 - Annual Update - Compte rendu annuel - 2025-06-30 0009 - A9J8I8,2,2,2,189.5,379,379
4581681,REM2019-031 - Filing Receipt 2025-06-30 000903 - A9J8I9,2,2,2,178.0,333,355
4581694,REM2020-022 - Annual Update - Compte rendu annuel - 2025-07-01 0010 - A9J8T8,2,2,2,238.5,476,476
4581695,REM2020-022 - Filing Receipt 2025-07-01 001010 - A9J8T9,2,2,2,178.0,333,355
4581697,REM2020-023 - Annual Update - Compte rendu annuel - 2025-07-01 0010 - A9J8U0,2,2,2,181.0,362,363
4581698,REM2020-023 - Filing Receipt 2025-07-01 001012 - A9J8U1,2,2,2,178.0,331,355
4581700,REM2021-014 - Annual Update - Compte rendu annuel - 2025-07-01 0010 - A9J8U2,2,2,2,198.0,396,396
4581701,REM2021-014 - Filing Receipt 2025-07-01 001014 - A9J8U3,2,2,2,178.0,333,355
4581703,REM2022-007 - Annual Update - Compte rendu annuel - 2025-07-01 0010 - A9J8U4,2,2,2,179.5,359,359
4581704,REM2022-007 - Filing Receipt 2025-07-01 001017 - A9J8U5,2,2,2,178.0,333,355
4581706,REM2023-031 - Annual Update - Compte rendu annuel - 2025-07-01 0010 - A9J8U6,2,2,2,194.5,389,389
4581707,REM2023-031 - Filing Receipt 2025-07-01 001019 - A9J8U7,2,2,2,178.0,333,355
4581715,REM2012-149 - Filing Receipt 2025-07-03 000958 - A9J8Y8,2,2,2,178.0,333,355
4581717,REM2018-021 - Annual Update - Compte rendu annuel - 2025-07-03 0010 - A9J8Y9,2,2,2,190.5,381,381
4581718,REM2018-021 - Filing Receipt 2025-07-03 001001 - A9J8Z0,2,2,2,178.0,333,355
4581720,REM2018-026 - Filing Receipt 2025-07-03 001009 - A9J8Z6,2,2,2,178.0,333,355
4581722,REM2018-028 - Filing Receipt 2025-07-03 001012 - A9J8Z8,2,2,2,178.0,331,355
4581733,REM2019-018 - Filing Receipt 2025-07-04 001016 - A9J9K7,2,2,2,178.0,333,355
4581735,REM2019-019 - Filing Receipt 2025-07-04 001018 - A9J9K9,2,2,2,178.0,333,355
4581737,REM2019-020 - Annual Update - Compte rendu annuel - 2025-07-04 0010 - A9J9L0,2,2,2,190.5,381,381
4581743,C35469-1 WS re WBFN Comments on SaskPower IPL Application (July 5 2025) - A9J9V4,7,7,7,380.0,2524,2989
4581745,REM2019-022 - Filing Receipt 2025-07-07 000841 - A9J9V9,2,2,2,178.0,333,355
4581747,REM2020-019 - Filing Receipt 2025-07-07 000904 - A9J9X9,2,2,2,178.0,333,355
4581749,REM2021-002 - Annual Update - Compte rendu annuel - 2025-07-07 0009 - A9J9Y2,2,2,2,190.5,381,381
4581750,REM2021-002 - Filing Receipt 2025-07-07 000909 - A9J9Y3,2,2,2,178.0,333,355
4581788,REM2021-004 - Annual Update - Compte rendu annuel - 2025-06-30 0009 - A9J8J4,2,2,2,200.5,401,401
4581791,REM2020-015 - Annual Update - Compte rendu annuel - 2025-07-01 0010 - A9J8T6,2,2,2,186.0,372,373
4581792,REM2020-015 - Filing Receipt 2025-07-01 001008 - A9J8T7,2,2,2,178.0,333,355
4581798,REM2012-149 - Annual Update - Compte rendu annuel - 2025-07-03 0009 - A9J8Y7,2,2,2,190.5,381,381
4581799,REM2018-024 - Filing Receipt 2025-07-03 001007 - A9J8Z4,2,2,2,178.0,333,355
4581802,REM2021-029 - Annual Update - Compte rendu annuel - 2025-07-03 0010 - A9J9A7,2,2,2,183.5,367,365
4581803,REM2021-031 - Annual Update - Compte rendu annuel - 2025-07-03 0010 - A9J9C5,2,2,2,183.5,367,365
4581804,REM2021-037 - Filing Receipt 2025-07-03 001037 - A9J9C8,2,2,2,178.0,333,355
4581806,REM2021-038 - Annual Update - Compte rendu annuel - 2025-07-03 0010 - A9J9C9,2,2,2,183.5,367,365
4581807,REM2021-038 - Filing Receipt 2025-07-03 001039 - A9J9D0,2,2,2,178.0,333,355
4581809,REM2021-054 - Annual Update - Compte rendu annuel - 2025-07-03 0010 - A9J9D1,2,2,2,183.5,367,365
4581810,REM2021-054 - Filing Receipt 2025-07-03 001042 - A9J9D2,2,2,2,181.0,337,361
4581812,REM2022-003 - Annual Update - Compte rendu annuel - 2025-07-03 0010 - A9J9D3,2,2,2,183.5,367,365
4581813,REM2022-003 - Filing Receipt 2025-07-03 001045 - A9J9D4,2,2,2,181.0,337,361
4581815,REM2022-004 - Annual Update - Compte rendu annuel - 2025-07-03 0010 - A9J9D5,2,2,2,190.5,381,381
4581816,REM2022-004 - Filing Receipt 2025-07-03 001047 - A9J9D6,2,2,2,178.0,331,355
4581818,REM2022-005 - Annual Update - Compte rendu annuel - 2025-07-03 0010 - A9J9D7,2,2,2,200.0,400,400
4581819,REM2022-005 - Filing Receipt 2025-07-03 001050 - A9J9D8,2,2,2,178.5,332,356
4581821,REM2022-026 - Annual Update - Compte rendu annuel - 2025-07-03 0010 - A9J9D9,2,2,2,189.5,379,379
4581822,REM2022-026 - Filing Receipt 2025-07-03 001052 - A9J9E0,2,2,2,178.5,334,356
4581824,REM2023-002 - Annual Update - Compte rendu annuel - 2025-07-03 0010 - A9J9E1,2,2,2,206.5,413,413
4581825,REM2023-002 - Filing Receipt 2025-07-03 001055 - A9J9E2,2,2,2,178.0,331,355
4581827,REM2023-007 - Annual Update - Compte rendu annuel - 2025-07-03 0010 - A9J9E3,2,2,2,190.5,381,381
4581828,REM2023-007 - Filing Receipt 2025-07-03 001057 - A9J9E4,2,2,2,178.5,334,356
4581830,REM2023-010 - Annual Update - Compte rendu annuel - 2025-07-03 0011 - A9J9E5,2,2,2,223.5,447,447
4581831,REM2023-010 - Filing Receipt 2025-07-03 001100 - A9J9E6,2,2,2,182.0,339,363
4581833,REM2023-011 - Annual Update - Compte rendu annuel - 2025-07-03 0011 - A9J9E7,2,2,2,227.5,455,455
4581834,REM2023-011 - Filing Receipt 2025-07-03 001103 - A9J9E8,2,2,2,182.0,339,363
4581836,REM2023-017 - Annual Update - Compte rendu annuel - 2025-07-03 0011 - A9J9E9,2,2,2,200.5,401,401
4581837,REM2023-017 - Filing Receipt 2025-07-03 001105 - A9J9F0,2,2,2,178.0,333,355
4581839,REM2023-019 - Annual Update - Compte rendu annuel - 2025-07-03 0011 - A9J9F1,2,2,2,194.0,388,388
4581840,REM2023-019 - Filing Receipt 2025-07-03 001108 - A9J9F2,2,2,2,178.0,333,355
4581847,REM2019-010 - Filing Receipt 2025-07-04 001011 - A9J9K3,2,2,2,178.0,333,355
4581848,REM2019-020 - Filing Receipt 2025-07-04 001020 - A9J9L1,2,2,2,178.0,331,355
4581850,REM2021-033 - Annual Update - Compte rendu annuel - 2025-07-04 0010 - A9J9Q2,2,2,2,226.0,452,452
4581851,REM2021-033 - Filing Receipt 2025-07-04 001035 - A9J9Q3,2,2,2,178.0,333,355
4581853,REM2024-026 - Annual Update - Compte rendu annuel - 2025-07-04 0010 - A9J9Q4,2,2,2,237.5,475,475
4581854,REM2024-026 - Filing Receipt 2025-07-04 001037 - A9J9Q5,2,2,2,178.5,334,356
4581865,REM2019-022 - Annual Update - Compte rendu annuel - 2025-07-07 0008 - A9J9V8,2,2,2,190.5,381,381
4581866,REM2019-036 - Filing Receipt 2025-07-07 000844 - A9J9W1,2,2,2,178.0,333,355
4581868,REM2020-001 - Annual Update - Compte rendu annuel - 2025-07-07 0008 - A9J9W2,2,2,2,190.5,381,381
4581869,REM2020-001 - Filing Receipt 2025-07-07 000846 - A9J9W3,2,2,2,178.0,331,355
4581872,REM2020-004 - Annual Update - Compte rendu annuel - 2025-07-07 0008 - A9J9W6,2,2,2,190.5,381,381
4581873,REM2020-004 - Filing Receipt 2025-07-07 000851 - A9J9W7,2,2,2,178.0,331,355
4581874,REM2020-007 - Annual Update - Compte rendu annuel - 2025-07-07 0008 - A9J9W8,2,2,2,190.5,381,381
4581875,REM2021-059 - Annual Update - Compte rendu annuel - 2025-07-07 0009 - A9J9Z0,2,2,2,176.0,352,350
4581876,REM2021-059 - Filing Receipt 2025-07-07 000920 - A9J9Z1,2,2,2,178.0,333,355
4581878,REM2022-013 - Filing Receipt 2025-07-07 000927 - A9J9Z7,2,2,2,178.0,333,355
4581879,REM2022-029 - Annual Update - Compte rendu annuel - 2025-07-07 0009 - A9K0A2,2,2,2,172.5,345,343
4581880,REM2022-029 - Filing Receipt 2025-07-07 000934 - A9K0A3,2,2,2,178.0,331,355
4581882,REM2022-031 - Annual Update - Compte rendu annuel - 2025-07-07 0009 - A9K0A4,2,2,2,187.0,374,374
4581883,REM2022-031 - Filing Receipt 2025-07-07 000936 - A9K0A5,2,2,2,183.0,341,365
4581885,REM2022-032 - Annual Update - Compte rendu annuel - 2025-07-07 0009 - A9K0A6,2,2,2,190.5,381,381
4581886,REM2022-032 - Filing Receipt 2025-07-07 000938 - A9K0A7,2,2,2,183.0,341,365
4581888,REM2023-014 - Annual Update - Compte rendu annuel - 2025-07-07 0009 - A9K0A8,2,2,2,190.5,381,381
4581889,REM2023-014 - Filing Receipt 2025-07-07 000941 - A9K0A9,2,2,2,183.0,341,365
4581891,REM2023-016 - Annual Update - Compte rendu annuel - 2025-07-07 0009 - A9K0C0,2,2,2,190.5,381,381
4581892,REM2023-016 - Filing Receipt 2025-07-07 000943 - A9K0C1,2,2,2,181.5,338,362
4581894,REM2023-025 - Annual Update - Compte rendu annuel - 2025-07-07 0009 - A9K0C2,2,2,2,167.0,334,335
4581895,REM2023-025 - Filing Receipt 2025-07-07 000945 - A9K0C3,2,2,2,181.0,337,361
4581898,REM2020-031 - Filing Receipt 2025-06-30 000909 - A9J8J3,2,2,2,181.5,338,362
4581900,REM2021-004 - Filing Receipt 2025-06-30 000912 - A9J8J5,2,2,2,178.0,333,355
4581901,REM2021-010 - Annual Update - Compte rendu annuel - 2025-06-30 0009 - A9J8K2,2,2,2,190.0,380,380
4581902,REM2021-010 - Filing Receipt 2025-06-30 000923 - A9J8K3,2,2,2,178.0,333,355
4581904,REM2021-016 - Annual Update - Compte rendu annuel - 2025-06-30 0009 - A9J8K4,2,2,2,183.5,366,366
4581905,REM2021-016 - Filing Receipt 2025-06-30 000926 - A9J8K5,2,2,2,178.0,333,355
4581907,REM2021-019 - Annual Update - Compte rendu annuel - 2025-06-30 0009 - A9J8K6,2,2,2,159.5,319,319
4581908,REM2021-019 - Filing Receipt 2025-06-30 000928 - A9J8K7,2,2,2,178.0,333,355
4581910,REM2021-024 - Annual Update - Compte rendu annuel - 2025-06-30 0009 - A9J8K8,2,2,2,173.5,347,347
4581911,REM2021-024 - Filing Receipt 2025-06-30 000931 - A9J8K9,2,2,2,178.0,333,355
4581913,REM2021-025 - Annual Update - Compte rendu annuel - 2025-06-30 0009 - A9J8L0,2,2,2,172.0,343,344
4581914,REM2021-025 - Filing Receipt 2025-06-30 000933 - A9J8L1,2,2,2,178.0,333,355
4581916,REM2021-048 - Annual Update - Compte rendu annuel - 2025-06-30 0009 - A9J8L2,2,2,2,182.5,364,364
4581917,REM2021-048 - Filing Receipt 2025-06-30 000935 - A9J8L3,2,2,2,178.0,333,355
4581919,REM2021-061 - Annual Update - Compte rendu annuel - 2025-06-30 0009 - A9J8L4,2,2,2,184.5,369,369
4581920,REM2021-061 - Filing Receipt 2025-06-30 000937 - A9J8L5,2,2,2,178.0,333,355
4581922,REM2022-021 - Annual Update - Compte rendu annuel - 2025-06-30 0009 - A9J8L6,2,2,2,189.5,379,379
4581923,REM2022-021 - Filing Receipt 2025-06-30 000940 - A9J8L7,2,2,2,178.0,331,355
4581925,REM2023-001 - Annual Update - Compte rendu annuel - 2025-06-30 0009 - A9J8L8,2,2,2,211.5,423,423
4581926,REM2023-001 - Filing Receipt 2025-06-30 000942 - A9J8L9,2,2,2,183.0,341,365
4581932,REM2021-029 - Filing Receipt 2025-07-03 001024 - A9J9A8,2,2,2,178.0,333,355
4581934,REM2021-034 - Annual Update - Compte rendu annuel - 2025-07-03 0010 - A9J9A9,2,2,2,183.5,367,365
4581936,REM2021-030 - Annual Update - Compte rendu annuel - 2025-07-03 0010 - A9J9C3,2,2,2,183.5,367,365
4581937,REM2021-030 - Filing Receipt 2025-07-03 001032 - A9J9C4,2,2,2,178.0,333,355
4581939,REM2021-031 - Filing Receipt 2025-07-03 001034 - A9J9C6,2,2,2,181.5,338,362
4581941,REM2021-037 - Annual Update - Compte rendu annuel - 2025-07-03 0010 - A9J9C7,2,2,2,183.5,367,365
4581952,REM2019-017 - Annual Update - Compte rendu annuel - 2025-07-04 0010 - A9J9K4,2,2,2,200.5,401,401
4581953,REM2019-019 - Annual Update - Compte rendu annuel - 2025-07-04 0010 - A9J9K8,2,2,2,190.5,381,381
4581962,REM2020-007 - Filing Receipt 2025-07-07 000853 - A9J9W9,2,2,2,178.0,333,355
4581964,REM2020-008 - Filing Receipt 2025-07-07 000855 - A9J9X1,2,2,2,178.0,331,355
4581965,REM2020-009 - Annual Update - Compte rendu annuel - 2025-07-07 0008 - A9J9X2,2,2,2,190.5,381,381
4581966,REM2021-045 - Filing Receipt 2025-07-07 000914 - A9J9Y7,2,2,2,178.0,333,355
4581968,REM2021-055 - Annual Update - Compte rendu annuel - 2025-07-07 0009 - A9J9Y8,2,2,2,207.5,415,415
4582007,REM2020-002 - Annual Update - Compte rendu annuel - 2025-06-30 0009 - A9J8J0,2,2,2,175.0,349,349
4582008,REM2020-002 - Filing Receipt 2025-06-30 000906 - A9J8J1,2,2,2,182.5,340,364
4582009,REM2021-006 - Filing Receipt 2025-06-30 000915 - A9J8J7,2,2,2,178.0,333,355
4582011,REM2021-008 - Annual Update - Compte rendu annuel - 2025-06-30 0009 - A9J8J8,2,2,2,189.5,379,379
4582012,REM2021-008 - Filing Receipt 2025-06-30 000918 - A9J8J9,2,2,2,178.0,333,355
4582018,REM2024-021 - Annual Update - Compte rendu annuel - 2025-07-02 0009 - A9J8V8,2,2,2,188.5,377,377
4582019,REM2024-021 - Filing Receipt 2025-07-02 000916 - A9J8V9,2,2,2,181.5,338,362
4582020,REM2023-019 - Filing Receipt 2025-07-02 000910 - A9J8V3,2,2,2,173.5,322,347
4582022,REM2023-018 - Annual Update - Compte rendu annuel - 2025-07-02 0009 - A9J8V0,2,2,2,183.5,367,365
4582023,REM2023-018 - Filing Receipt 2025-07-02 000907 - A9J8V1,2,2,2,178.5,334,356
4582026,REM2018-023 - Filing Receipt 2025-07-03 001004 - A9J8Z2,2,2,2,178.0,331,355
4582027,REM2018-024 - Annual Update - Compte rendu annuel - 2025-07-03 0010 - A9J8Z3,2,2,2,160.0,285,321
4582029,REM2018-032 - Annual Update - Compte rendu annuel - 2025-07-03 0010 - A9J9A1,2,2,2,190.5,381,381
4582030,REM2018-032 - Filing Receipt 2025-07-03 001017 - A9J9A2,2,2,2,178.0,331,355
4582043,REM2018-041 - Annual Update - Compte rendu annuel - 2025-07-04 0010 - A9J9K0,2,2,2,176.5,353,353
4582044,REM2018-041 - Filing Receipt 2025-07-04 001008 - A9J9K1,2,2,2,178.0,333,355
4582057,C35470-1 REM2025-019 - Supplemental Information - Complément d’information - 2025-07-06 0009 - A9J9V6,2,2,2,290.5,578,578
4582058,REM2025-019 - Filing Receipt 2025-07-06 000902 - A9J9V7,2,2,2,181.0,337,361
4582059,REM2020-008 - Annual Update - Compte rendu annuel - 2025-07-07 0008 - A9J9X0,2,2,2,190.5,381,381
4582060,REM2020-009 - Filing Receipt 2025-07-07 000857 - A9J9X3,2,2,2,178.0,331,355
4582062,REM2020-016 - Annual Update - Compte rendu annuel - 2025-07-07 0009 - A9J9X4,2,2,2,190.5,381,381
4582064,REM2021-023 - Annual Update - Compte rendu annuel - 2025-07-07 0009 - A9J9Y4,2,2,2,167.0,334,335
4582117,REM2020-031 - Annual Update - Compte rendu annuel - 2025-06-30 0009 - A9J8J2,2,2,2,189.5,379,379
4582133,REM2023-015 - Annual Update - Compte rendu annuel - 2025-07-02 0009 - A9J8U8,2,2,2,206.0,412,412
4582140,REM2018-026 - Annual Update - Compte rendu annuel - 2025-07-03 0010 - A9J8Z5,2,2,2,190.5,381,381
4582151,REM2019-010 - Annual Update - Compte rendu annuel - 2025-07-04 0010 - A9J9K2,2,2,2,190.5,381,381
4582153,REM2019-018 - Annual Update - Compte rendu annuel - 2025-07-04 0010 - A9J9K6,2,2,2,190.5,381,381
4582172,REM2019-036 - Annual Update - Compte rendu annuel - 2025-07-07 0008 - A9J9W0,2,2,2,190.5,381,381
4582173,REM2020-017 - Filing Receipt 2025-07-07 000902 - A9J9X7,2,2,2,178.0,333,355
4582175,REM2020-019 - Annual Update - Compte rendu annuel - 2025-07-07 0009 - A9J9X8,2,2,2,176.0,352,350
4582177,REM2022-002 - Filing Receipt 2025-07-07 000922 - A9J9Z3,2,2,2,178.0,331,355
4582179,REM2022-011 - Annual Update - Compte rendu annuel - 2025-07-07 0009 - A9J9Z4,2,2,2,189.5,379,379
4582180,REM2022-011 - Filing Receipt 2025-07-07 000925 - A9J9Z5,2,2,2,178.0,333,355
4582182,REM2022-013 - Annual Update - Compte rendu annuel - 2025-07-07 0009 - A9J9Z6,2,2,2,190.5,381,381
4582183,REM2024-022 - Filing Receipt 2025-07-07 001007 - A9K0E1,2,2,2,181.0,337,361
4582185,REM2024-024 - Annual Update - Compte rendu annuel - 2025-07-07 0010 - A9K0E2,2,2,2,190.5,381,381
4582186,REM2024-024 - Filing Receipt 2025-07-07 001009 - A9K0E3,2,2,2,179.5,334,358
4582188,REM2024-025 - Annual Update - Compte rendu annuel - 2025-07-07 0010 - A9K0E4,2,2,2,190.5,381,381
4582451,REM2019-004 - Annual Update - Compte rendu annuel - 2025-07-01 0010 - A9J8T2,2,2,2,182.5,365,364
4582453,REM2023-015 - Filing Receipt 2025-07-02 000904 - A9J8U9,2,2,2,178.0,333,355
4582455,REM2024-003 - Annual Update - Compte rendu annuel - 2025-07-02 0009 - A9J8V6,2,2,2,213.0,426,425
4582456,REM2024-003 - Filing Receipt 2025-07-02 000914 - A9J8V7,2,2,2,178.5,334,356
4582464,REM2018-028 - Annual Update - Compte rendu annuel - 2025-07-03 0010 - A9J8Z7,2,2,2,190.5,381,381
4582474,REM2019-017 - Filing Receipt 2025-07-04 001013 - A9J9K5,2,2,2,178.0,333,355
4582481,REM2020-003 - Annual Update - Compte rendu annuel - 2025-07-07 0008 - A9J9W4,2,2,2,190.5,381,381
4582482,REM2020-003 - Filing Receipt 2025-07-07 000848 - A9J9W5,2,2,2,178.0,331,355
4582557,REM2021-009 - Annual Update - Compte rendu annuel - 2025-06-30 0009 - A9J8K0,2,2,2,190.0,380,381
4582566,REM2020-006 - Annual Update - Compte rendu annuel - 2025-07-01 0010 - A9J8T4,2,2,2,180.0,360,361
4582567,REM2020-006 - Filing Receipt 2025-07-01 001005 - A9J8T5,2,2,2,178.0,333,355
4582574,REM2018-023 - Annual Update - Compte rendu annuel - 2025-07-03 0010 - A9J8Z1,2,2,2,190.5,381,381
4582575,REM2018-029 - Annual Update - Compte rendu annuel - 2025-07-03 0010 - A9J8Z9,2,2,2,190.5,381,381
4582576,REM2018-029 - Filing Receipt 2025-07-03 001014 - A9J9A0,2,2,2,178.0,331,355
4582577,REM2021-034 - Filing Receipt 2025-07-03 001027 - A9J9C0,2,2,2,178.0,333,355
4582578,REM2021-035 - Annual Update - Compte rendu annuel - 2025-07-03 0010 - A9J9C1,2,2,2,183.5,367,365
4582579,REM2021-035 - Filing Receipt 2025-07-03 001029 - A9J9C2,2,2,2,178.0,333,355
4582586,REM2020-016 - Filing Receipt 2025-07-07 000900 - A9J9X5,2,2,2,178.0,333,355
4582588,REM2021-055 - Filing Receipt 2025-07-07 000917 - A9J9Y9,2,2,2,178.0,333,355
4582589,REM2022-002 - Annual Update - Compte rendu annuel - 2025-07-07 0009 - A9J9Z2,2,2,2,190.5,381,381
4582591,REM2022-023 - Annual Update - Compte rendu annuel - 2025-07-07 0009 - A9J9Z8,2,2,2,190.5,381,381
4582592,REM2022-023 - Filing Receipt 2025-07-07 000929 - A9J9Z9,2,2,2,178.0,331,355
4582594,REM2022-025 - Annual Update - Compte rendu annuel - 2025-07-07 0009 - A9K0A0,2,2,2,190.5,381,381
4582595,REM2022-025 - Filing Receipt 2025-07-07 000932 - A9K0A1,2,2,2,178.0,331,355
4582597,REM2024-014 - Annual Update - Compte rendu annuel - 2025-07-07 0009 - A9K0D4,2,2,2,190.5,381,381
4582598,REM2024-014 - Filing Receipt 2025-07-07 001000 - A9K0D5,2,2,2,181.0,337,361
4582600,REM2024-015 - Annual Update - Compte rendu annuel - 2025-07-07 0010 - A9K0D6,2,2,2,190.5,381,381
4582601,REM2024-015 - Filing Receipt 2025-07-07 001002 - A9K0D7,2,2,2,181.0,337,361
4582603,REM2024-017 - Annual Update - Compte rendu annuel - 2025-07-07 0010 - A9K0D8,2,2,2,190.5,381,381
4582604,REM2024-017 - Filing Receipt 2025-07-07 001005 - A9K0D9,2,2,2,181.0,337,361
4582606,REM2024-022 - Annual Update - Compte rendu annuel - 2025-07-07 0010 - A9K0E0,2,2,2,192.0,384,384
4582607,REM2024-025 - Filing Receipt 2025-07-07 001012 - A9K0E5,2,2,2,179.5,334,358
4582609,REM2024-027 - Annual Update - Compte rendu annuel - 2025-07-07 0010 - A9K0E6,2,2,2,190.5,381,381
4582610,REM2024-027 - Filing Receipt 2025-07-07 001014 - A9K0E7,2,2,2,179.5,334,358
4582612,REM2024-030 - Annual Update - Compte rendu annuel - 2025-07-07 0010 - A9K0E8,2,2,2,187.0,374,374
4582613,REM2024-030 - Filing Receipt 2025-07-07 001017 - A9K0E9,2,2,2,179.0,333,357
4582667,REM2021-006 - Annual Update - Compte rendu annuel - 2025-06-30 0009 - A9J8J6,2,2,2,189.5,379,379
4582668,REM2021-009 - Filing Receipt 2025-06-30 000920 - A9J8K1,2,2,2,178.0,333,355
4582677,REM2019-004 - Filing Receipt 2025-07-01 001003 - A9J8T3,2,2,2,178.0,333,355
4582678,REM2023-029 - Annual Update - Compte rendu annuel - 2025-07-02 0009 - A9J8V4,2,2,2,190.5,381,381
4582679,REM2023-029 - Filing Receipt 2025-07-02 000912 - A9J8V5,2,2,2,178.0,333,355
4582683,REM2018-033 - Annual Update - Compte rendu annuel - 2025-07-03 0010 - A9J9A3,2,2,2,209.0,418,418
4582684,REM2018-033 - Filing Receipt 2025-07-03 001019 - A9J9A4,2,2,2,178.0,333,355
4582686,REM2018-040 - Annual Update - Compte rendu annuel - 2025-07-03 0010 - A9J9A5,2,2,2,184.5,369,367
4582687,REM2018-040 - Filing Receipt 2025-07-03 001022 - A9J9A6,2,2,2,178.0,331,355
4582694,REM2019-021 - Annual Update - Compte rendu annuel - 2025-07-04 0010 - A9J9L2,2,2,2,190.5,381,381
4582695,REM2019-021 - Filing Receipt 2025-07-04 001023 - A9J9L3,2,2,2,178.0,333,355
4582697,REM2019-032 - Annual Update - Compte rendu annuel - 2025-07-04 0010 - A9J9L4,2,2,2,190.5,381,381
4582698,REM2019-032 - Filing Receipt 2025-07-04 001025 - A9J9L5,2,2,2,178.0,331,355
4582703,REM2021-036 - Annual Update - Compte rendu annuel - 2025-07-04 0010 - A9J9L8,2,2,2,190.5,381,381
4582704,REM2021-036 - Filing Receipt 2025-07-04 001030 - A9J9L9,2,2,2,178.0,333,355
4582706,REM2021-032 - Annual Update - Compte rendu annuel - 2025-07-04 0010 - A9J9Q0,2,2,2,212.5,425,425
4582707,REM2021-032 - Filing Receipt 2025-07-04 001032 - A9J9Q1,2,2,2,178.0,333,355
4582717,REM2020-017 - Annual Update - Compte rendu annuel - 2025-07-07 0009 - A9J9X6,2,2,2,190.5,381,381
4582718,REM2020-020 - Annual Update - Compte rendu annuel - 2025-07-07 0009 - A9J9Y0,2,2,2,190.5,381,381
4582719,REM2020-020 - Filing Receipt 2025-07-07 000907 - A9J9Y1,2,2,2,178.0,331,355
4582721,REM2021-023 - Filing Receipt 2025-07-07 000912 - A9J9Y5,2,2,2,178.0,333,355
4582723,REM2021-045 - Annual Update - Compte rendu annuel - 2025-07-07 0009 - A9J9Y6,2,2,2,190.5,381,381
4584427,REM2023-026 - Annual Update - Compte rendu annuel - 2025-07-07 0009 - A9K0C4,2,2,2,166.0,332,333
4584428,REM2023-026 - Filing Receipt 2025-07-07 000948 - A9K0C5,2,2,2,181.0,337,361
4584430,REM2024-001 - Annual Update - Compte rendu annuel - 2025-07-07 0009 - A9K0C6,2,2,2,173.0,346,346
4584431,REM2024-001 - Filing Receipt 2025-07-07 000950 - A9K0C7,2,2,2,181.0,337,361
4584433,REM2024-005 - Annual Update - Compte rendu annuel - 2025-07-07 0009 - A9K0C8,2,2,2,190.5,381,381
4584434,REM2024-005 - Filing Receipt 2025-07-07 000952 - A9K0C9,2,2,2,181.0,337,361
4584436,REM2024-012 - Annual Update - Compte rendu annuel - 2025-07-07 0009 - A9K0D0,2,2,2,190.5,381,381
4584437,REM2024-012 - Filing Receipt 2025-07-07 000955 - A9K0D1,2,2,2,181.0,337,361
4584439,REM2024-013 - Annual Update - Compte rendu annuel - 2025-07-07 0009 - A9K0D2,2,2,2,173.0,346,346
4584440,REM2024-013 - Filing Receipt 2025-07-07 000957 - A9K0D3,2,2,2,181.0,337,361
4585121,C35661-1 REM2025-021 - Supplemental Information - Complément d’information - 2025-07-21 0008 - A9K2L7,2,2,2,235.0,467,467
4585122,REM2025-021 - Filing Receipt 2025-07-21 000856 - A9K2L8,2,2,2,184.0,343,367
4585212,C35585-1 Commission - Ruling No. 3 – Cost apportionment application submitted by the Regional Municipality of Peel regarding TransCanada PipeLines Limited - A9K1G8,6,6,6,325.6666666666667,2595,2642
4585428,C35579-1 REM2025-020 - Supplemental Information - Complément d’information - 2025-07-12 0013 - A9K1D8,2,2,2,256.0,509,509
4585429,REM2025-020 - Filing Receipt 2025-07-12 001358 - A9K1D9,2,2,2,180.5,336,360
4585511,C35745-1 Commission - Letter - Saskatchewan Power - Application for Two Permits to Construct and Operate Two International Power Lines referred to as the “Southwest Power Pool to SaskPower Interconnection 230 kV” - A9K3Y2,1,1,1,252.0,282,278
4585512,C35745-2 Commission - IR No. 1 - Saskatchewan Power - Application for Two Permits to Construct and Operate Two International Power Lines referred to as “Southwest Power Pool to SaskPower Interconnection 230 kV” - A9K3Y3,6,6,6,171.33333333333334,1651,1690
4585575,C35660-1 2025-07-20 Letter to CER re Response to White Bear First Nations Written Submissions - A9K2L5,2,2,2,276.0,570,567
4588655,C35814-46 REC - Lettre aux personnes adressées – Saskatchewan Power Corporation – Construction et exploitation des « lignes d’interconnexion de 230 kV reliant les réseaux de Southwest Power Pool et de SaskPower » - A9K5H7,7,7,7,129.33333333333334,1719,1921
4590326,C35811-1 CER – Letter to Chacachas Treaty Nation –Saskatchewan Power Corporation – Application for two Permits to Construct and Operate the Southwest Power Pool to SaskPower Interconnection 230 kV - A9K5A8,5,5,5,249.66666666666666,1429,1656
4590327,C35811-2 CER – Letter to File Hills Qu’appelle Tribal Council – Saskatchewan Power Corporation – Application for two Permits to Construct and Operate the Southwest Power Pool to SaskPower Interconnection 230 kV - A9K5A9,5,5,5,251.66666666666666,1435,1662
4590328,C35811-3 CER – Letter to Standing Buffalo Dakota Nation – Saskatchewan Power Corporation – Application for two Permits to Construct and Operate the Southwest Power Pool to SaskPower Interconnection 230 kV - A9K5C0,5,5,5,249.0,1427,1654
4590329,C35811-4 CER – Letter to Wood Mountain Lakota First Nation – Saskatchewan Power Corporation – Application for two Permits to Construct and Operate the Southwest Power Pool to SaskPower Interconnection 230 kV - A9K5C1,5,5,5,249.0,1427,1654
4590330,C35811-5 REC – Lettre aux personnes adressées – Saskatchewan Power Corporation – construction et exploitation des lignes d’interconnexion de 230 kV reliant les réseaux de Southwest Power Pool et de SaskPower - A9K5C2,7,7,7,126.33333333333333,1710,1910
4590338,C35820-1 REM2025-022 - Supplemental Information - Complément d’information - 2025-08-04 0008 - A9K5K0,2,2,2,248.0,493,493
4590339,REM2025-022 - Filing Receipt 2025-08-04 000839 - A9K5K1,2,2,2,179.5,334,358
4590557,C35814-13 CER – Letter to Flying Dust First Nation – Saskatchewan Power Corporation – Application to Construct and Operate the “Southwest Power Pool to SaskPower Interconnection 230 kV” - A9K5E3,5,5,5,247.66666666666666,1498,1669
4590558,C35814-14 CER – Letter to Gambler First Nation – Saskatchewan Power Corporation – Application to Construct and Operate the “Southwest Power Pool to SaskPower Interconnection 230 kV” - A9K5E4,5,5,5,247.66666666666666,1499,1669
4590559,C35814-15 CER – Letter to George Gordon First Nation – Saskatchewan Power Corporation – Application to Construct and Operate the “Southwest Power Pool to SaskPower Interconnection 230 kV” - A9K5E5,5,5,5,247.0,1496,1668
4590560,C35814-16 CER – Letter to Kahkewistahaw First Nation – Saskatchewan Power Corporation – Application to Construct and Operate the “Southwest Power Pool to SaskPower Interconnection 230 kV” - A9K5E6,5,5,5,248.33333333333334,1500,1671
4590561,C35814-17 CER – Letter to Kawacatoose First Nation – Saskatchewan Power Corporation – Application to Construct and Operate the “Southwest Power Pool to SaskPower Interconnection 230 kV” - A9K5E7,5,5,5,246.33333333333334,1494,1665
4590562,C35814-18 CER – Letter to Keeseekoose First Nation – Saskatchewan Power Corporation – Application to Construct and Operate the “Southwest Power Pool to SaskPower Interconnection 230 kV” - A9K5E8,5,5,5,248.33333333333334,1500,1671
4590563,C35814-19 CER – Letter to Keeseekoowenin First Nation – Saskatchewan Power Corporation – Application to Construct and Operate the “Southwest Power Pool to SaskPower Interconnection 230 kV” - A9K5E9,5,5,5,247.0,1496,1668
4590564,C35814-20 CER – Letter to Kinistin Saulteaux Nation – Saskatchewan Power Corporation – Application to Construct and Operate the “Southwest Power Pool to SaskPower Interconnection 230 kV” - A9K5F0,5,5,5,247.0,1496,1667
4590565,C35814-21 CER – Letter to Lake St. Martin – Saskatchewan Power Corporation – Application to Construct and Operate the “Southwest Power Pool to SaskPower Interconnection 230 kV” - A9K5F1,5,5,5,246.0,1493,1664
4590566,C35814-22 CER – Letter to Little Black Bear – Saskatchewan Power Corporation – Application to Construct and Operate the “Southwest Power Pool to SaskPower Interconnection 230 kV” - A9K5F2,5,5,5,247.0,1496,1667
4590567,C35814-23 CER – Letter to Little Saskatchewan – Saskatchewan Power Corporation – Application to Construct and Operate the “Southwest Power Pool to SaskPower Interconnection 230 kV” - A9K5F3,5,5,5,246.0,1493,1664
4590568,C35814-24 CER – Letter to Manitoba Métis Federation – Saskatchewan Power Corporation – Application to Construct and Operate the “Southwest Power Pool to SaskPower Interconnection 230 kV” - A9K5F4,5,5,5,251.33333333333334,1509,1681
4590569,C35814-25 CER – Letter to Métis Nation - Saskatchewan Eastern Region III – Saskatchewan Power Corporation – Application to Construct and Operate the “Southwest Power Pool to SaskPower Interconnection 230 kV” - A9K5F5,5,5,5,248.33333333333334,1500,1671
4590570,C35814-26 CER – Letter to Métis Nation Saskatchewan – Saskatchewan Power Corporation – Application to Construct and Operate the “Southwest Power Pool to SaskPower Interconnection 230 kV” - A9K5F6,5,5,5,250.33333333333334,1506,1677
4590571,C35814-27 CER – Letter to Métis Nation Saskatchewan Local 25 Estevan – Saskatchewan Power Corporation – Application to Construct and Operate the “Southwest Power Pool to SaskPower Interconnection 230 kV” - A9K5F7,5,5,5,247.66666666666666,1498,1669
4590572,C35814-28 CER – Letter to Moose Mountain Métis Local 182 – Saskatchewan Power Corporation – Application to Construct and Operate the “Southwest Power Pool to SaskPower Interconnection 230 kV” - A9K5F8,5,5,5,247.66666666666666,1498,1669
4590573,C35814-29 CER – Letter to Muscowpetung First Nation – Saskatchewan Power Corporation – Application to Construct and Operate the “Southwest Power Pool to SaskPower Interconnection 230 kV” - A9K5F9,5,5,5,248.0,1499,1670
4590574,C35814-30 CER – Letter to Muskowekwan First Nation – Saskatchewan Power Corporation – Application to Construct and Operate the “Southwest Power Pool to SaskPower Interconnection 230 kV” - A9K5G0,5,5,5,248.0,1499,1670
4590575,C35814-31 CER – Letter to Nekaneet First Nation – Saskatchewan Power Corporation – Application to Construct and Operate the “Southwest Power Pool to SaskPower Interconnection 230 kV” - A9K5G1,5,5,5,246.66666666666666,1495,1666
4590576,C35814-32 CER – Letter to Ocean Man First Nation – Saskatchewan Power Corporation – Application to Construct and Operate the “Southwest Power Pool to SaskPower Interconnection 230 kV” - A9K5G2,5,5,5,246.66666666666666,1496,1666
4590577,C35814-33 CER – Letter to Ochapowace First Nation – Saskatchewan Power Corporation – Application to Construct and Operate the “Southwest Power Pool to SaskPower Interconnection 230 kV” - A9K5G3,5,5,5,249.0,1502,1673
4590578,C35814-34 CER – Letter to O-Chi-Chak-Ko-Sipi First Nation – Saskatchewan Power Corporation – Application to Construct and Operate the “Southwest Power Pool to SaskPower Interconnection 230 kV” - A9K5G4,5,5,5,246.66666666666666,1496,1666
4590605,C35875-1 Letter to CER - Saskatchewan Power Corporation Response to CER IR No. 1 - A9K6K7,2,2,2,194.0,404,408
4590633,C35906-1 RM of Peel Extension Request 20250813 - A9K7C1,2,2,2,164.5,330,324
4590638,C35763-2 2025 FRP Plan -July 2025 - A9K4E3,2,2,2,188.5,351,371
4590639,"C35763-3 Annual Financial Resources Reporting form - 2024 Filled July 28, 2025 - A9K4E4",2,2,2,279.0,480,518
4590659,C35814-35 CER – Letter to Okanese First Nation – Saskatchewan Power Corporation – Application to Construct and Operate the “Southwest Power Pool to SaskPower Interconnection 230 kV” - A9K5G5,5,5,5,246.33333333333334,1494,1665
4590660,C35814-36 CER – Letter to Pasqua First Nation #79 – Saskatchewan Power Corporation – Application to Construct and Operate the “Southwest Power Pool to SaskPower Interconnection 230 kV” - A9K5G6,5,5,5,248.0,1499,1670
4590661,C35814-37 CER – Letter to Peepeekisis Cree Nation – Saskatchewan Power Corporation – Application to Construct and Operate the “Southwest Power Pool to SaskPower Interconnection 230 kV” - A9K5G7,5,5,5,248.66666666666666,1501,1672
4590662,C35814-38 CER – Letter to Pheasant Rump Nakota – Saskatchewan Power Corporation – Application to Construct and Operate the “Southwest Power Pool to SaskPower Interconnection 230 kV” - A9K5G8,5,5,5,246.33333333333334,1495,1665
4590663,C35814-39 CER – Letter to Piapot First Nation – Saskatchewan Power Corporation – Application to Construct and Operate the “Southwest Power Pool to SaskPower Interconnection 230 kV” - A9K5G9,5,5,5,245.66666666666666,1493,1663
4590664,C35814-40 CER – Letter to Pinaymootang First Nation – Saskatchewan Power Corporation – Application to Construct and Operate the “Southwest Power Pool to SaskPower Interconnection 230 kV” - A9K5H0,5,5,5,246.66666666666666,1495,1666
4590665,C35814-41 CER – Letter to Pine Creek First Nation – Saskatchewan Power Corporation – Application to Construct and Operate the “Southwest Power Pool to SaskPower Interconnection 230 kV” - A9K5H1,5,5,5,248.66666666666666,1501,1673
4590666,C35814-42 CER – Letter to Rolling River – Saskatchewan Power Corporation – Application to Construct and Operate the “Southwest Power Pool to SaskPower Interconnection 230 kV” - A9K5H2,5,5,5,246.66666666666666,1495,1666
4590667,C35814-43 CER – Letter to Sapotaweyak Cree Nation – Saskatchewan Power Corporation – Application to Construct and Operate the “Southwest Power Pool to SaskPower Interconnection 230 kV” - A9K5H3,5,5,5,247.0,1496,1667
4590668,C35814-44 CER – Letter to Sintaluta Métis Local 103 – Saskatchewan Power Corporation – Application to Construct and Operate the “Southwest Power Pool to SaskPower Interconnection 230 kV” - A9K5H4,5,5,5,247.66666666666666,1498,1669
4590669,C35814-45 CER – Letter to Sioux Valley Dakota Nation – Saskatchewan Power Corporation – Application to Construct and Operate the “Southwest Power Pool to SaskPower Interconnection 230 kV” - A9K5H5,5,5,5,246.66666666666666,1495,1667
4590671,C35816-3 CER – Letter to The Key First Nation – Saskatchewan Power Corporation – Application to Construct and Operate the “Southwest Power Pool to SaskPower Interconnection 230 kV” - A9K5I3,5,5,5,248.0,1499,1670
4590672,C35816-4 CER – Letter to Tootinaowaziibeeng Treaty Reserve – Saskatchewan Power Corporation – Application to Construct and Operate the “Southwest Power Pool to SaskPower Interconnection 230 kV” - A9K5I4,5,5,5,249.33333333333334,1503,1674
4590673,C35816-5 CER – Letter to Waywayseecappo First Nation Treaty Four –1874 – Saskatchewan Power Corporation – Application to Construct and Operate the “Southwest Power Pool to SaskPower Interconnection 230 kV” - A9K5I5,5,5,5,247.33333333333334,1496,1668
4590674,C35816-6 CER – Letter to Weyburn Métis Local 87 – Saskatchewan Power Corporation – Application to Construct and Operate the “Southwest Power Pool to SaskPower Interconnection 230 kV” - A9K5I6,5,5,5,247.0,1497,1667
4590675,C35816-7 CER – Letter to White Bear First Nation – Saskatchewan Power Corporation – Application to Construct and Operate the “Southwest Power Pool to SaskPower Interconnection 230 kV” - A9K5I7,5,5,5,249.0,1502,1673
4590676,C35816-8 CER – Letter to Wuskwi Sipihk First Nation – Saskatchewan Power Corporation – Application to Construct and Operate the “Southwest Power Pool to SaskPower Interconnection 230 kV” - A9K5I8,5,5,5,247.0,1496,1667
4590677,C35816-9 CER – Letter to Yellow Quill First Nation – Saskatchewan Power Corporation – Application to Construct and Operate the “Southwest Power Pool to SaskPower Interconnection 230 kV” - A9K5I9,5,5,5,247.0,1496,1667
4590678,C35816-10 CER – Letter to Zagime Anishinabek (Sakimay) First Nation – Saskatchewan Power Corporation – Application to Construct and Operate the “Southwest Power Pool to SaskPower Interconnection 230 kV” - A9K5J0,5,5,5,247.0,1497,1667
4590679,C35816-11 REC - Lettre aux personnes adressées – Saskatchewan Power Corporation – Construction et exploitation des « lignes d’interconnexion de 230 kV reliant les réseaux de Southwest Power Pool et de SaskPower » - A9K5J1,7,7,7,129.33333333333334,1719,1921
4590700,C35875-2 Saskatchewan Power Corporation Response to CER Information Request No. 1 - A9K6K8,70,70,70,116.0,19343,20240
4590770,C35795-1 CER - Letter – Application for Compensation from Peace River Greenhouses Ltd. against Westcoast Energy Inc. - Comment process - A9K4U1,2,2,2,247.5,493,515
4590792,C35814-5 CER – Letter to Cote First Nation – Saskatchewan Power Corporation – Application to Construct and Operate the “Southwest Power Pool to SaskPower Interconnection 230 kV” - A9K5D5,5,5,5,246.33333333333334,1494,1665
4590793,C35814-6 CER – Letter to Cowessess First Nation – Saskatchewan Power Corporation – Application to Construct and Operate the “Southwest Power Pool to SaskPower Interconnection 230 kV” - A9K5D6,5,5,5,248.66666666666666,1501,1672
4590794,C35814-7 CER – Letter to Dakota Plains First Nation – Saskatchewan Power Corporation – Application to Construct and Operate the “Southwest Power Pool to SaskPower Interconnection 230 kV” - A9K5D7,5,5,5,247.33333333333334,1497,1668
4590852,C35953-1 CES Hearing Doc1.docx - A9K7U1,2,2,2,402.5,804,805
4590853,C35953-2 All Particulars - A9K7U2,22,22,22,322.0,5973,5995
4590863,"C35763-1 Line of credit ATB March 10, 2025 - A9K4E2",1,1,1,38.0,64,43
4590906,C35814-1 CER – Letter to Animozeebeeng (Lake Manitoba) First Nation – Saskatchewan Power Corporation – Application to Construct and Operate the “Southwest Power Pool to SaskPower Interconnection 230 kV” - A9K5D1,5,5,5,249.33333333333334,1503,1674
4590907,C35814-2 CER – Letter to Birdtail Sioux – Saskatchewan Power Corporation – Application to Construct and Operate the “Southwest Power Pool to SaskPower Interconnection 230 kV” - A9K5D2,5,5,5,246.0,1493,1664
4590969,C35776-1 LT to CER re SaskPower Response to WBFN Written Submissions (July 29 2025) - A9K4H2,2,2,2,257.0,452,504
4590993,C35814-10 CER – Letter to Day Star First Nation – Saskatchewan Power Corporation – Application to Construct and Operate the “Southwest Power Pool to SaskPower Interconnection 230 kV” - A9K5E0,5,5,5,248.66666666666666,1501,1672
4590999,C35816-1 CER – Letter to Skownan First Nation – Saskatchewan Power Corporation – Application to Construct and Operate the “Southwest Power Pool to SaskPower Interconnection 230 kV” - A9K5I1,5,5,5,245.66666666666666,1492,1663
4591000,C35816-2 CER – Letter to Star Blanket Cree Nation – Saskatchewan Power Corporation – Application to Construct and Operate the “Southwest Power Pool to SaskPower Interconnection 230 kV” - A9K5I2,5,5,5,247.33333333333334,1497,1668
4591109,C35814-3 CER – Letter to Canupawakpa Dakota First Nation – Saskatchewan Power Corporation – Application to Construct and Operate the “Southwest Power Pool to SaskPower Interconnection 230 kV” - A9K5D3,5,5,5,246.66666666666666,1495,1667
4591110,C35814-4 CER – Letter to Carry the Kettle Nakota Nation – Saskatchewan Power Corporation – Application to Construct and Operate the “Southwest Power Pool to SaskPower Interconnection 230 kV” - A9K5D4,5,5,5,248.33333333333334,1500,1671
4591111,C35814-8 CER – Letter to Dakota Tipi First Nation – Saskatchewan Power Corporation – Application to Construct and Operate the “Southwest Power Pool to SaskPower Interconnection 230 kV” - A9K5D8,5,5,5,247.33333333333334,1498,1668
4591112,C35814-9 CER – Letter to Dauphin River First Nation – Saskatchewan Power Corporation – Application to Construct and Operate the “Southwest Power Pool to SaskPower Interconnection 230 kV” - A9K5D9,5,5,5,246.66666666666666,1495,1666
4591113,C35814-11 CER – Letter to Ebb and Flow First Nation – Saskatchewan Power Corporation – Application to Construct and Operate the “Southwest Power Pool to SaskPower Interconnection 230 kV” - A9K5E1,5,5,5,247.0,1496,1667
4591114,C35814-12 CER – Letter to Fishing Lake First Nation – Saskatchewan Power Corporation – Application to Construct and Operate the “Southwest Power Pool to SaskPower Interconnection 230 kV” - A9K5E2,5,5,5,248.66666666666666,1501,1672
4591123,C35835-1 Commission - Letter - Saskatchewan Power - Application for Two Permits to Construct and Operate two IPLs - “Southwest Power Pool to SaskPower Interconnection 230 kV” - Response to White Bear First Nation - A9K5R7,2,2,2,207.5,413,439
4591959,C35917-2 2021-AG2-AFS-2-ReportTables Postb - A9K7F9,32,32,32,144.33333333333334,7201,7283
4592191,C35965-1 Map - A9K7Z4,1,1,1,58.0,0,0
4592192,C35965-2 Photo - A9K7Z5,1,1,1,0.0,0,0
4592193,C35965-3 Form C - Prospect File PJ44-113-07-16 - A9K7Z6,10,10,10,376.6666666666667,3213,3102
4592194,C35965-4 Form C - Prospect File PJ44-113-07-17 - A9K7Z7,10,10,10,356.6666666666667,2966,2823
4592195,C35965-5 Form C - Prospect File PJ44-113-07-18 - A9K7Z8,10,10,10,354.3333333333333,2927,2824
4592221,C36077-1 PREI - Notice and Service Documents - A9K9V3,18,18,18,208.0,7763,7761
4592243,C36109-1 Letter to CER re Westcoast Response to PRG Compensation Application - A9L0I0,15,15,15,398.3333333333333,6781,6865
4592244,C36109-2 NRCan Response - Withdraw Arbitration Notification - A9L0I1,2,2,2,111.5,206,206
4592258,C35911-1 Commission - Ruling No. 4 – Cost apportionment application submitted by the Regional Municipality of Peel regarding TransCanada PipeLines Limited - Regional Municipality of Peel’s request for an extension - A9K7D4,1,1,1,267.0,268,293
4592268,C35917-1 Letter to CER - Additional Attachment to SaskPower s IR No. 1 Response - A9K7F8,1,1,1,157.0,175,178
4592376,C35954-1 PREI – Contract Specific Electricity Export Licence Application - A9K7U6,74,74,74,130.0,29313,28861
4592385,C35970-1 Statment of Concern SSP to SaskPower Interconnect - A9K8C1,6,6,6,241.66666666666666,1483,1547
4592436,C36041-1 2025-08-22 Letter to CER re Revised Timeline for White Bear First Nations Written Submissions Regarding Designation - A9K9H5,2,2,2,162.0,315,345
4593376,C36047-1 REM2025-023 - Supplemental Information - Complément d’information - 2025-08-25 0008 - A9K9I7,2,2,2,241.5,480,480
4593377,REM2025-023 - Filing Receipt 2025-08-25 000811 - A9K9I8,2,2,2,179.5,334,358
4593440,C35953-3 Summary of Particulars - A9K7U3,1,1,1,178.0,178,250
4593441,C35953-4 Spectra Statement25 - A9K7U4,1,1,1,381.0,381,381
4593454,C35971-1 Statement of Concern - Manitoba Métis Federation on SaskPower Southwest Power Pool to SaskPower Interconnection 230 kV - A9K8C3,6,6,6,157.33333333333334,911,722
4593455,C35971-2 Appendix A - Manitoba Métis Federation Statement of Concern on SaskPower Southwest Power Pool to SaskPower Interconnection 230 kV - A9K8C4,5,5,5,236.33333333333334,1557,1560
4593458,C35973-1 Carry the Kettle Nakoda First Nation Statement of Concern - A9K8C8,4,4,4,340.6666666666667,1393,1393
4593459,C35973-2 Carry the Kettle Nakoda First Nation Statement of Concern - A9K8C9,4,4,4,340.6666666666667,1393,1393
4593676,C36083-1 SaskPower Response to White Bear First Nations Written Submissions Regarding Designation - A9K9W9,7,7,7,454.0,2733,3000
4593702,"C36160-1 LT to CER re SaskPower Further Submissions (Sept 4, 2025) - A9L1D8",10,10,10,416.3333333333333,3945,4494
4593706,C36164-1 Opposed to Application to Export Electricity to the United States - A9L1F3,1,1,1,371.0,371,371
4593863,C36133-1 1024-00014 LET 25-09-02 - Lettre de 9346-5508 Quebec Inc. - Dossier 6182495 - A9L0U7,3,3,3,255.66666666666666,718,757
4594018,C36217-1 Tla amin Submission to CER re PREI energy export application - Sept 10 2025 - A9L1Y3,3,3,3,369.6666666666667,1046,1119
4594023,C36228-1 Letter - A9L2A8,3,3,2,153.33333333333334,460,460
4594039,C36266-1 Tla amin Nation Request for Extension to Powell River Energy Inc. Application for a Contract-Specific Electricity Export Permit - A9L2R0,2,2,1,160.5,302,314
4594197,C36240-1 REM2025-024 - Supplemental Information - Complément d’information - 2025-09-13 0010 - A9L2F3,2,2,2,251.0,499,499
4594198,REM2025-024 - Filing Receipt 2025-09-13 001037 - A9L2F4,2,2,2,179.5,334,358
4594211,C36263-1 Lettre de 9346-5508 Québec Inc. à la Régie de l énergie du Canada - 2025-09-16 - A9L2Q1,2,2,2,342.0,655,658
4594214,C36268-1 Commission - Letter - Application from the Regional Municipality of Peel involving TransCanada PipeLines Limited - Amended cost apportionment application filing - A9L2R5,2,2,2,244.5,487,513
4594251,C36160-2 LT to SaskPower re Meaningful Engagement (July 29 2025) - A9L1D9,1,1,1,292.0,280,292
4594252,"C36160-3 LT to SaskPower re WBFN s Comments on SaskPower s Draft Further Submission (Aug 26, 2025) - A9L1E0",2,2,2,405.0,700,804
4594286,C36225-1 Réponse de PTNI à la lettre de statut du dossier du Propriétaire - A9L2A2,31,31,31,96.66666666666667,5879,5797
4594291,C36232-1 Cover Letter - Amended Cost Apportionment Application - A9L2D0,1,1,1,241.0,250,231
4594359,C36241-1 Letter - A9L2F5,2,2,2,395.0,791,790
4594459,C36238-1 Letter - A9L2E8,3,3,3,98.33333333333333,673,430
4594462,C36242-1 Letter - A9L2F7,9,9,8,193.33333333333334,1973,2019
4595644,C36308-1 Letter - A9L3H4,3,3,3,274.0,744,751
4596394,C36353-1 PREI Export permit Letter of Comment-WilliamLanglands - A9L4C3,2,2,2,336.0,672,671
4596401,C36368-1 Letter - A9L4H0,2,2,2,188.5,349,328
4596404,C36376-1 Demande de PTNI pour fixer l audience sur la demande d indemnisation du Propriétaire - A9L4J5,2,2,2,289.0,611,620
4596419,C36413-1 Letter of Comment - A9L4Z7,28,28,28,298.3333333333333,8441,8441
4596498,C36320-1 Letter - A9L3R7,1,1,1,178.0,178,178
4596521,C36385-1 Commission - Letter - shíshálh Nation - Powell River Energy Inc – Application for a contract-specific Electricity Export Permit - Reply to shíshálh Nation request for extension - A9L4Q0,2,2,2,156.0,310,337
4596524,C36386-1 Letters of Comment - A9L4Q2,144,144,144,237.0,43757,43754
4596529,C36388-1 Letters of Comment - A9L4Q9,229,229,229,339.6666666666667,68623,68616
4596598,C36542-1 Letters of Comment - A9L7K2,20,20,20,307.6666666666667,6205,6205
4596602,C36545-1 Letters of Comment - A9L7L1,10,10,10,295.3333333333333,2994,2994
4596688,C36493-1 Letters of Comment - A9L6Q7,15,15,15,337.3333333333333,4666,4666
4596699,C36520-1 letter - A9L7C3,1,1,1,100.0,100,100
4596702,C36523-1 Letter of Comment - A9L7D2,3,3,2,378.6666666666667,1137,1143
4596726,C36339-1 Letter - A9L3Y1,1,1,1,117.0,117,116
4596743,C36357-1 Letter - A9L4D5,2,2,2,596.0,1124,1146
4596753,"C36370-1 September 23, 2025 letter to Canada Energy Regulator - A9L4H4",3,3,3,195.0,640,653
4596806,C36476-1 Letters of Comment - A9L6F5,16,16,16,243.33333333333334,4637,4637
4596809,C36478-1 Letters of Comment - A9L6G0,15,15,15,298.0,4494,4494
4596827,C36328-1 Letters of Comment - A9L3U0,625,625,625,328.3333333333333,187600,187598
4596829,C36329-1 Letter - A9L3U2,1,1,1,393.0,371,373
4596833,C36335-1 Letter - A9L3W9,2,2,2,251.5,477,472
4596838,C36344-1 Commission - Letter - Tla’amin Nation - Powell River Energy Inc – Application for a contract-specific Electricity Export Permit - Request for extension to file written submissions - A9L3Z4,2,2,2,385.0,768,789
4596839,C36344-2 Commission – Lettre - Nation Tla’amin - Powell River Energy Inc - Demande de permis d’exportation d’électricité se rattachant à un contrat - Demande de report de la date limite pour déposer des observations écrites - A9L3Z3,2,2,2,425.5,847,877
4596870,C36411-1 Letter of Comment - A9L4Z0,59,59,59,301.3333333333333,17720,17720
4596881,C36422-1 REM2025-026 - Supplemental Information - Complément d’information - 2025-09-30 0011 - A9L5D0,2,2,2,231.0,462,459
4596882,REM2025-026 - Filing Receipt 2025-09-30 001136 - A9L5D1,2,2,2,184.0,343,367
4596944,C36322-1 Letters of Comment - A9L3S1,90,90,89,307.3333333333333,27812,27812
4596953,C36338-1 Letters of Comment - A9L3X9,248,248,248,351.0,74950,74942
4596961,C36349-1 Commission - Letter - Saskatchewan Power - Application for Two Permits to Construct and Operate two IPLs - “Southwest Power Pool to SaskPower Interconnection 230 kV” - Statements of Concern – Next Steps - A9L4A4,3,3,3,247.0,738,765
4596963,C36356-1 Letter of Comment - A9L4D2,4,4,4,333.3333333333333,1431,1433
4596992,C36384-1 Letter of Comment - A9L4L8,9,9,9,335.3333333333333,3185,3186
4597010,C36414-1 Letter of Comment - A9L4Z9,16,16,16,298.0,4777,4777
4597046,C36324-1 Letter - A9L3S5,1,1,1,365.0,362,362
4597052,C36331-1 Letter of Comment - A9L3U6,1,1,1,321.0,311,321
4597056,C36341-1 letter from Jo Thomas - A9L3Y5,1,1,1,150.0,150,150
4597115,C36491-1 Commission - Letter - 1057533 Alberta Ltd. - Annual Update of its Financial Resources Plan - A9L6Q0,3,3,3,358.3333333333333,1055,1107
4597116,C36491-2 Commission - Lettre - 1057533 Alberta Ltd. - Mise à jour annuelle du plan relatif aux ressources financières - A9L6L9,3,3,3,410.3333333333333,1199,1272
4597172,C36325-1 Letters of Comment - A9L3S7,500,500,500,310.6666666666667,155414,155416
4597173,C36325-2 Letters of Comment - A9L3S8,291,291,291,298.0,87820,87818
4597189,C36369-1 Letter - A9L4H2,1,1,1,431.0,426,432
4597209,C36389-1 Letters of Comment - A9L4R1,190,190,190,296.3333333333333,56967,56965
4599745,C36543-1 Letters of Comment - A9L7K4,12,12,12,269.0,3590,3590
4599748,C36553-1 Letter of Comment - A9L7R7,2,2,2,0.0,461,482
4599750,C36565-1 Tla amin Letter to CER - October 8 2025 - A9L7V7,2,2,2,403.5,751,757
4599865,C36560-1 Letter re Joint Request for Extension to File Submissions Regarding Confidentiality - A9L7U2,1,1,1,289.0,268,297
4599941,C36578-1 Letter of Comment - A9L7Z5,5,5,5,376.6666666666667,2145,2153
4599955,C36609-1 Letter to CER Aaron Gunn MP PREI - A9L8L5,2,2,2,258.0,497,482
4599970,C36640-1 Letters of Comment - A9L8Z6,36,36,36,303.6666666666667,10803,10803
4599980,C36645-1 CER 250925 - A9L9C2,1,1,1,259.0,259,260
4600027,C36637-1 Letters of Comment - A9L8Z0,3,3,3,237.33333333333334,712,712
4600029,C36638-1 Letters of Comment - A9L8Z2,31,31,31,323.6666666666667,9228,9227
4600089,C36513-1 Letters of Comment - A9L6Y6,13,13,13,289.3333333333333,3849,3849
4600112,C36576-1 Letter of Comment - A9L7Y7,1,1,1,295.0,295,294
4600113,C36576-2 Letter of Comment - A9L7Y8,3,3,3,383.3333333333333,1087,1150
4600140,C36621-1 Letter of Comment - A9L8T7,2,2,2,287.0,544,581
4600216,C36562-1 SaskPower - Response to Statements of Concern - A9L7U6,5,5,5,281.3333333333333,1713,1771
4600246,C36643-1 Letter of Comment - A9L9A8,2,2,2,402.5,786,808
4600248,C36646-1 Commission - Ruling No. 5 – Cost apportionment application by the Regional Municipality of Peel regarding TransCanada PipeLines Limited - Joint Request for Extension to File Submissions re Confidentiality - A9L9C4,2,2,2,156.0,321,336
4600331,C36608-1 BC Hydro Submission on PREI Application for an Electricity Export Permit - October 9 2025 - A9L8L3,46,46,46,205.66666666666666,11754,12080
4600452,C36692-1 Letters of Comment - A9L9W7,4,4,4,295.0,1195,1194
4600480,C36720-1 Commission - Letter - Saskatchewan Power - Application to Construct and Operate the Southwest Power Pool to SaskPower Interconnection 230 kV - A9Q0H6,2,2,2,159.0,332,343
4600481,C36720-2 Commission - IR No. 2 - Saskatchewan Power - Application to Construct and Operate the Southwest Power Pool to SaskPower Interconnection 230 kV - A9Q0H7,3,3,3,197.66666666666666,560,585
4600523,C36639-1 Letters of Comment - A9L8Z4,42,42,42,304.0,12583,12583
4600547,C36691-1 Letter of Comment - A9L9W5,1,1,1,243.0,243,243
4600553,C36706-1 Letter of Comment - A9Q0C8,1,1,1,281.0,288,304
4600563,C36722-1 List of Authorities - A9Q0I1,799,799,795,183.33333333333334,322011,318567
4600633,C36703-1 1057533 Annual Update to Financial Resources Plan Oct 16 2025 - A9Q0A5,5,5,5,195.0,1120,1150
4600634,C36703-2 10-02-2025 Insurance Cert 1057533 Alberta Ltd - A9Q0A6,2,2,2,401.0,771,784
4600801,C36700-1 Powell River Energy Inc. - Summary of Responses to Letters of Comment - A9L9Z4,4,4,4,255.66666666666666,1157,1267
4600802,C36700-2 Powell River Energy Inc. - Response to BC Hydro Letter of Comment - A9L9Z5,17,17,17,345.3333333333333,5931,6932
4600803,C36700-3 Powell River Energy Inc. - Response to Tla amin Nation Letter of Comment - A9L9Z6,8,8,8,318.3333333333333,3050,3343
4600804,C36700-4 Powell River Energy Inc. - Response to shíshálh Nation Letters of Comment - A9L9Z7,5,5,5,324.3333333333333,1784,1974
4600805,C36700-5 Powell River Energy Inc. - Response to K ómoks First Nation Letters of Comment - A9L9Z8,5,5,5,277.3333333333333,1510,1701
4600806,C36700-6 Powell River Energy Inc. - Response to Local Government Entities and Residents Letters of Comment - A9L9Z9,7,7,7,322.0,2224,2430
4600915,C36740-1 Letter of Comment - A9Q0S4,1,1,1,290.0,304,292
4603538,C36803-1 Letter of Comment - A9Q1Z3,1,1,1,289.0,325,308
4603716,C36750-1 REM2025-027 - Supplemental Information - Complément d’information - 2025-10-20 0007 - A9Q0X4,2,2,2,250.5,498,498
4603717,REM2025-027 - Filing Receipt 2025-10-20 000741 - A9Q0X5,2,2,2,185.5,346,370
4603863,"C36804-1 Reply to Powell River Energy Inc. letters dated October 15, 2025 - A9Q1Z5",4,4,4,370.0,1473,1534
4604080,C36797-1 Letters of Comment - A9Q1X2,5,5,5,300.6666666666667,1500,1500
4605283,C36958-1 Commission - Lettre - Demande d’indemnisation déposée par 9346-5508 Québec Inc. - Pipelines Trans-Nord Inc. - Avis de requête concernant le délai prévu pour déposer une demande détaillée - A9Q4S5,3,3,3,352.6666666666667,1085,1086
4606871,C37060-1 SaskPower Response to CER Information Request No. 2 - A9Q6K5,7,7,7,279.0,1919,1904
4606894,REM2025-028 - Filing Receipt 2025-11-04 001242 - A9Q7S0,2,2,2,186.0,347,371
4606896,C37127-2 Commission – IR No. 2 – Campus Energy Partners Operations Inc. – Financial Resources Plan - A9Q7T2,5,5,5,235.33333333333334,1363,1386
4607070,C37127-1 Commission – Letter – Campus Energy Partners Operations Inc. – Financial Resources Plan - A9Q7T1,1,1,1,228.0,258,255
4607229,C37263-1 Reponse de PTNI a la demande de prolongation de delai du demandeur - A9R0D2,2,2,2,276.5,588,583
4607242,C37284-1 Commission - Letter - Powell River Energy Inc. – Application for a Contract-Specific Electricity Export Permit - Information Request No. 1 and Category Assignment - A9R0L4,2,2,2,338.0,679,700
4607292,C37107-1 Letter of Comment - A9Q7I1,1,1,1,290.0,296,302
4607305,C37119-1 REM2025-033 - Supplemental Information - Complément d’information - 2025-11-04 0012 - A9Q7Q9,2,2,2,266.5,533,530
4607306,REM2025-033 - Filing Receipt 2025-11-04 001218 - A9Q7R0,2,2,2,184.5,344,368
4607308,C37120-1 REM2025-032 - Supplemental Information - Complément d’information - 2025-11-04 0012 - A9Q7R1,2,2,2,238.5,474,474
4607309,REM2025-032 - Filing Receipt 2025-11-04 001223 - A9Q7R2,2,2,2,184.5,344,368
4607311,C37121-1 REM2025-031 - Supplemental Information - Complément d’information - 2025-11-04 0012 - A9Q7R3,2,2,2,237.5,472,472
4607312,REM2025-031 - Filing Receipt 2025-11-04 001227 - A9Q7R4,2,2,2,184.5,344,368
4607314,C37122-1 REM2025-030 - Supplemental Information - Complément d’information - 2025-11-04 0012 - A9Q7R5,2,2,2,254.5,506,506
4607315,REM2025-030 - Filing Receipt 2025-11-04 001232 - A9Q7R6,2,2,2,184.5,344,368
4607317,C37123-1 REM2025-029 - Supplemental Information - Complément d’information - 2025-11-04 0012 - A9Q7R7,2,2,2,240.0,477,477
4607318,REM2025-029 - Filing Receipt 2025-11-04 001237 - A9Q7R8,2,2,2,184.5,344,368
4607320,C37124-1 REM2025-028 - Supplemental Information - Complément d’information - 2025-11-04 0012 - A9Q7R9,2,2,2,236.5,470,470
4607390,C37208-1 Lettre de 9346-5508 Québec Inc. à la Régie de l énergie du Canada (2025-11-06) (88838175.1) - A9Q9E3,4,4,4,271.0,1345,1351
4607511,C37215-1 REM2025-034 - Supplemental Information - Complément d’information - 2025-11-07 0014 - A9Q9H3,2,2,2,237.5,472,472
4607512,REM2025-034 - Filing Receipt 2025-11-07 001418 - A9Q9H4,2,2,2,184.5,344,368
4607605,C37242-1 REM2025-036 - Supplemental Information - Complément d’information - 2025-11-10 0008 - A9Q9V0,2,2,2,240.5,481,478
4607606,REM2025-036 - Filing Receipt 2025-11-10 000811 - A9Q9V1,2,2,2,184.5,344,368
4607608,C37243-1 REM2025-035 - Supplemental Information - Complément d’information - 2025-11-10 0008 - A9Q9V2,2,2,2,243.5,484,484
4607609,REM2025-035 - Filing Receipt 2025-11-10 000816 - A9Q9V3,2,2,2,184.5,344,368
4607770,C37236-1 Commission - Letter - Pouce Coupé Pipe Line Ltd. - Application for the Taylor to Gordondale Pipeline Project - OH-001-2024 - A9Q9T0,2,2,2,170.0,348,366
4607771,C37236-2 Commission - Lettre - Pouce Coupé Pipe Line Ltd. - Demande concernant le projet de pipeline de Taylor à Gordondale - OH-001-2024 - A9Q9S9,2,2,2,184.5,367,392
4607772,C37236-3 Commission - Order XO-002-2025 - Pouce Coupé Pipe Line Ltd. - Application for the Taylor to Gordondale Pipeline Project - OH-001-2024 - A9Q9T2,28,28,28,277.3333333333333,10050,9924
4607773,C37236-4 Commission - Ordonnance XO-002-2025 - Pouce Coupé Pipe Line Ltd. - Demande concernant le projet de pipeline de Taylor à Gordondale - OH-001-2024 - A9Q9T1,34,34,34,288.3333333333333,12602,11790
4608830,C37284-2 Commission – IR No. 1 - Powell River Energy Inc. – Application for a Contract-Specific Electricity Export Permit - A9R0L5,5,5,5,206.0,1318,1348
4610774,C37354-1 LT CER re PREI Export Permit Application C35954 - Time Extension Request - A9R1S7,1,1,1,233.0,253,251
4610787,C37407-1 Commission - Lettre - Demande d’indemnisation déposée par 9346-5508 Québec Inc. - Pipelines Trans-Nord Inc. - État de la demande d’indemnisation - A9R2R8,2,2,2,282.0,591,591
4610790,C37408-1 Commission - Letter - Powell River Energy Inc - Application for a contract-specific Electricity Export Permit - Response to Member of Parliament Aaron Gunn - A9R2S0,1,1,1,228.0,250,253
4610875,C37342-1 Commission - Ruling No. 6 - Cost apportionment application filed by the Regional Municipality of Peel on 4 September 2025 regarding TransCanada PipeLines Limited - Notice of motion for confidentiality of cost apportionment applic - A9R1L1,6,6,6,232.66666666666666,1933,1992
4610879,C37348-1 Campus Energy Partners Operations Inc. FRP IR2 Response - A9R1Q9,7,7,7,266.3333333333333,2189,2209
4610889,C37362-1 Commission - Letter - Powell River Energy Inc - Application for a contract-specific Electricity Export Permit - Request for extension to respond to Information Requests - A9R1W3,2,2,2,181.0,360,386
4610913,C37406-1 Letter - A9R2R6,1,1,1,385.0,386,386
4610928,C37434-1 PREI Response - CER IR No. 1 - A9R2Z8,15,15,15,254.66666666666666,5163,5468
4611086,C37324-1 Commission - Letter - 1057533 Alberta Ltd. – Implementation of Financial Resources Requirements - Review of Financial Resources Plan - A9R1F8,4,4,4,326.6666666666667,1371,1478
4611087,C37324-2 Commission - Lettre - 1057533 Alberta Ltd. - Mise en œuvre des exigences en matière de ressources financières - Examen du plan relatif aux ressources financières - A9R1F7,5,5,5,258.0,1617,1719
4611152,C37443-1 Avis de communication de Rapports expertises (28-11-2025) - A9R3D0,231,231,231,247.0,56127,56499
4611216,C37391-1 Commission – Letter - Compensation application from Peace River Greenhouses Ltd. - Westcoast Energy Inc. - Comment process – draft list of issues and hearing process - A9R2H2,10,10,10,285.6666666666667,3300,3337
4611316,C37353-1 Certificats d assurance 2026 - A9R1S5,6,6,6,216.33333333333334,1253,1370
4611362,C37435-1 LT CER re Confidential Filing of BR Contract - A9R3A0,1,1,1,143.0,144,166
4611365,C37441-1 Réclamation détaillée de la Propriétaire en soutien à sa demande d audience sur l indemnisation (28-11-2025) - A9R3C6,3,3,3,241.33333333333334,627,732
4611486,C37418-1 Written Confirmation Publication of EMP-EPM 2025 (SIGNED) - A9R2V0,1,1,1,147.0,148,149
4628027,C37459-1 Application for Short-Term Natural Gas Export Orders - EN - A9R3H6,3,3,3,131.0,378,385
4628029,C37459-3 Demande d’ordonnance d’exportation de gaz naturel à court terme - FR - A9R3H8,3,3,3,159.66666666666666,467,464
4629347,C37460-1 Indian Oil and Gas Canada re C36838 CNRL pipeline abandonment statement-concern - A9R3I1,6,6,6,241.66666666666666,1252,1316
4631327,C37463-1 CER Mainline CLT IJT Nos 583 584 Transmittal Letter - A9R3J0,3,3,3,265.3333333333333,650,794
4631329,C37470-1 Commission - Order EBU-064-2026 - Global Partners Energy Canada ULC - exportation of butanes - A9R3Q0,1,1,1,259.0,260,262
4631330,C37470-2 Commission - Ordonnance EBU-064-2026 - Global Partners Energy Canada ULC - exportation de butanes - A9R3L9,1,1,1,290.0,290,291
4631333,C37471-1 Cochin 2026 QSR Initial Forecast - A9R3Q2,4,4,4,136.66666666666666,508,626
4631335,C37489-1 Revised Line 8 Firm Service Toll 2025 - Transmittal letter - A9R3V9,2,2,2,250.0,357,502
4631336,C37489-2 Revised Line 8 Firm Service Toll 2025 - A9R3W0,24,24,24,249.33333333333334,4019,4007
4631338,C37493-1 Genesis Financial Resources Plan cover letter for COI updates - A9R3W9,1,1,1,277.0,237,268
4631339,C37493-2 Genesis Pipeline Canada Ltd 2025 COI - redacted - A9R3X0,4,4,4,268.6666666666667,927,939
4631343,C37502-1 OM2025-367 - Notification of Operation and Maintenance Activities - Notification des activités d'exploitation et d'entretien - 2025-12-01 1353 - A9R3Z9,4,4,4,297.0,1075,1087
4631344,OM2025-367 - Filing Receipt 2025-12-01 135335 - A9R4A0,2,2,2,198.0,371,395
4631348,C37514-1 OM2025-369 - Survey - A9R4F5,1,1,1,497.0,180,448
4631349,C37518-1 Commission - Order – ROE-113-2026 - ExxonMobil Canada Export Trading LLC - Exportation of light and heavy crude oil - A9R4H0,1,1,1,324.0,325,326
4631350,C37518-2 Commission - Ordonnance - ROE-113-2026 - ExxonMobil Canada Export Trading LLC - Exportation du pétrole brut léger et lourd - A9R4G9,1,1,1,350.0,350,352
4631352,C37519-2 Commission - Ordonnance - ROE-114-2026 – Valero Marketing and Supply Company - Exportation du pétrole brut léger et lourd - A9R4H2,1,1,1,351.0,351,352
4631355,C37527-1 Commission - Letter - Saskatchewan Power - Application for Two Permits to Construct and Operate two IPLs - “Southwest Power Pool to SaskPower Interconnection 230 kV” - Letter from Gambler First Nation dated 10 November 2025 - A9R4J5,2,2,2,338.0,703,700
4631358,C37529-1 Application for Short-Term NGL Export Orders - EN - A9R4J9,2,2,2,195.0,382,387
4631359,C37530-1 Application for Short-Term Light and Heavy Crude and Refined Products Export Orders - EN - A9R4K4,2,2,2,184.0,360,367
4631361,C37531-3 Demande d’ordonnance d’exportation à court terme de LGN - FR - A9R4L1,2,2,2,239.0,467,472
4631369,C37537-1 Commission – Letter - TransCanada PipeLines Limited – Application from the Regional Municipality of Peel involving TransCanada PipeLines Limited - Highway 50 crossing - A9R4R3,2,2,2,178.5,355,381
4631370,C37537-2 Commission – IR No 2 - TransCanada PipeLines Limited – Application from the Regional Municipality of Peel involving TransCanada PipeLines Limited - Highway 50 crossing - A9R4R4,2,2,2,187.0,350,357
4631373,C37538-1 Plains Midstream Canada ULC Aurora CER Cover Letter -2025 - A9R4R6,1,1,1,0.0,199,179
4631374,C37538-2 Aurora CER No. 24 - A9R4R7,1,1,1,321.0,304,455
4631376,C37539-1 Plains Midstream Canada ULC Bodo CER Cover Letter - 2025 - A9R4R9,1,1,1,0.0,188,180
4631377,C37539-2 PMC- Bodo CER No. 213 - A9R4S0,1,1,1,414.0,401,443
4631379,C37541-1 Application for Short-Term NGL Export Orders - EN - A9R4S7,2,2,2,195.5,383,388
4631381,C37543-1 2025.12.03 LT CER - enc authorities excerpts - A9R4T8,1,1,1,102.0,125,103
4631382,C37543-2 Applicant s Appeal Submission Authorities Excerpts - A9R4T9,15,15,15,241.33333333333334,5234,5487
4631384,C37544-1 Commission Order ROE-101-2026 - TRAFIGURA PTE LTD. - A9R4U2,1,1,1,316.0,317,318
4631385,C37544-2 Commission Ordonnance ROE-101-2026 - TRAFIGURA PTE LTD. - A9R4U1,1,1,1,347.0,346,349
4631387,OM2025-371 - Filing Receipt 2025-12-03 113858 - A9R4U5,2,2,2,190.5,356,380
4631389,C37546-1 Commission Order ROE-102-2026 - CITIGROUP COMMODITIES CANADA ULC - A9R4U7,1,1,1,335.0,336,337
4631390,C37546-2 Commission Ordonnance ROE-102-2026 - CITIGROUP COMMODITIES CANADA ULC - A9R4U6,1,1,1,369.0,368,370
4631393,C37548-1 Commission Order ROE-104-2026 - AltaGas Holdings Inc. on behalf of Enerchem Partnership - A9R4V3,1,1,1,321.0,322,323
4631394,C37548-2 Commission Ordonnance ROE-104-2026 - AltaGas Holdings Inc. au nom d Enerchem Partnership. - A9R4V2,1,1,1,350.0,349,354
4631396,"C37549-1 Commission Order ROE-105-2026 - Par Montana, LLC - A9R4V6",1,1,1,334.0,335,336
4631397,"C37549-2 Commission Ordonnance ROE-105-2026 - Par Montana, LLC - A9R4V5",1,1,1,368.0,367,369
4631400,C37552-1 Commission Order ROE-108-2026 - NGL Supply Co. Ltd. - A9R4W5,1,1,1,323.0,324,325
4631401,C37552-2 Commission Ordonnance ROE-108-2026 - NGL Supply Co. Ltd. - A9R4W4,1,1,1,351.0,350,353
4631404,"C37554-1 Commission Order ROE-110-2026 - Rio Energy International, Inc. - A9R4X1",1,1,1,335.0,336,337
4631405,"C37554-2 Commission Ordonnance ROE-110-2026 - Rio Energy International, Inc. - A9R4X0",1,1,1,369.0,368,370
4631408,C37566-1 Commission - Procedural Update No. 3 - AltaGas Ltd. - Complaint regarding tolls on the Enbridge Canadian Mainline - RH-001-2025 Proceeding - Final written argument and oral summary argument - A9R5A6,11,11,11,110.66666666666667,2635,2663
4631411,C37568-2 Commission Lettre et d’ordonnances - Westcoast et Westcoast GP – le réseau pipelinier BC - Avis de changement de dénomination sociale et demande de modification de certificats et d’ordonnances - A9R5C2,3,3,3,358.6666666666667,940,1109
4631413,"C37569-1 Commission Order EPR-111-2025 – PACIFIC PROPANE, LLC – Propane Export - A9R5D8",1,1,1,257.0,258,260
4631414,"C37569-2 Commission Ordonnance EPR-111-2025 – PACIFIC PROPANE, LLC - exporter du propane - A9R5D7",1,1,1,287.0,288,288
4631443,C37464-1 Commission - Order EBU-059-2026 - ALERIO MARKETING INC. - exportation of butanes - A9R3K0,1,1,1,257.0,258,260
4631444,C37464-2 Commission - Ordonnance EBU-059-2026 - ALERIO MARKETING INC. - exportation de butanes - A9R3J9,1,1,1,287.0,287,289
4631446,C37474-1 Commission - Order EPR-088-2026 - ALERIO MARKETING INC. - exportation of propane - A9R3R1,1,1,1,257.0,258,260
4631447,C37474-2 Commission - Ordonnance EPR-088-2026 - ALERIO MARKETING INC. - exportation de propane - A9R3R0,1,1,1,287.0,287,289
4631450,"C37475-1 Commission - Order EPR-089-2026 - Braya Renewable Fuels (Newfoundland) GP Inc., on behalf of Braya Renewable Fuels (Newfoundland) LP - exportation of propane - A9R3R4",1,1,1,268.0,269,271
4631451,"C37475-2 Commission - Ordonnance EPR-089-2026 - Braya Renewable Fuels (Newfoundland) GP Inc., on behalf of Braya Renewable Fuels (Newfoundland) LP - exportation de propane - A9R3R3",1,1,1,299.0,299,300
4631455,C37490-1 Commission - Letter - Trans Mountain Pipeline ULC – Trans Mountain Expansion Project – Certificate OC-065 – Condition 151 – Post-Construction Environmental Monitoring Reports – Request for Relief - A9R3W3,2,2,2,239.5,477,503
4631456,C37490-2 Commission-Lettre-Trans Mountain-Projet d’agrandissement du réseau de Trans Mountain-Certificat OC-065-Condition 151–Rapports de surveillance environnementale après la construction-Demande d’exemption - A9R3W2,2,2,2,294.0,596,614
4631458,C37498-1 Enbridge SL CER No. 27 - Transmittal Letter - A9R3Y9,2,2,2,0.0,418,513
4631459,C37498-2 Enbridge Southern Lights CER Tariff No. 27 - A9R3Z0,4,4,4,205.66666666666666,773,883
4631460,C37498-3 Enbridge Southern Lights - ACA eff. Jan 1-2026 - A9R3Z1,1,1,1,629.0,652,836
4631462,C37503-1 OM2025-368 - Notification of Operation and Maintenance Activities - Notification des activités d'exploitation et d'entretien - 2025-12-01 1354 - A9R4A1,4,4,4,297.0,1087,1087
4631463,OM2025-368 - Filing Receipt 2025-12-01 135450 - A9R4A2,2,2,2,198.0,371,395
4631464,C37506-1 CER No. 586 - Transmittal Letter - A9R4C0,3,3,3,0.0,475,567
4631465,C37506-2 CER No. 586 - A9R4C1,4,4,4,236.66666666666666,1145,1162
4631466,C37506-3 Appendix A - A9R4C2,2,2,2,1172.0,2336,2301
4631467,C37506-4 Appendix B - A9R4C3,2,2,2,748.5,1485,1485
4631470,C37507-1 Request for Confidentiality - Insurance Certificate - A9R4C5,2,2,2,333.5,640,637
4631473,C37522-1 Commission – Order - ROE-117-2026 – Global Companies LLC – Exportation of light and heavy crude oil and refined petroleum products - A9R4I2,1,1,1,334.0,335,336
4631476,C37534-1 Letter to CER re Request for Amendment to Order GPLO-004-2025 - A9R4Q4,2,2,2,291.5,435,557
4631480,"C37553-1 Commission Order ROE-109-2026 - 4J Energy, LLC - A9R4W8",1,1,1,334.0,335,336
4631481,"C37553-2 Commission Ordonnance ROE-109-2026 - 4J Energy, LLC - A9R4W7",1,1,1,368.0,367,369
4631483,C37557-1 OM2025-373 - Notification of Operation and Maintenance Activities - Notification des activités d'exploitation et d'entretien - 2025-12-03 1358 - A9R4X9,4,4,4,297.0,1074,1086
4631484,OM2025-373 - Filing Receipt 2025-12-03 135836 - A9R4Y0,2,2,2,198.0,371,395
4631490,C37573-1 AlbertaEx Application to Vary Export Permit EPE-498 - A9R5F4,15,15,14,172.33333333333334,3775,3789
4631491,C37573-2 NOA DOP - English - A9R5F5,1,1,1,574.0,593,578
4631495,C37589-1 Application for Short-Term NGL Export Orders - EN - A9R5K1,2,2,2,194.0,380,385
4631497,C37589-3 Demande d’ordonnance d’exportation à court terme de LGN - FR - A9R5K3,2,2,2,234.0,457,462
4631657,C37462-1 Application for the Sale of the Mount Valley Lateral and Receipt Meter Station - A9R3I8,21,21,21,279.3333333333333,4838,4900
4631659,C37463-2 CLT CER No. 583 - A9R3J1,5,5,5,319.3333333333333,1740,2414
4631660,C37463-3 IJT CER No. 584 - FERC No. 45.43.0 - A9R3J2,8,8,8,266.6666666666667,2481,2970
4631661,C37463-4 Appendix A to CER No. 584 - A9R3J3,5,5,5,928.3333333333334,4058,3889
4631662,C37463-5 Appendix B to CER No. 584 - A9R3J4,7,7,7,721.6666666666666,4587,5276
4631664,"C37465-1 Commission - Order EBU-060-2026 - Braya Renewable Fuels (Newfoundland) GP Inc., on behalf of Braya Renewable Fuels (Newfoundland) LP - exportation of butanes - A9R3K3",1,1,1,268.0,269,271
4631665,"C37465-2 Commission - Ordonnance EBU-060-2026 - Braya Renewable Fuels (Newfoundland) GP Inc., on behalf of Braya Renewable Fuels (Newfoundland) LP - exportation de butanes - A9R3K2",1,1,1,299.0,299,300
4631673,C37472-1 Commission - Order EBU-065-2026 - INTER PIPELINE CANADIAN MARKETING LTD. - exportation of butanes - A9R3Q5,1,1,1,259.0,260,262
4631674,C37472-2 Commission - Ordonnance EBU-065-2026 - INTER PIPELINE CANADIAN MARKETING LTD. - exportation de butanes - A9R3Q4,1,1,1,289.0,289,291
4631677,C37473-1 Commission - Order EBU-066-2026 - Crestwood Services LLC - exportation of butanes - A9R3Q8,1,1,1,257.0,258,260
4631678,C37473-2 Commission - Ordonnance EBU-066-2026 - Crestwood Services LLC - exportation de butanes - A9R3Q7,1,1,1,288.0,288,289
4631681,C37478-1 Commission – Order EPR-091-2026 - BP Canada Energy Group ULC - exportation of propane - A9R3S4,1,1,1,259.0,260,262
4631682,C37478-2 Commission - Ordonnance EPR-091-2026 - BP Canada Energy Group ULC - exportation de propane - A9R3S3,1,1,1,290.0,290,291
4631685,C37487-1 Line 9 Local Transmittal Letter Interim CER No. 587 - A9R3V0,3,3,3,238.33333333333334,579,725
4631686,C37487-2 Line 9 Local Interim CER No. 587 - A9R3V1,3,3,3,185.0,525,546
4631687,C37487-3 Interim CER No. 587 - Appendix A - A9R3V2,1,1,1,79.0,79,165
4631689,C37492-1 South Bow CER Tariff No. 78 - A9R3W7,9,9,8,172.0,786,859
4631693,C37510-1 Application for Short-Term NGL Export Orders - EN - A9R4D4,2,2,2,197.0,386,391
4631695,C37510-3 Demande d’ordonnance d’exportation à court terme de LGN - FR - A9R4D6,2,2,2,237.0,463,468
4631699,C37512-1 Affidavit -Nitor Energy Inc. - A9R4E4,1,1,1,77.0,102,82
4631700,C37512-2 AFFIDAVIT-Nitor Energy Inc. - A9R4E5,1,1,1,0.0,241,192
4631701,"C37512-3 Canada Gazette, part 1 - A9R4E6",2,2,2,678.0,1318,1307
4631702,C37512-4 Certificate of Incorporation - Nitor Energy Inc. - FILED - A9R4E7,2,2,2,423.0,907,808
4631703,C37512-5 Appointment of second principal contact - CER File No. 6766433 - signed - A9R4E8,2,2,2,115.0,242,233
4631707,C37516-1 Order ROE-111-2026 – Irving Oil Limited – Exportation of refined petroleum products - A9R4G4,1,1,1,316.0,317,318
4631708,C37516-2 Ordonnance - ROE-111-2026 – Irving Oil Limited – Exportation des produits pétroliers raffinés - A9R4G3,1,1,1,345.0,345,347
4631710,C37528-1 S.214 DRA Project Notification Package - A9R4J7,17,17,17,316.6666666666667,4055,4282
4631713,C37536-1 Letter to CER re Enbridge Response to CER IR No. 1 - A9R4Q8,1,1,1,146.0,123,135
4631714,C37536-2 Enbridge Response to CER IR No. 1 - A9R4Q9,3,3,3,194.66666666666666,554,557
4631716,C37541-3 Demande d’ordonnance d’exportation à court terme de LGN - FR - A9R4S9,2,2,2,235.5,460,465
4631722,C37555-1 Commission - Order - GO-007-2026 – Tenaska Marketing Canada – Exportation of Gas - A9R4X4,1,1,1,269.0,270,272
4631723,C37555-2 Commission- Ordonnance GO-007-2026 – Tenaska Marketing Canada – Exportation de gaz - A9R4X3,1,1,1,302.0,302,302
4631725,C37556-2 OM2025-372 - Notification of Operation and Maintenance Activities - Notification des activités d'exploitation et d'entretien - 2025-12-03 1324 - A9R4X7,4,4,4,299.6666666666667,1096,1096
4631726,OM2025-372 - Filing Receipt 2025-12-03 132438 - A9R4X8,2,2,2,201.5,378,402
4631728,C37565-2 Application to Deactivate and Decommission Assets at the Crude Oil Injection Facility - A9R5A1,13,13,13,220.66666666666666,4102,4145
4631729,C37565-3 Appendix A - Location Map - A9R5A2,2,2,2,30.0,4,4
4631730,C37565-4 Appendix B - Plot Plans - A9R5A3,4,4,4,726.0,605,2792
4631731,C37565-5 Appendix C - Interactions Table - A9R5A4,15,15,15,383.0,6426,6409
4631733,"C37570-1 Commission - Letter - NGTL GP Ltd. - Application for Approval of Interim 2026 Rates, Tolls, Charges and Abandonment Surcharges Effective 1 January 2026 for the NGTL System - A9R5E1",2,2,2,172.0,351,369
4631734,"C37570-2 Commission - Lettre - NGTL GP Ltd. - Approbation des droits provisoires, tarifs, charges et suppléments perçus au titre de la cessation d’exploitation exigibles à compter du 1er janvier 2026 - A9R5E0",2,2,2,199.5,405,424
4631735,"C37570-3 Commission - Order TGI-001-2025 - NGTL GP Ltd. - Application for Approval of Interim 2026 Rates, Tolls, Charges and Abandonment Surcharges Effective 1 January 2026 for the NGTL System - A9R5E3",2,2,2,183.0,363,368
4631736,"C37570-4 Commission - Order TGI-001-2025 - NGTL GP Ltd. - Approbation des droits provisoires, tarifs, charges et suppléments perçus au titre de la cessation d’exploitation exigibles à compter du 1er janvier 2026 - A9R5E2",2,2,2,222.0,441,444
4631767,"C37466-1 Commission - Order EBU-061-2026 - ONEOK Hydrocarbon, L.P. - exportation of butanes - A9R3K6",1,1,1,258.0,259,261
4631768,"C37466-2 Commission - Ordonnance EBU-061-2026 - ONEOK Hydrocarbon, L.P. - exportation de butanes - A9R3K5",1,1,1,288.0,288,290
4631773,"C37484-1 Commission – Order EPR-097-2026 - Westlark Advisors, Inc. - exportation of propane - A9R3U2",1,1,1,257.0,258,260
4631774,"C37484-2 Commission - Ordonnance EPR-097-2026 - Westlark Advisors, Inc. - exportation de propane - A9R3U1",1,1,1,288.0,288,289
4631776,C37488-1 Application for Short-Term NGL Export Orders - EN - A9R3V4,2,2,2,198.0,388,393
4631779,C37491-1 South Bow CER Tariff No. 77 - A9R3W5,17,17,17,188.66666666666666,3159,3388
4631782,C37495-1 Express CER 202 - Transmittal Letter - A9R3X7,2,2,2,0.0,438,533
4631783,C37495-2 Express Pipeline Ltd. - CER No. 202 - A9R3X8,2,2,2,247.0,477,489
4631784,"C37495-3 Express Pipeline Ltd. - ACA eff. Jan 1, 2026 - A9R3X9",1,1,1,638.0,662,846
4631787,C37508-1 Letter encl Response to Application for Review or Rehearing - A9R4C7,1,1,1,161.0,140,168
4631789,C37523-1 MNP Application for Interim Toll Effective Jan 1-2026 - A9R4I4,1,1,1,310.0,298,301
4631792,C37531-1 Application for Short-Term NGL Export Orders - EN - A9R4K9,2,2,2,199.0,390,395
4631793,OM2025-370 - Filing Receipt 2025-12-02 143844 - A9R4Q7,2,2,2,198.0,371,395
4631794,C37536-3 Attachment 1 to Enbridge Response to CER IR 1.1 - A9R4R0,1,1,1,47.0,0,0
4631795,C37536-4 Attachment 1 to Enbridge Response to CER IR 1.2 - A9R4R1,1,1,1,95.0,232,231
4631798,C37540-3 Demande d’ordonnance d’exportation à court terme de pétroles bruts léger et lourd ou de produits pétroliers raffinés - FR - A9R4S4,2,2,2,222.0,433,438
4631804,C37558-1 OM2025-374 - Notification of Operation and Maintenance Activities - Notification des activités d'exploitation et d'entretien - 2025-12-03 1400 - A9R4Y1,4,4,4,297.0,1085,1085
4631805,OM2025-374 - Filing Receipt 2025-12-03 140003 - A9R4Y2,2,2,2,198.0,371,395
4631806,C37563-1 2025-12 MPLL Monthly Letter to CER regarding November Capacity - A9R4Z3,1,1,1,233.0,202,216
4631808,C37565-1 Letter to CER re Application to Deactivate and Decommission Assets at the Crude Oil Injection Facility - A9R5A0,1,1,1,179.0,160,165
4631809,C37568-1 Commission Letter and Orders - Westcoast and Westcoast GP - Confirmation - transfer of the BC Pipeline System - Notice of name change and Request to Vary Certificates and Orders - A9R5C3,3,3,3,323.6666666666667,839,997
4631823,C37620-1 Letter to CER - SaskPower Response to Gambler First Nation Correspondence - A9R5X6,2,2,2,207.5,431,431
4631844,C37664-1 Commission - Order GO-075-2025 - Nordbrook Corporation - Exportation of Gas (in the form of liquefied natural gas) - A9R6Q3,1,1,1,275.0,276,277
4631845,C37664-2 Commission - Ordonnance GO-075-2025 - Nordbrook Corporation - Exportation de gaz (sous la forme de gaz naturel liquéfié) - A9R6Q2,1,1,1,307.0,308,307
4631877,C37480-1 Commission - Order EPR-093-2026 - Global Partners Energy Canada ULC - exportation of propane - A9R3T0,1,1,1,259.0,260,262
4631878,C37480-2 Commission - Ordonnance EPR-093-2026 - Global Partners Energy Canada ULC - exportation de propane - A9R3S9,1,1,1,290.0,290,291
4631881,C37482-1 Commission - Order EPR-095-2026 - INTER PIPELINE CANADIAN MARKETING LTD. - exportation of propane - A9R3T6,1,1,1,259.0,260,262
4631882,C37482-2 Commission - Ordonnance EPR-095-2026 - INTER PIPELINE CANADIAN MARKETING LTD. - exportation de propane - A9R3T5,1,1,1,289.0,289,291
4631885,C37483-1 Commission - Order EPR-096-2026 - Crestwood Services LLC - exportation of propane - A9R3T9,1,1,1,257.0,258,260
4631886,C37483-2 Commission - Ordonnance EPR-096-2026 - Crestwood Services LLC - exportation de propane - A9R3T8,1,1,1,288.0,288,289
4631889,C37485-1 Vantage 2026 CER PUBLIC Tariff TL - A9R3U4,1,1,1,178.0,158,160
4631890,C37486-1 Vantage 2026 CER CONFIDENTIAL Tariff TL - A9R3U8,1,1,1,273.0,251,255
4631895,C37497-1 Bakken CER No. 50 - Transmittal Letter - A9R3Y5,2,2,2,0.0,421,517
4631896,C37497-2 Bakken Canada CER No. 50 - A9R3Y6,3,3,3,168.0,478,561
4631899,C37504-1 CER No. 79 South Bow IJT Rates Tariff - A9R4A3,5,5,5,323.6666666666667,1563,1923
4631901,C37509-2 South Bow Welding Procedure Specification and PQR- 12-01-2025 - A9R4D1,48,48,48,242.66666666666666,12381,11555
4631902,C37509-3 South Bow Information Request Response - 30990 - 12-01-2025 - A9R4D2,4,4,4,255.0,961,962
4631905,C37515-4 Commission - permis EPE-523 - Basin Electric Power Cooperative - autorisation d’exporter de l’électricité - A9R4G0,3,3,3,242.33333333333334,722,727
4631908,C37521-1 Commission - Order – ROE-116-2026 – ExxonMobil Oil Corporation - Exportation of light and heavy crude oil - A9R4H9,1,1,1,322.0,323,324
4631909,C37521-2 Commission - Ordonnance - ROE-116-2026 – ExxonMobil Oil Corporation – Exportation du pétrole brut léger et lourd - A9R4H8,1,1,1,348.0,348,350
4631912,C37530-3 Demande d’ordonnance d’exportation à court terme de pétroles bruts léger et lourd ou de produits pétroliers raffinés - FR - A9R4K6,2,2,2,221.5,432,437
4631915,C37535-1 OM2025-370 - Notification of Operation and Maintenance Activities - Notification des activités d'exploitation et d'entretien - 2025-12-02 1438 - A9R4Q6,4,4,4,290.3333333333333,1064,1064
4631917,C37542-2 Application for Short-Term NGL Export Orders - EN - A9R4T3,2,2,2,195.5,383,388
4631919,C37542-4 Demande d’ordonnance d’exportation à court terme de LGN - FR - A9R4T5,2,2,2,236.0,459,466
4631921,C37547-1 Commission Order ROE-103-2026 - U.S. Oil & Refining Co - A9R4V0,1,1,1,336.0,337,338
4631922,C37547-2 Commission Ordonnance ROE-103-2026 - U.S. Oil & Refining Co. - A9R4U9,1,1,1,369.0,368,371
4631925,C37550-1 Commission Order ROE-106-2026 - AltaGas Ltd. on behalf of Petrogas Energy Partnership - A9R4V9,1,1,1,327.0,328,329
4631928,C37559-1 Hertel-New York - Échéancier intégrateur des travaux au 2025-12 - A9R4Y3,1,1,1,294.0,298,4
4631929,C37559-2 2025-12-03 HNY Permis EP-306 cond 12b rapport trimestriel avancement construction - A9R4Y4,1,1,1,226.0,227,227
4631930,Filing Receipt 2025-12-03 190906 - A9R4Y5,2,2,2,259.0,495,518
4631931,C37573-3 NOA DOP - French - A9R5F6,1,1,1,653.0,640,656
4631932,C37573-4 Service Letters to Utilities - A9R5F7,19,19,19,179.33333333333334,3144,2934
4631977,C37656-1 Parent Guarantee 1057533 Alberta Ltd CER Dec 2025 - A9R6I9,6,6,6,0.0,1556,1542
4632098,C37479-1 Commission - Order EPR-092-2026 - Global Companies LLC - exportation of propane - A9R3S7,1,1,1,257.0,258,260
4632099,C37479-2 Commission - Ordonnance EPR-092-2026 - Global Companies LLC - exportation de propane - A9R3S6,1,1,1,288.0,288,289
4632102,C37488-3 Demande d’ordonnance d’exportation à court terme de LGN - FR - A9R3V6,2,2,2,238.0,465,470
4632107,C37494-1 Express CER No. 201 - Transmittal Letter - A9R3X3,2,2,2,0.0,434,498
4632108,C37494-2 Express Pipeline Ltd. - CER No. 201 - A9R3X4,2,2,2,211.5,409,445
4632109,"C37494-3 Express Pipeline Ltd. - ACA eff. Jan 1, 2026 - A9R3X5",1,1,1,638.0,662,846
4632111,C37496-1 Express CER No. 203 - Transmittal Letter - A9R3Y1,3,3,3,0.0,506,583
4632112,C37496-2 Express IJT - CER No. 203 FERC 167.32.0 - A9R3Y2,12,12,12,214.33333333333334,4117,4875
4632113,"C37496-3 Express Pipeline Ltd. - ACA eff. Jan 1, 2026 - A9R3Y3",1,1,1,638.0,662,846
4632115,C37499-1 OM2025-364 - Notification of Operation and Maintenance Activities - Notification des activités d'exploitation et d'entretien - 2025-12-01 1348 - A9R3Z3,4,4,4,297.6666666666667,1088,1088
4632116,OM2025-364 - Filing Receipt 2025-12-01 134815 - A9R3Z4,2,2,2,198.0,371,395
4632119,C37515-1 Commission - Letter - Basin Electric Power Cooperative - authorization to export electricity - A9R4F9,2,2,2,206.5,411,438
4632120,C37515-2 Commission - Lettre - Basin Electric Power Cooperative - autorisation d’exporter de l’électricité - A9R4F8,2,2,2,227.5,453,478
4632121,C37515-3 Commission - Permit EPE-523 - Basin Electric Power Cooperative - authorization to export electricity - A9R4G1,2,2,2,343.5,684,685
4632123,C37519-1 Commission – Order - ROE-114-2026 – Valero Marketing and Supply Company – Exportation of light and heavy crude oil - A9R4H3,1,1,1,324.0,325,326
4632125,"C37520-1 Commission – Order - ROE-115-2026 – Mitsui & Co. Energy Marketing and Services (USA), Inc. – Exportation of light and heavy crude oil and refined petroleum products - A9R4H6",1,1,1,339.0,340,341
4632126,"C37520-2 Commission - Ordonnance - ROE-115-2026 – Mitsui & Co. Energy Marketing and Services (USA), Inc. – Exportation du pétrole brut léger et lourd ainsi que des produits pétroliers raffinés - A9R4H5",1,1,1,372.0,372,374
4632130,C37532-1 Application for Short-Term Light and Heavy Crude and Refined Products Export Orders - EN - A9R4L4,2,2,2,188.0,368,373
4632131,C37532-3 Demande d’ordonnance d’exportation à court terme de pétroles bruts léger et lourd ou de produits pétroliers raffinés - FR - A9R4L6,2,2,2,225.5,440,445
4632133,C37533-1 Application for Short-Term Natural Gas Export Orders - EN - A9R4L9,3,3,3,145.0,423,426
4632135,C37533-3 Demande d’ordonnance d’exportation de gaz naturel à court terme - FR - A9R4Q1,3,3,3,173.33333333333334,505,505
4632140,C37545-1 OM2025-371 - Notification of Operation and Maintenance Activities - Notification des activités d'exploitation et d'entretien - 2025-12-03 1138 - A9R4U4,4,4,4,281.6666666666667,1025,1025
4632146,C37568-3 Commission Order AO-003-MO-041-2024 – Westcoast and Westcoast GP - Confirmation - transfer of the BC Pipeline System - Notice of name change and Request to Vary Certificates and Orders - A9R5C5,2,2,2,225.0,448,450
4632147,C37568-4 Commission Ordonnance AO-003-MO-041-2024 – Westcoast et Westcoast GP - le réseau pipelinier BC - Avis de changement de dénomination sociale et demande de modification de certificats et d’ordonnances - A9R5C4,2,2,2,233.0,460,468
4632148,C37568-5 Commission Order XG-013-2025 – Westcoast and Westcoast GP - Confirmation - transfer of the BC Pipeline System - Notice of name change and Request to Vary Certificates and Orders - A9R5C7,3,3,3,176.33333333333334,522,524
4632149,C37568-6 Commission Ordonnance XG-013-2025 – Westcoast et Westcoast GP - le réseau pipelinier BC - Avis de changement de dénomination sociale et demande de modification de certificats et d’ordonnances - A9R5C6,3,3,3,184.33333333333334,544,548
4632150,C37568-7 Commission Amending Orders for BC Pipeline System Certificates – Westcoast and Westcoast Energy GP - Transfer of the BC Pipeline System - Name change – Variance of Certificates and Orders - A9R5C9,2,2,2,191.0,380,382
4632151,C37568-8 Commission Ordonnances modificatrices des certificats pour le réseau pipelinier BC – Westcoast et Westcoast GP - dénomination et modification de certificats et d’ordonnances - A9R5C8,2,2,2,207.0,409,418
4632152,C37568-9 Commission Amending Orders for BC Pipeline System Miscellaneous Orders – Westcoast and Westcoast Energy GP - Transfer of the BC Pipeline System - Name change – Variance of Certificates and Orders - A9R5D1,2,2,2,195.0,388,390
4632153,C37568-10 Commission Ordonnances modificatrices d’ordonnances générales rendues à l’égard du réseau pipelinier BC–Westcoast et Westcoast GP - dénomination et modification de certificats et d’ordonnances - A9R5D0,2,2,2,209.5,413,421
4632154,C37568-11 Commission Amending Orders for BC Pipeline System Gas Exemption Orders – Westcoast and Westcoast Energy GP - Transfer of the BC Pipeline System - Name change – Variance of Certificates and Orders - A9R5D3,4,4,4,176.33333333333334,642,642
4632166,C37590-1 REM2025-038 - Supplemental Information - Complément d’information - 2025-12-07 0008 - A9R5K6,2,2,2,242.5,485,482
4632167,REM2025-038 - Filing Receipt 2025-12-07 000814 - A9R5K7,2,2,2,181.0,337,361
4632169,C37591-1 REM2025-037 - Supplemental Information - Complément d’information - 2025-12-07 0008 - A9R5K8,2,2,2,234.0,468,465
4632207,C37467-1 Commission - Order EBU-062-2026 - BP Canada Energy Group ULC - exportation of butanes - A9R3K9,1,1,1,259.0,260,262
4632208,C37467-2 Commission - Ordonnance EBU-062-2026 - BP Canada Energy Group ULC - exportation de butanes - A9R3K8,1,1,1,290.0,290,291
4632211,C37469-1 Commission - Order EBU-063-2026 - Global Companies LLC - exportation of butanes - A9R3L7,1,1,1,257.0,258,260
4632212,C37469-2 Commission - Ordonnance EBU-063-2026 - Global Companies LLC - exportation de butanes - A9R3L6,1,1,1,288.0,288,289
4632214,"C37481-1 Commission - Order EPR-094-2026 - Star Tank Lines, Inc. - exportation of propane - A9R3T3",1,1,1,258.0,259,261
4632215,"C37481-2 Commission - Ordonnance EPR-094-2026 - Star Tank Lines, Inc. - exportation de propane - A9R3T2",1,1,1,289.0,289,290
4632217,C37485-2 Vantage 2026 CER PUBLIC Tariff Blackline - A9R3U5,3,3,3,161.0,464,464
4632218,C37485-3 Vantage 2026 CER PUBLIC Tariff Clean - A9R3U6,3,3,3,160.0,457,461
4632221,OM2025-365 - Filing Receipt 2025-12-01 134946 - A9R3Z6,2,2,2,198.0,371,395
4632223,C37501-1 OM2025-366 - Notification of Operation and Maintenance Activities - Notification des activités d'exploitation et d'entretien - 2025-12-01 1351 - A9R3Z7,4,4,4,297.0,1085,1073
4632224,OM2025-366 - Filing Receipt 2025-12-01 135131 - A9R3Z8,2,2,2,198.0,371,395
4632227,C37508-2 Response to Application for Review or Rehearing - A9R4C8,18,18,18,255.66666666666666,6289,7719
4632230,C37509-1 Cover Letter - South Bow Application for Approval of Maintenance Welding Repairs - 12-01-2025 - A9R4D0,2,2,2,238.0,452,452
4632231,C37513-1 Application for Short-Term NGL Export Orders - EN - A9R4F0,2,2,2,195.0,382,387
4632233,C37513-3 Demande d’ordonnance d’exportation à court terme de LGN - FR - A9R4F2,2,2,2,235.0,459,480
4632234,C37514-2 OM2025-369 - Notification of Operation and Maintenance Activities - Notification des activités d'exploitation et d'entretien - 2025-12-02 0818 - A9R4F6,4,4,4,223.0,851,849
4632235,OM2025-369 - Filing Receipt 2025-12-02 081816 - A9R4F7,2,2,2,190.5,358,380
4632237,C37517-1 Commission – Order - ROE-112-2026 – Braya Renewable Fuels (Newfoundland) GP Inc. – Exportation of refined petroleum products - A9R4G7,1,1,1,327.0,328,329
4632238,C37517-2 Commission - Ordonnance - ROE-112-2026 – Braya Renewable Fuels (Newfoundland) GP Inc. – Exportation des produits pétroliers raffinés - A9R4G6,1,1,1,357.0,357,358
4632241,C37524-1 Commission – Order - ROE-118-2026 – Global Partners Energy Canada ULC – Exportation of light and heavy crude oil and refined petroleum products - A9R4I7,1,1,1,336.0,337,338
4632242,C37524-2 Commission - Ordonnance - ROE-118-2026 – Global Partners Energy Canada ULC – Exportation du pétrole brut léger et lourd ainsi que des produits pétroliers raffinés - A9R4I6,1,1,1,369.0,369,371
4632245,C37525-1 Commission - Order – ROE-119-2026 – Eni Trading & Shipping Inc. - Exportation of light and heavy crude oil - A9R4J0,1,1,1,323.0,324,325
4632246,C37525-2 Commission - Ordonnance - ROE-119-2026 – Eni Trading & Shipping Inc. - Exportation du du pétrole brut léger et lourd - A9R4I9,1,1,1,349.0,349,351
4632248,C37526-2 Commission - Ordonnance - ROE-120-2026 – ExxonMobil Sales and Supply LLC – Exportation du pétrole brut léger et lourd - A9R4J2,1,1,1,350.0,350,352
4632251,C37529-3 Demande d’ordonnance d’exportation à court terme de LGN - FR - A9R4K1,2,2,2,235.0,459,464
4632255,C37542-1 PacificPropane cert.pdf - A9R4T2,2,2,2,0.0,194,191
4632257,C37556-1 OM2025-372 - Attachment 1 - Water Body Table - A9R4X6,1,1,1,243.0,208,252
4632259,C37561-1 2025-12-03 IESPL to CER Bi-weekly Project Update November 16 to 30 2025 - A9R4Y8,3,3,3,121.0,351,408
4632260,Filing Receipt 2025-12-03 225630 - A9R4Y9,2,2,2,257.5,490,515
4632262,C37562-1 Commission - Letter - Rate of Return on Common Equity per Discontinued RH-2-94 Formula for 2026 - A9R4Z1,1,1,1,272.0,273,298
4632263,C37562-2 Commission - Lettre - Taux de rendement du capital-actions ordinaire selon la formule abandonnée RH-2-94 pour 2026 - A9R4Z0,1,1,1,304.0,304,328
4632303,C37642-1 Commission Order EPR-102-2026 - Greenergy Fuels Canada Inc. - propane export - A9R6E7,1,1,1,258.0,259,261
4632304,C37642-2 Commission Ordonnance EPR-102-2026 - Greenergy Fuels Canada Inc. – exportation du propane - A9R6E6,1,1,1,288.0,289,290
4632307,"C37649-1 Commission Order EPR-108-2026 - PACIFIC PROPANE, LLC - propane export - A9R6H3",1,1,1,257.0,258,260
4632308,"C37649-2 Commission Ordonnance EPR-108-2026 - PACIFIC PROPANE, LLC – exportation du propane - A9R6H2",1,1,1,287.0,288,289
4632316,C37463-6 Appendix C to CER No. 583 - A9R3J5,6,6,6,309.6666666666667,1679,2458
4632317,C37463-7 Appendix D to CER No. 583 - A9R3J6,2,2,2,196.5,373,383
4632318,C37463-8 Appendix E to CER No. 583 and 584 - A9R3J7,1,1,1,645.0,778,853
4632321,"C37476-1 Commission - Order EPR-090-2026 - ONEOK Hydrocarbon, L.P. - exportation of propane - A9R3R7",1,1,1,258.0,259,261
4632322,"C37476-2 Commission - Ordonnance EPR-090-2026 - ONEOK Hydrocarbon, L.P. - exportation de propane - A9R3R6",1,1,1,288.0,288,290
4632324,C37477-1 CER RT 25-2 Transmittal Letter - A9R3R9,3,3,3,205.0,467,617
4632325,C37477-2 CER RT No. 25-2 - A9R3S0,2,2,2,346.5,669,675
4632326,C37477-3 Appendix A to RT No. 25-2 - A9R3S1,2,2,2,196.5,373,383
4632330,C37500-1 OM2025-365 - Notification of Operation and Maintenance Activities - Notification des activités d'exploitation et d'entretien - 2025-12-01 1349 - A9R3Z5,4,4,4,297.3333333333333,1086,1086
4632331,C37505-1 CER No. 585 - Transmittal Letter - A9R4A5,3,3,3,0.0,596,671
4632332,C37505-2 CER No. 585 - A9R4A6,9,9,9,192.0,2034,3172
4632333,C37505-3 Appendix A - A9R4A7,2,2,2,550.5,1074,1508
4632334,C37505-4 Appendix B - A9R4A8,4,4,4,390.0,2271,4419
4632342,C37522-2 Commission - Ordonnance - ROE-117-2026 – Global Companies LLC – Exportation du pétrole brut léger et lourd ainsi que des produits pétroliers raffinés - A9R4I1,1,1,1,367.0,367,369
4632345,C37526-1 Commission – Order - ROE-120-2026 – ExxonMobil Sales and Supply LLC – Exportation of light and heavy crude oil - A9R4J3,1,1,1,324.0,325,326
4632347,C37540-1 Application for Short-Term Light and Heavy Crude and Refined Products Export Orders - EN - A9R4S2,2,2,2,184.5,361,366
4632349,C37550-2 Commission Ordonnance ROE-106-2026 - AltaGas Ltd. au nom de Petrogas Energy Partnership - A9R4V8,1,1,1,354.0,353,358
4632351,C37551-1 Commission Order ROE-107-2026 - Chevron Canada Limited - A9R4W2,1,1,1,334.0,335,336
4632352,C37551-2 Commission Ordonnance ROE-107-2026 - Chevron Canada Limited - A9R4W1,1,1,1,368.0,367,369
4632356,C37567-1 01 Letter to CER re Condition 6 MO-010-2025 MS 63 Decommissioning - A9R5A8,1,1,1,220.0,201,200
4632357,C37567-2 02 Cost Report for Condition 6 MO-010-2025 MS 63 Decommissioning - A9R5A9,3,3,3,301.6666666666667,810,806
4632358,C37567-3 03 Cost Report Part C for Condition 6 MO-010-2025 MS 63 Decommissioning - A9R5C0,2,2,2,196.0,329,328
4632359,Filing Receipt 2025-12-04 151017 - A9R5C1,2,2,2,269.0,503,531
4632360,C37568-12 Commission Ordonnances modificatrices d’ordonnances d’exemption rendues à l’égard du réseau pipelinier BC–Westcoast et Westcoast GP -dénomination et modification de certificats et d’ordonnances - A9R5D2,4,4,4,186.0,666,672
4632361,C37568-13 Commission Amending Orders for BC Pipeline System Toll Orders – Westcoast and Westcoast Energy GP - Transfer of the BC Pipeline System - Name change – Variance of Certificates and Orders - A9R5D5,2,2,2,171.5,341,342
4632362,C37568-14 Commission Ordonnances modificatrices d’ordonnances sur les droits rendues à l’égard du réseau pipelinier BC– Westcoast et Westcoast GP- dénomination et modification de certificats et d’ordonnances - A9R5D4,2,2,2,187.0,368,377
4632373,REM2025-037 - Filing Receipt 2025-12-07 000820 - A9R5K9,2,2,2,181.0,337,361
4632416,C37675-1 REM2025-039 - Supplemental Information - Complément d’information - 2025-12-13 0013 - A9R6T9,2,2,2,253.5,507,504
4632417,REM2025-039 - Filing Receipt 2025-12-13 001306 - A9R6U0,2,2,2,181.0,337,361
4633723,C37868-2 OM2025-388 Information Request 2 Response - A9R9U9,3,3,3,203.0,582,586
4633938,C37813-3 - Commission - Order MO-025-2025 - Whitecap Resources Inc. - Application to amalgamate with Veren Inc. - A9R9D3,1,1,1,274.0,274,274
4639215,C37768-1 Commission – PU No. 1 - Saskatchewan Power - Southwest Power Pool to SaskPower Interconnection 230 kV - EHW-001-2025 Proceeding - Public Hearing Process - A9R8E1,11,11,11,288.0,3583,3724
4639544,C37754-1 Commission - Letter - Powell River Energy Inc - Application for a contract-specific Electricity Export Permit - Recommendation to Designate - A9R7X0,1,1,1,270.0,300,296
4639545,C37754-2 Commission - Lettre - Powell River Energy Inc - Demande de permis d’exportation d’électricité se rattachant à un contrat - Recommandation visant une désignation par décret - A9R7W9,1,1,1,305.0,335,329
4639548,C37760-1 REM2025-040 - Supplemental Information - Complément d’information - 2025-12-19 0017 - A9R7Z5,2,2,2,230.0,457,457
4639549,REM2025-040 - Filing Receipt 2025-12-19 001749 - A9R7Z6,2,2,2,186.0,347,371
4639873,C37752-1 Commission - Letter to Minister - Powell River Energy Inc - Application for a contract-specific Electricity Export Permit - Recommending that the Application be Designated by Order of the Governor in Council - A9R7W0,4,4,4,332.0,1441,1477
4639874,C37752-2 Commission - Lettre au ministre - Powell River Energy Inc - Demande de permis d’exportation d’électricité se rattachant à un contrat - recommandant que la demande soit désignée par un décret de la gouverneure en conseil - A9R7V9,4,4,4,397.3333333333333,1627,1674
4640100,C37755-1 Laganiere - Company s Letter re Review of Land Owner s compensation application and report - A9R7X2,2,2,2,197.0,427,428
4642376,C37780-1 Letter encl Supplemental Notice of Motion for Confidential Treatment - A9R8I0,1,1,1,223.0,198,232
4642377,C37780-2 Supplemental Notice of Motion for Confidential Treatment - A9R8I1,7,7,7,196.33333333333334,2125,2232
4642405,C37817-2 Commission - Lettre - ordonnance AO-023-GC-113 - NGTL GP et North East Gas Co-op Ltd. - Confirmation de la vente de la canalisation latérale Saint Lina Nord et la canalisation latérale au point de vente Truman - A9R9A9,1,1,1,317.0,318,342
4642406,C37817-3 Commission - Order AO-023-GC-113 - NGTL GP and North East Gas Co-op Ltd. - Confirmation of the sale of the Saint Lina North Lateral and Truman Sales Lateral - A9R9C2,2,2,2,245.5,488,488
4642407,C37817-4 Commission – ordonnance AO-023-GC-113 - NGTL GP et North East Gas Co-op Ltd. - Confirmation de la vente de la canalisation latérale Saint Lina Nord et la canalisation latérale au point de vente Truman - A9R9C1,2,2,2,270.0,537,541
4642410,C37818-1 OM2025-393 - Notification of Operation and Maintenance Activities - Notification des activités d'exploitation et d'entretien - 2026-01-05 0934 - A9R9C4,4,4,4,202.66666666666666,809,808
4642411,OM2025-393 - Filing Receipt 2026-01-05 093405 - A9R9C5,2,2,2,191.0,359,381
4642413,C37825-1 C62 Construction Schedule - 2026 01 05 - A9R9E4,3,3,3,256.0,723,736
4642414,Filing Receipt 2026-01-05 155216 - A9R9E5,2,2,2,255.5,477,501
4642417,C37830-6 RM of Peel - Application Appendices AAA to SSS - A9R9G1,107,107,96,1.0,23666,22981
4642418,C37830-7 RM of Peel -Application Appendices TTT to YYY - A9R9G2,41,41,41,1.0,10694,10366
4642419,C37830-8 RM of Peel - Application Appendices AAAA to QQQQ - A9R9G3,112,112,101,1.0,31023,29161
4642421,C37842-1 CTK confirmation to CER - A9R9J7,1,1,1,0.0,114,115
4642424,C37851-1 Commission - Lettre - Demande d’indemnisation déposée par 9346-5508 Québec Inc. contre Pipelines Trans-Nord Inc. - Délai pour l’examen de la demande détaillée par Pipelines Trans-Nord Inc. - A9R9Q0,2,2,2,211.0,420,448
4642428,C37855-1 NGTL GP 2022 Abandonment Program Condition 11 Activity Cost Reporting Report No. 2 - A9R9R2,2,2,2,307.5,593,641
4642430,C37857-1 C37811-1 TNPI 2026 Toll Application - Shell Extension Request for Comment Process - A9R9R6,1,1,1,233.0,172,192
4642433,C37861-1 01 Letter to CER re Leave to Open Application for Fort St. John Mainline Loop - A9R9S5,1,1,1,284.0,225,268
4642434,C37861-2 02 Leave to Open Application for Fort St. John Mainline Loop - A9R9S6,6,6,6,337.6666666666667,1923,2117
4642435,C37861-3 03 Appendix A - Colour-Coded Piping and Instrumentation Diagrams - A9R9S7,3,3,3,1055.0,2845,3113
4642436,C37861-4 04 Appendix B - Test Package PT-004 piping in proximity to connection at KP 51 - A9R9S8,21,21,21,260.0,5277,6580
4642438,C37874-1 Manitoba Hydro Annual Submission for CER Order MO-036-2012 - A9R9W0,10,10,9,0.0,1812,2393
4642442,C37879-1 Tremblay North Receipt Meter Station - Response to Statement of Concern from Manitoba Métis Federation - A9R9X5,3,3,3,458.6666666666667,1244,1351
4642445,C37880-1 Abandonment Bond Cover Letter and Reporting Form Appendix XVI - A9R9X7,3,3,3,34.666666666666664,574,862
4642446,C37881-1 Letter to CER re Further Evidence of Enbridge Pipelines Inc - A9R9X9,1,1,1,148.0,119,137
4642447,C37892-1 Line 93 Optimization Project - A9S0C9,10,10,10,193.66666666666666,2930,2703
4642448,C37892-2 Line 93 Optimization Project-FR - A9S0D1,10,10,10,237.0,3362,3214
4642449,C37893-2 OM2026-009 - Attachment 2 - FFHR - A9S0E6,32,32,32,167.0,6379,5375
4642451,C37916-3 C36838 CNRL P1 ESA R2 Part1 - A9S0L1,45,45,45,49.333333333333336,9835,11399
4642452,C37916-4 C 36838 CNRL P1 ESA R2 Part2 - A9S0L2,1,1,1,0.0,415,620
4642453,C37917-1 OM2026-011 - Notification of Operation and Maintenance Activities - Notification des activités d'exploitation et d'entretien - 2026-01-16 1544 - A9S0L8,4,4,4,281.6666666666667,1023,1022
4642454,OM2026-011 - Filing Receipt 2026-01-16 154444 - A9S0L9,2,2,2,189.0,353,377
4642521,C37823-3 Demande d’ordonnance d’exportation de gaz naturel à court terme - FR - A9R9D8,3,3,3,162.66666666666666,476,475
4642524,C37827-1 IR Response 2026-01-06 143819 - A9R9E9,2,2,2,193.5,382,387
4642525,OM2025-388 - Filing Receipt 2026-01-06 143824 - A9R9F0,2,2,2,219.0,415,437
4642527,C37828-1 2026-214-ENG-Imperial Oil To Whom It May Concern 5M CGL - A9R9F1,1,1,1,361.0,344,416
4642528,Filing Receipt 2026-01-06 151902 - A9R9F2,2,2,2,248.0,471,495
4642530,C37837-1 20260107 WBFN Confirmation of Participation - A9R9I6,1,1,1,235.0,237,182
4642533,C37839-1 NCE Cond 36 IWG Report No 5 - A9R9J0,26,26,26,250.66666666666666,10286,10416
4642536,C37849-1 2026-1 MPLL Monthly Letter to CER regarding December Capacity - A9R9L3,1,1,1,232.0,201,215
4642538,C37852-1 Commission – Letter to Enbridge – AltaGas Complaint regarding tolls on the Enbridge Canadian Mainline - RH-001-2025 Proceeding - Information Request No. 3 - A9R9Q2,1,1,1,190.0,220,216
4642539,C37852-2 Commission - IR No. 3 to Enbridge - AltaGas Complaint regarding tolls on the Enbridge Canadian Mainline - RH-001-2025 Proceeding - A9R9Q3,1,1,1,252.0,240,242
4642541,Filing Receipt 2026-01-09 135439 - A9R9Q9,2,2,2,281.0,533,555
4642542,C37856-1 OM2026-003 - Notification of Operation and Maintenance Activities - Notification des activités d'exploitation et d'entretien - 2026-01-09 1441 - A9R9R4,4,4,4,296.6666666666667,1172,1166
4642543,OM2026-003 - Filing Receipt 2026-01-09 144136 - A9R9R5,2,2,2,191.5,358,382
4642545,C37862-1 Letter to CER re Streamlining Order XGXO-100-2025 - ARC Resources New Tie-In at N5L3 - A9R9T4,2,2,2,217.0,401,417
4642548,C37867-1 2026 01 12 BCH CER EEP RN HA - A9R9U5,28,28,28,185.33333333333334,5149,5353
4642550,"C37883-1 Exhibits to the Notice of Motion dated January 14, 2026 - A9R9Y7",26,26,26,201.33333333333334,7100,8268
4642552,C37892-10 Line 93 Optimization Project - Manuals Filing Requirement - A9S0D9,1,1,1,72.0,64,69
4642553,C37892-11 Line 93 Optimization Project - Indigenous Matters and Engagement Additional Information - A9S0E0,1,1,1,370.0,356,367
4642554,C37892-12 Enbridge Inc. Indigenous Peoples Policy - A9S0E1,3,3,3,261.3333333333333,620,769
4642555,C37892-13 Enbridge Inc. Sustainability Policy - A9S0E2,5,5,5,315.0,2039,2041
4642556,C37892-14 Line 93 Optimization Project - Interactions Table - A9S0E3,22,22,22,432.0,7969,7977
4642558,C37894-1 CER Abandonment Funding Reporting Form - Yoho Resources - Jan 2026 - A9S0E9,2,2,2,275.5,475,765
4642563,C37902-1 SY 24 06 Cost Report 2- Order No 5 Jan 2026 - A9S0H5,5,5,5,289.3333333333333,1489,1485
4642564,C37911-1 Grande Prairie Mainline Loop No. 3 - Greenview Section Project Notification - A9S0J5,15,15,15,340.3333333333333,3996,3925
4642566,C37914-2 Commission - Lettre - NGTL GP Ltd. - Doublement no 3 de la canalisation principale Grande Prairie (section McLeod South) - A9S0K2,18,18,18,403.6666666666667,9363,9533
4642567,C37914-3 Commission - Order XG-001-2026 - NGTL GP Ltd. - Grande Prairie Mainline Loop No. 3 (McLeod South Section) - A9S0K5,4,4,4,299.0,1304,1373
4642568,C37914-4 Commission - Ordonnance XG-001-2026 - NGTL GP Ltd. - Doublement no 3 de la canalisation principale Grande Prairie (section McLeod South) - A9S0K4,5,5,5,290.3333333333333,1486,1571
4642600,C37824-1 Commission - Order - ROE-151-2026 – Bryan Business Centre Ltd. – Exportation of light and heavy crude oil and refined petroleum products - A9R9E2,1,1,1,335.0,336,337
4642601,C37824-2 Commission- Ordonnance ROE-151-2026 – Bryan Business Centre Ltd. – Exportation du pétrole bruit léger et lourd ainsi que des produits pétroliers raffinés - A9R9E1,1,1,1,367.0,368,370
4642603,Filing Receipt 2026-01-07 142514 - A9R9J1,2,2,2,238.0,451,475
4642606,C37843-1 Marten Hills Producer Tie-in Rehabilitation - Condition 2 Aerial Survey - A9R9J9,3,3,3,162.0,460,626
4642609,C37844-1 Letter to CER re Condition 17 - Post-Construction Environmental Monitoring Year 7 - A9R9K1,1,1,1,298.0,274,274
4642611,C37861-5 05 Appendix C - Test Package PT-007 Mainline Test 2 - A9R9S9,38,38,38,172.0,9671,7512
4642612,C37861-8 08 Appendix F - Test Package PT-006 crossover site piping and approximately 100 metres of mainline pipe at KP 48 - A9R9T2,26,26,26,295.6666666666667,8568,6771
4642613,Filing Receipt 2026-01-12 132138 - A9R9T3,2,2,2,328.5,624,648
4642614,C37865-1 2026-01-08 IESPL to CER Bi-weekly Project Update December 16 to 31 2025 - A9R9U1,2,2,2,190.5,373,430
4642615,Filing Receipt 2026-01-12 163644 - A9R9U2,2,2,2,246.5,468,492
4642618,C37875-1 OM2026-006 - Attachment 1 - Aerial Image - A9R9W2,1,1,1,26.0,0,0
4642619,C37876-1 OM2026-007 - Attachment 1 - Aerial Image - A9R9W6,1,1,1,26.0,0,0
4642620,C37876-2 OM2026-007 - Attachment 2 - Current Pipe Details - A9R9W7,1,1,1,84.0,58,63
4642621,C37876-3 OM2026-007 - Notification of Operation and Maintenance Activities - Notification des activités d'exploitation et d'entretien - 2026-01-13 1553 - A9R9W8,4,4,4,234.33333333333334,897,895
4642622,OM2026-007 - Filing Receipt 2026-01-13 155333 - A9R9W9,2,2,2,195.5,368,390
4642623,C37878-1 Tremblay North Receipt Meter Station - Response to Statement of Concern from Travis Suderman - A9R9X3,8,8,8,319.3333333333333,2022,1574
4642628,C37890-1 PRML Condition 21 Abandoned Pipeline Monitoring Report No. 6 - A9S0C3,6,6,6,233.66666666666666,1779,1875
4642629,Filing Receipt 2026-01-15 093152 - A9S0C4,2,2,2,242.0,459,483
4642630,C37895-1 Letter to CER re Mainline Force Majeure Reports Q4 2025 - A9S0F1,1,1,1,159.0,130,141
4642632,C37900-1 Commission - Letter – Shell Canada Limited - Extension Request for Comment Process regarding Trans-Northern Pipelines Inc. Tolls - A9S0H1,1,1,1,290.0,296,316
4642633,C37900-2 Commission - Lettre – Shell Canada Limited - Demande de prolongation du processus de commentaires visant les tarifs de Pipelines Trans-Nord Inc. - A9S0H0,1,1,1,369.0,381,394
4642635,C37905-1 OM2026-010 - Notification of Operation and Maintenance Activities - Notification des activités d'exploitation et d'entretien - 2026-01-16 0714 - A9S0I1,4,4,4,296.6666666666667,1072,1084
4642636,OM2026-010 - Filing Receipt 2026-01-16 071425 - A9S0I2,2,2,2,198.0,371,395
4642637,C37914-1 Commission - Letter - NGTL GP Ltd. - Grande Prairie Mainline Loop No. 3 (McLeod South Section) - A9S0K3,16,16,16,402.0,7479,7597
4642638,C37916-2 C36838-CNRL IR #1 Response letter and attachments - A9S0L0,58,58,58,502.3333333333333,12142,12295
4642639,C37916-5 C36838 CNRL P1 ESA R2 Part3 Compressed - A9S0L3,1,1,1,0.0,155,63
4642640,C37916-6 C36838 CNRL P1 ESA R2 Part4 - A9S0L4,1,1,1,0.0,568,425
4642706,C37781-1 Imperial Norman Wells Regulatory Deviation Exemption Application Final - A9R8I3,21,21,21,139.0,5601,9342
4642707,Filing Receipt 2025-12-22 131627 - A9R8I4,2,2,2,247.5,470,495
4642715,C37805-1 Prairie Thunder to Pentacor Transfer Application Dec 24 2025 - A9R8V6,13,13,13,124.66666666666667,2298,2354
4642725,C37819-1 Commission - Ruling No. 7 - Application from the Regional Municipality of Peel involving TransCanada PipeLines Limited - Notice of motion for confidentiality of cost apportionment application materials - A9R9C6,3,3,3,359.3333333333333,1075,1101
4642728,"C37820-1 Commission - Letter - All Pipeline Companies - Pipeline Financial Resources Requirements - Model Instruments for Parent Company Guarantees, Indemnity Agreements, and Letters of Credit - A9R9C9",1,1,1,172.0,172,198
4642729,"C37820-2 Commission - Lettre - Toutes les sociétés pipelinières - Exigences relatives aux ressources financières des sociétés pipelinières-Modèles de garantie, de convention d'indemnisation et de lettre de crédit - A9R9C8",1,1,1,220.0,220,244
4642733,C37829-1 CER - Letter - Trans Mountain Pipeline ULC - Drag Reducing Agent Project - Receipt of Project Notification - A9R9F4,5,5,5,283.6666666666667,1247,1426
4642734,C37829-2 REC - Lettre - Trans Mountain Pipeline ULC - Projet visant l’utilisation d’un agent réducteur de traînée - Accusé de réception de l’avis de projet - A9R9F3,5,5,5,329.3333333333333,1410,1604
4642737,C37831-1 LT CER re Confidential Filing of Downstream Sales Transaction Contracts - A9R9G9,3,3,3,331.0,941,1027
4642742,C37869-1 OM2026-004 - Notification of Operation and Maintenance Activities - Notification des activités d'exploitation et d'entretien - 2026-01-13 1023 - A9R9V0,4,4,4,279.6666666666667,1012,1012
4642743,OM2026-004 - Filing Receipt 2026-01-13 102342 - A9R9V1,2,2,2,189.5,354,378
4642745,C37870-1 2026 Annual Abandonment Funding Report - A9R9V2,2,2,2,205.0,427,461
4642747,C37875-3 OM2026-006 - Notification of Operation and Maintenance Activities - Notification des activités d'exploitation et d'entretien - 2026-01-13 1541 - A9R9W4,4,4,4,235.0,899,897
4642748,OM2026-006 - Filing Receipt 2026-01-13 154120 - A9R9W5,2,2,2,195.5,366,390
4642749,C37877-1 Commission - Letter - Trans Mountain - Trans Mountain Expansion Project - Certificate OC-065 - Updated Condition 71 - Riparian Habitat Management Plan - A9R9X1,12,12,12,395.6666666666667,4833,5010
4642750,C37877-2 Commission - Lettre - Trans Mountain - Projet d’agrandissement du réseau de Trans Mountain - Certificat OC-065 - Condition 71 - Plan de gestion de l’habitat riverain - Mise à jour - A9R9X0,14,14,14,341.3333333333333,6115,6354
4642753,C37886-1 Notification of Completion of Transfer - Application to Transfer Ownership of the Bodo and Wascana Pipeline Systems - A9R9Z5,2,2,2,172.5,321,318
4642757,C37889-1 CER CLT IJT Nos 588 589 Transmittal Letter - A9S0A6,3,3,3,248.66666666666666,688,741
4642758,C37889-2 CER IJT No. 589 - FERC No. 45.44.0 - A9S0A7,8,8,8,266.6666666666667,2479,2967
4642759,C37889-3 CER 588 - A9S0A8,5,5,5,320.3333333333333,1747,2426
4642760,C37889-4 Appendix A to CER No. 589 - A9S0A9,5,5,5,928.3333333333334,4058,3605
4642761,C37889-5 Appendix B to CER Tariff No. 589 - A9S0C0,7,7,7,721.6666666666666,4588,5168
4642762,C37889-6 Appendix C to CLT CER No. 588 - A9S0C1,6,6,6,309.6666666666667,1676,2443
4642766,C37892-4 Line 93 Optimization Project – Engineering Filing Requirement - A9S0D3,1,1,1,219.0,208,216
4642767,C37892-5 Line 93 Optimization Project - Security Filing Requirement - A9S0D4,1,1,1,64.0,53,61
4642768,C37892-6 Line 93 Optimization Project - Global Map - A9S0D5,1,1,1,140.0,35,16
4642769,C37895-2 Attachment 1 - Enbridge Mainline Force Majeure Application - October 2025 - A9S0F2,1,1,1,49.0,430,467
4642770,C37895-3 Attachment 2 - Enbridge Mainline Force Majeure Application - November 2025 - A9S0F3,1,1,1,64.0,445,456
4642771,C37895-4 Attachment 3 - Enbridge Mainline Force Majeure Application - December 2025 - A9S0F4,1,1,1,24.0,446,432
4642774,C37903-1 REM2026-001 - Supplemental Information - Complément d’information - 2026-01-16 0010 - A9S0H7,2,2,2,240.0,480,477
4642775,REM2026-001 - Filing Receipt 2026-01-16 001002 - A9S0H8,2,2,2,186.0,347,371
4642778,C37909-1 Letter to CER re Enbridge Response to CER IR No. 3 - A9S0I9,1,1,1,150.0,126,125
4642779,C37909-2 Enbridge Response to CER IR No. 3 - A9S0J0,2,2,2,354.5,684,695
4642782,C37912-1 CER - Letter – Westcoast Energy GP Inc. – Deadman River Crossing 5 Permanent Erosion Mitigation Project – Receipt of Project Notification - A9S0J8,3,3,3,372.6666666666667,1060,1148
4642783,C37912-2 REC - Lettre – Westcoast Energy GP Inc. – Projet concernant des mesures permanentes d’atténuation de l’érosion au franchissement no 5 de la rivière Deadman - A9S0J7,4,4,4,315.6666666666667,1211,1305
4642786,C37916-7 C36838 CNRL P1 ESA R2 Part5 - A9S0L5,119,119,118,69.33333333333333,17143,18462
4642835,C37813-1 Commission - Letter - Whitecap Resources Inc. - Application to amalgamate with Veren Inc. - A9R8Y0,3,3,3,291.3333333333333,793,906
4642836,C37813-2 Commission - Lettre - Whitecap Resources Inc. – Demande d’autorisation concernant la fusion avec Veren Inc. - A9R8X9,3,3,3,342.3333333333333,909,1061
4642837,C37813-4 Commission - Ordonnance MO-025-2025 - Whitecap Resources Inc. – Demande d’autorisation concernant la fusion avec Veren Inc. - A9R8Y1,1,1,1,285.0,286,286
4642838,C37813-5 Commission - Order AO-007-XG-R040-10-2003 - Whitecap Resources Inc. - Application to amalgamate with Veren Inc. - A9R8Y4,3,3,3,217.33333333333334,645,645
4642839,C37813-6 Commission - Ordonnance AO-007-XG-R040-10-2003 - Whitecap Resources Inc. – Demande d’autorisation concernant la fusion avec Veren Inc. - A9R8Y3,3,3,3,227.0,674,675
4642840,C37813-7 Commission - Order AO-005-XG-N150-6-2000 - Whitecap Resources Inc. - Application to amalgamate with Veren Inc. - A9R8Y6,3,3,3,165.0,488,488
4642841,C37813-8 Commission - Ordonnance AO-005-XG-N150-6-2000 - Whitecap Resources Inc. – Demande d’autorisation concernant la fusion avec Veren Inc. - A9R8Y5,3,3,3,183.0,544,545
4642842,C37813-9 Commission - Order AO-005-XG-12-90 - Whitecap Resources Inc. - Application to amalgamate with Veren Inc. - A9R8Y8,3,3,3,159.66666666666666,472,472
4642843,C37813-10 Commission - Ordonnance AO-005-XG-12-90 - Whitecap Resources Inc. – Demande d’autorisation concernant la fusion avec Veren Inc. - A9R8Y7,3,3,3,180.66666666666666,535,537
4642844,C37815-1 Incorporation-Constitution (1).pdf - A9R9A0,3,3,3,257.3333333333333,767,770
4642845,C37815-2 Application for Short-Term Light and Heavy Crude and Refined Products Export Orders - EN - A9R9A1,2,2,2,198.5,389,399
4642847,C37815-4 Demande d’ordonnance d’exportation à court terme de pétroles bruts léger et lourd ou de produits pétroliers raffinés - FR - A9R9A3,2,2,2,236.5,471,467
4642852,C37821-1 OM2025-394 - Notification of Operation and Maintenance Activities - Notification des activités d'exploitation et d'entretien - 2026-01-05 1310 - A9R9D1,4,4,4,287.6666666666667,1056,1056
4642853,OM2025-394 - Filing Receipt 2026-01-05 131059 - A9R9D2,2,2,2,198.0,371,395
4642854,C37830-9 RM of Peel - Application Appendix RRRR - A9R9G4,85,85,83,1.0,20972,19643
4642855,C37830-10 RM of Peel - Application Appendix SSSS - Part 1 - A9R9G5,40,40,40,0.6666666666666666,13699,14237
4642856,C37830-11 RM of Peel -Application Appendix SSSS - Part 2 Section 2.b - A9R9G6,55,55,55,0.6666666666666666,16353,15762
4642858,C37832-1 BC01 Meter Skid Transfer of Ownership - S. 181 Application - A9R9H1,5,5,5,247.0,1235,1261
4642859,C37832-2 Appendix A Purchaser Certificates - A9R9H2,5,5,5,28.333333333333332,119,126
4642860,C37832-3 Appendix B Location Plan - A9R9H3,1,1,1,0.0,168,0
4642863,C37836-1 OM2026-001 - Notification of Operation and Maintenance Activities - Notification des activités d'exploitation et d'entretien - 2026-01-07 1407 - A9R9I4,4,4,4,288.0,1045,1044
4642864,OM2026-001 - Filing Receipt 2026-01-07 140717 - A9R9I5,2,2,2,189.5,354,378
4642865,C37840-1 MMF to CER re intervenor confirmation 2026-01-07 - A9R9J2,2,2,2,116.5,255,255
4642867,C37848-1 OM2026-002 - Notification of Operation and Maintenance Activities - Notification des activités d'exploitation et d'entretien - 2026-01-08 2108 - A9R9L1,4,4,4,277.3333333333333,1019,1009
4642868,OM2026-002 - Filing Receipt 2026-01-08 210823 - A9R9L2,2,2,2,186.0,349,371
4642870,C37866-1 Letter to CER re Conditions 18 of Order XG-017-2024 - Timing Relief Request - A9R9U3,2,2,2,249.0,463,461
4642871,Filing Receipt 2026-01-12 164155 - A9R9U4,2,2,2,260.0,495,520
4642873,C37871-1 Condition 12 Filing b - A9R9V4,1,1,1,207.0,194,194
4642874,Filing Receipt 2026-01-13 113406 - A9R9V5,2,2,2,252.5,480,508
4642876,C37884-1 2026-01-14 Notice of Motion to Compel Documents - A9R9Y9,7,7,7,149.66666666666666,1997,2022
4642877,C37884-2 2025-01-14 LT CER encl Notice of Motion - A9R9Z0,1,1,1,217.0,193,173
4642880,C37888-1 Cover Letter NorthRiver NEBC Connector Project Condition 33 Compliance Filing - A9S0A3,1,1,1,137.0,124,124
4642881,C37888-2 Construction Progress Report No. 5 - A9S0A4,8,8,8,248.33333333333334,1724,1705
4642882,Filing Receipt 2026-01-15 091726 - A9S0A5,2,2,2,265.0,505,534
4642883,C37892-7 Line 93 Optimization Project - Regional Maps - A9S0D6,3,3,3,89.33333333333333,97,138
4642885,C37893-1 OM2026-009 - Attachment 1 - Waterbody Table - A9S0E5,1,1,1,224.0,196,240
4642886,C37896-1 CER No. 590 - Transmittal Letter - A9S0F6,2,2,2,0.0,470,466
4642887,C37896-2 CER No. 590 - A9S0F7,9,9,9,192.0,2028,3175
4642888,C37896-3 Appendix A - A9S0F8,2,2,2,550.5,1074,1456
4642889,C37896-4 Appendix B - A9S0F9,1,1,1,276.0,272,430
4642892,C37898-1 Submission letter - A9S0G5,3,3,3,25.666666666666668,537,857
4642894,Filing Receipt 2026-01-15 153450 - A9S0H6,2,2,2,258.5,492,517
4642895,C37910-1 CER - Letter - 2026 Pipeline Services Survey - Request for Shipper Lists - A9S0J3,5,5,5,192.66666666666666,1184,1242
4642896,C37910-2 REC - Lettre - Sondage de 2026 sur les services pipeliniers - Demande de listes d’expéditeurs - A9S0J2,5,5,5,222.66666666666666,1307,1378
4642898,C37915-1 Commission - Ruling No. 1 - Saskatchewan Power - Southwest Power Pool to SaskPower Interconnection 230 kV - EHW-001-2025 Proceeding - Saskatchewan Power Corporation’s motion for confidential treatment - A9S0K7,4,4,4,280.3333333333333,1253,1284
4642900,C37916-1 C36838 photos ii - A9S0K9,40,40,40,0.0,1463,741
4642946,C37812-1 Kitsault Energy Export Licence Renewal Application 2025 (SIGNED) - A9R8X7,22,22,22,96.66666666666667,4550,4646
4642948,C37822-1 Letter to CER re Westcoast Response to CER Draft List of Issues and Hearing Procedure - A9R9D4,4,4,4,272.6666666666667,1346,1433
4642950,C37830-1 2026-01-07 - Letter Enclosing Publicly Filed Cost Apportionment Application - A9R9F6,1,1,1,220.0,214,214
4642951,C37830-2 2026-01-07 - RM of Peel - Amended Amended Cost Apportionment Application - A9R9F7,39,39,39,187.66666666666666,10550,11431
4642952,C37830-3 RM of Peel - Application Appendices A to Z - A9R9F8,96,96,84,2.0,14491,13717
4642953,C37830-4 RM of Peel - Application Appendices AA to UU - A9R9F9,105,105,91,1.0,14779,13871
4642954,C37830-5 RM of Peel - Application Appendices VV to ZZ - A9R9G0,46,46,44,1.0,10796,10149
4642955,C37830-12 RM of Peel - Application Appendix TTTT - A9R9G7,4,4,4,1.0,685,673
4642958,C37834-1 Commission - Letter to NGTL GP - Tremblay North Receipt Meter Station - Completeness and Legislated Time Limit - A9R9H7,2,2,2,332.0,620,691
4642959,C37834-2 Commission - Lettre émise à NGTL GP - Station de comptage au point de réception Tremblay North - Caractère complet de la demande et délai prescrit par la loi - A9R9H8,2,2,2,380.0,717,786
4642960,Receipt - Accusé de réception - A9R9H9,2,2,2,156.5,313,313
4642962,C37844-2 Line 21 Segment Replacement Project - PCEM Report Year 7 - A9R9K2,33,33,33,83.66666666666667,5759,5896
4642967,C37853-1 2026.01.09 Cover Letter Six Mile Creek HDD Six Mile Trib HDD Kiskatinaw River HDD Update - A9R9Q5,2,2,2,151.5,277,277
4642968,C37853-2 Six Mile Creek HDD IFC Designs September 10 2025 - A9R9Q6,3,3,3,963.6666666666666,1991,1421
4642969,Filing Receipt 2026-01-09 142910 - A9R9R1,2,2,2,244.5,464,488
4642971,C37858-1 2022 Abandonment Program - Cond. 6 Update CHRP Schedule - A9R9R8,2,2,2,175.0,322,338
4642972,Filing Receipt 2026-01-12 090034 - A9R9R9,2,2,2,243.5,462,486
4642975,C37863-1 Letter to CER re Westcoast MS46 Decomissioning Notification - A9R9T6,2,2,2,156.0,282,313
4642978,C37872-1 Laganiere - Avis de requête pour communication de documents par le Propriétaire - A9R9V6,6,6,6,206.0,1626,1695
4642981,C37887-1 Irving Oil Refinery Inc. Certificate and Articles of Incorporation.pdf - A9R9Z7,1,1,1,0.0,130,130
4642982,C37887-2 Application for Short-Term Light and Heavy Crude and Refined Products Export Orders - EN - A9R9Z8,2,2,2,193.0,378,383
4642984,C37887-4 Demande d’ordonnance d’exportation à court terme de pétroles bruts léger et lourd ou de produits pétroliers raffinés - FR - A9S0A0,2,2,2,231.0,451,457
4642987,C37892-8 Line 93 Optimization Project - Detail Maps - A9S0D7,10,10,10,141.66666666666666,703,745
4642988,C37892-9 Line 93 Optimization Project - Technical Description Filing Requirement - A9S0D8,1,1,1,393.0,385,394
4642989,C37897-1 2026 Abandonment Funding Set Aside Reporting Form - Signed - A9S0G1,2,2,2,303.5,474,800
4642991,C37913-1 List of Parties - Saskatchewan Power Corporation - Southwest Power Pool to SaskPower Interconnection 230 kV – EHW-001-2025 Proceeding - A9S0K0,2,2,2,164.0,311,314
4643063,C37817-1 Commission - Letter - Order AO-023-GC-113 - NGTL GP and North East Gas Co-op Ltd. - Confirmation of the sale of the Saint Lina North Lateral and Truman Sales Lateral - A9R9C0,1,1,1,282.0,283,309
4643070,C37833-1 CER - Letter - Imperial Oil Resources N.W.T. Limited - 2026 Artificial Islands 3 & 4 Repair Program Modification Notification - Operating Authorization OA-1210-001 – Condition 5 - A9R9H5,1,1,1,167.0,168,193
4643072,C37835-3 OM2025-395 - Notification of Operation and Maintenance Activities - Notification des activités d'exploitation et d'entretien - 2026-01-07 1325 - A9R9I2,5,5,5,265.0,1399,1393
4643073,OM2025-395 - Filing Receipt 2026-01-07 132556 - A9R9I3,2,2,2,206.0,387,412
4643074,C37838-1 Cowessess Ventures Ltd Notification of Intervenor Status January 6 2026 - A9R9I8,1,1,1,74.0,74,73
4643077,C37841-1 CER - Letter - NGTL GP Ltd. - Yellowhead Mainline Interconnect Project - Receipt of Project Notification - A9R9J5,3,3,3,315.3333333333333,875,973
4643078,C37841-2 CER - Lettre - NGTL GP Ltd. - Projet de raccordement de la canalisation principale Yellowhead - Accusé de réception de l’avis de projet - A9R9J4,3,3,3,356.6666666666667,992,1095
4643081,C37846-1 Commission - Letter - Enbridge - Order MO-003-2018 - Verification of Pipe or Fittings Mechanical Properties not Meeting Industry Standards or Company Specifications -Request for Extension to Submit Update - A9R9K7,1,1,1,284.0,285,310
4643082,C37846-2 Commission - Lettre - Enbridge - MO-003-2018 - Recensement des conduites et des composantes qui ne respectent pas les normes de l’industrie - Demande de report de la date limite pour présenter le rapport - A9R9K6,1,1,1,327.0,328,353
4643084,C37847-1 C106 Monthly Construction Progress Report - 2026-01-08 - A9R9K9,12,12,12,309.6666666666667,2630,2766
4643085,Filing Receipt 2026-01-08 153824 - A9R9L0,2,2,2,253.0,481,506
4643086,C37850-1 Application for Short-Term Natural Gas Export Orders - EN - A9R9L5,3,3,3,143.66666666666666,416,422
4643088,C37850-3 Demande d’ordonnance d’exportation de gaz naturel à court terme - FR - A9R9L7,3,3,3,172.33333333333334,505,502
4643091,C37853-3 Tributary to Six Mile Creek HDD IFC Designs November 6 2025 - A9R9Q7,5,5,5,967.0,2834,2987
4643092,C37853-4 Kiskatinaw River HDD IFC Designs November 6 2025 - A9R9Q8,5,5,5,881.6666666666666,2903,2348
4643093,C37854-1 NGTL GP 2021 Abandonment Program Condition 10 Activity Cost Reporting Report No. 3 - A9R9R0,3,3,3,258.3333333333333,736,765
4643095,C37859-1 Commission – Order GO-011-2026 – Lovat Gas Solutions Ltd. – Exportation of Gas (in the form of liquefied natural gas) - A9R9S1,1,1,1,277.0,278,279
4643096,C37859-2 Commission – Ordonnance GO-011-2026 – Lovat Gas Solutions Ltd. – exportation de gaz (sous la forme de gaz naturel liquéfié) - A9R9S0,1,1,1,309.0,310,309
4643098,C37860-1 C94 Consultation Reports Protection of Municipal Water Sources - Cover Letter -2026-01-12 - A9R9S3,1,1,1,333.0,312,306
4643099,Filing Receipt 2026-01-12 120809 - A9R9S4,3,3,3,246.33333333333334,672,697
4643100,C37861-6 06 Appendix D - Test Package PT-005 pretested pipe for connecting of test sections - A9R9T0,22,22,22,205.0,3768,4123
4643101,C37861-7 07 Appendix E - Test Package PT-008 Mainline Test 1 - A9R9T1,38,38,38,159.33333333333334,10039,8020
4643102,"C37864-1 Cover Letter - Updated ACA Jan 12, 2026 - Aurora Pipeline Company Ltd. - Identification of Error in ACE - Plains Response - A9R9T8",1,1,1,275.0,264,264
4643103,"C37864-2 Attachment 1 - Updated ACA Form Jan 9, 2026 - Aurora Pipeline Company Ltd. - A9R9T9",4,4,4,174.66666666666666,842,958
4643106,C37868-1 IR Response 2026-01-12 174032 - A9R9U7,1,1,1,254.0,254,254
4643107,OM2025-388 - Filing Receipt 2026-01-12 174033 - A9R9U8,2,2,2,219.0,415,437
4643109,C37873-1 OM2026-005 - Notification of Operation and Maintenance Activities - Notification des activités d'exploitation et d'entretien - 2026-01-13 1414 - A9R9V8,5,5,5,211.0,1198,1181
4643110,OM2026-005 - Filing Receipt 2026-01-13 141450 - A9R9V9,2,2,2,186.0,349,371
4643111,C37875-2 OM2026-006 - Attachment 2 - Current Pipe Details - A9R9W3,1,1,1,85.0,58,63
4643113,C37882-1 Commission - Letter - Cedar 1 LNG Export Ltd. - Application for a Licence to Export Liquified Natural Gas - A9R9Y3,1,1,1,133.0,134,159
4643114,C37882-2 Commission - Lettre - Cedar 1 LNG Ltd. - Demande de licence d’exportation de naturel liquéfié - A9R9Y2,1,1,1,153.0,153,177
4643115,C37882-3 Commission - Licence GL-349 - Cedar 1 LNG Export Ltd. - Application for a Licence to Export Liquified Natural Gas - A9R9Y5,2,2,2,199.5,396,398
4643116,C37882-4 Commission - Licence GL-349 - Cedar 1 LNG Ltd. - Demande de licence d’exportation de naturel liquéfié - A9R9Y4,2,2,2,201.5,401,401
4643118,C37885-2 Notice of Motion for an Order Compelling Sam Enterprises Ltd. to Provide Records - A9R9Z3,9,9,9,198.33333333333334,2408,2836
4643121,C37891-1 OM2026-008 - Attachment 1 - Aerial Image - A9S0C5,2,2,2,31.0,0,0
4643122,C37891-2 OM2026-008 - Attachment 2 - Current Pipe Details - A9S0C6,1,1,1,110.0,78,95
4643123,C37891-3 OM2026-008 - Notification of Operation and Maintenance Activities - Notification des activités d'exploitation et d'entretien - 2026-01-15 0955 - A9S0C7,4,4,4,235.33333333333334,900,900
4643124,OM2026-008 - Filing Receipt 2026-01-15 095530 - A9S0C8,2,2,2,204.5,384,408
4643125,C37893-3 OM2026-009 - Notification of Operation and Maintenance Activities - Notification des activités d'exploitation et d'entretien - 2026-01-15 1037 - A9S0E7,5,5,5,225.66666666666666,1185,1184
4643126,OM2026-009 - Filing Receipt 2026-01-15 103726 - A9S0E8,2,2,2,195.5,366,390
4643158,C37810-1 LT CER re Proof of Publication and Service on Utilities - A9R8X0,28,28,27,155.66666666666666,8588,8643
4643160,C37813-11 Commission - Order AO-003-MO-045-2016 - Whitecap Resources Inc. - Application to amalgamate with Veren Inc. - A9R8Z0,2,2,2,203.5,404,403
4643161,C37813-12 Commission - Ordonnance AO-003-MO-045-2016 - Whitecap Resources Inc. – Demande d’autorisation concernant la fusion avec Veren Inc. - A9R8Y9,3,3,3,147.0,434,435
4643162,C37813-13 Commission - Order AO-002-ZO-003-2022 - Whitecap Resources Inc. - Application to amalgamate with Veren Inc. - A9R8Z2,2,2,2,195.5,388,388
4643163,C37813-14 Commission - Ordonnance AO-002-ZO-003-2022 - Whitecap Resources Inc. – Demande d’autorisation concernant la fusion avec Veren Inc. - A9R8Z1,2,2,2,216.0,430,432
4643166,C37816-1 Commission - Letter – Enbridge Pipelines Inc. – Westcoast Energy GP Inc. – 2BL Crossover Assemblies Replacement Project – Order XG-W102-009-2017 - Condition 8 - A9R9A7,3,3,3,335.3333333333333,892,1025
4643167,C37816-2 Commission - Lettre – Pipelines Enbridge Inc. - Westcoast Energy GP Inc. - Projet de remplacement de l’ouvrage de franchissement 2BL - Ordonnance XG-W102-009-2017 – Condition 8 - A9R9A6,3,3,3,402.3333333333333,1086,1216
4643169,C37823-1 Application for Short-Term Natural Gas Export Orders - EN - A9R9D6,3,3,3,134.33333333333334,394,394
4643171,"C37826-1 Commission - Order GO-010-2026 - Triolith Energy Fund, LP - Exportation of Gas - A9R9E7",1,1,1,263.0,264,265
4643172,"C37826-2 Commission - Ordonnance GO-010-2026 - Triolith Energy Fund, LP - exportation de gaz - A9R9E6",1,1,1,295.0,296,295
4643174,C37835-1 OM2025-395 - Attachment 1 - Species at Risk Critical Habitat Assessment - A9R9I0,3,3,3,359.3333333333333,982,982
4643175,C37835-2 OM2025-395 - Attachment 2 - Site Plan - A9R9I1,4,4,4,479.0,701,441
4643177,C37845-1 NGTL GP 2025 Abandonment Program Response to CER Information Request No. 2 - A9R9K4,3,3,3,190.0,525,518
4643179,Filing Receipt 2026-01-09 143131 - A9R9R3,2,2,2,246.5,468,492
4643181,C37881-2 Report from Les Otto - A9R9Y0,2,2,2,25.0,821,215
4643185,C37885-1 Letter encl Notice of Motion for an Order Compelling Sam Enterprises Ltd. to Provide Records - A9R9Z2,1,1,1,192.0,171,199
4643188,C37897-2 Abnd Funding Set Aside Cover Letter - A9S0G2,1,1,1,99.0,82,92
4643190,C37899-1 2026.01.15 Cover Letter Abandonment Funding Reporting Form - A9S0G7,1,1,1,150.0,137,136
4643191,C37899-2 Abandonment Funding Reporting Form - A9S0G8,2,2,2,217.0,486,823
4643193,C37901-1 Letter encl Preliminary Comments on ATEC Cost Apportionment Application - A9S0H3,4,4,4,315.3333333333333,1137,1336
4643195,C37904-1 REM2026-002 - Supplemental Information - Complément d’information - 2026-01-16 0010 - A9S0H9,2,2,2,234.5,469,466
4643196,REM2026-002 - Filing Receipt 2026-01-16 001008 - A9S0I0,2,2,2,184.5,344,368
4643199,C37906-1 2026-01-16 App.Maine EP305 Lettre Commission REC condition 18 signee - A9S0I3,1,1,1,193.0,204,193
4643200,Filing Receipt 2026-01-16 073623 - A9S0I4,2,2,2,240.0,454,478
4643202,C37907-1 2026 MidContinental Abandonment Report Form - A9S0I5,3,3,3,238.33333333333334,564,896
4643205,C37908-1 2026 Aden Pipeline Abandonment Report Form - A9S0I7,3,3,3,235.33333333333334,555,887
4643210,C37916-8 C36838 CNRL P1 ESA R2 Part6 - A9S0L6,14,14,14,38.333333333333336,354,353
4644153,C38171-2 - NGTL GP Ltd. - Projet de raccordement de la canalisation principale Yellowhead - Avis de consultation aux termes de l’entente de consultation entre la Nation métisse de l’Alberta et le governement du Canada,2,2,2,367.5,482,766
4644359,ORDER AO-1-EC-29,2,2,2,230.5,439,447
4644360,ORDONNANCE AO-1-EC-29,2,2,2,239.0,417,469
4644361,C38135-2 Information Request No. 2 - British Columbia Hydro and Power Authority - Application to vary Certifcate EC-29,3,3,3,242.33333333333334,726,698
4644463,C37813-15 Commission - Part A - Calculation of ACE for Pipelines and Above-Ground Facilities that are Operational and Decommissioned - A9S2I7,6,6,6,299.0,2114,2512
4644464,C37813-16 Commission - Partie A - Calcul des CECE visant les pipelines et les installations hors terre en exploitation ou ayant été désaffectés - A9S2I8,6,6,6,339.3333333333333,2369,2995
4644920,C38169-12 - Commission - Ordonnance AO-002-XO-P384-002-2016 - Demande présentée par Plains Midstream Canada ULC et Plains Canada Liquid Pipelines ULC - Transfert de propriété des réseaux pipeliniers Wascana et Bodo - A9S4Q1.pdf,2,2,2,169.0,334,338
4646004,C37924-1 CER - Niagara Gas Transmission Limited – Rockcliffe Control Station Relocation Project - Receipt of Project Notification - A9S0S3,3,3,3,287.3333333333333,811,888
4646005,C37924-2 REC - Lettre – Niagara Gas Transmission Limited – Projet de déplacement de la station de contrôle Rockcliffe Accusé de réception de l’avis de projet - A9S0S2,3,3,3,319.6666666666667,900,986
4646009,C37931-1 2026-01-15 IESP Commitment Register to CER ESW and WW - A9S0U0,42,42,42,354.3333333333333,25259,24720
4646010,Filing Receipt 2026-01-19 161344 - A9S0U1,2,2,2,256.5,488,512
4646011,C37932-1 01 IR2 WMT Pier 61 Decomm Response Cover Letter Jan 19 2026 - A9S0U2,1,1,1,279.0,254,245
4646012,C37932-2 02 IR2 WMT Pier 61 Decomm Response - 2026-01-19 - A9S0U3,14,14,14,415.0,4750,4815
4646013,C37932-3 03 Att 1 - Indigenous Engagement Summary - Jan 2026 Update - A9S0U4,4,4,4,232.0,1036,1053
4646016,C37934-1 CER- Letter – El halaloui and Kogan compensation file – Comment process regarding scope of application - A9S0U9,3,3,3,310.0,916,954
4646018,C37935-1 Commission - Letter – NorthRiver - Application to Deactivate the West Doe D66-56-99 Segment 1 Pipeline and one segment of S383-05-2007 Pipeline - A9S0V2,2,2,2,233.5,407,495
4646019,C37935-2 Commission - Lettre – NorthRiver - Demande visant la désactivation du tronçon 1 du pipeline West Doe D66-56-99 et d’un tronçon du pipeline S383-05-2007 - A9S0V1,2,2,2,265.5,464,557
4646020,C37935-3 Commission - Order MO-003-2026 - NorthRiver - Application to Deactivate the West Doe D66-56-99 Segment 1 Pipeline - A9S0V4,3,3,3,183.33333333333334,542,542
4646021,C37935-4 Commission - Ordonnance MO-003-2026 – Demande visant la désactivation du tronçon 1 du pipeline West Doe D66-56-99 - A9S0V3,3,3,3,199.66666666666666,591,593
4646022,C37935-5 Commission - Order MO-004-2026 - Application to Deactivate one segment of S383-05-2007 Pipeline - A9S0V6,3,3,3,180.33333333333334,533,559
4646023,C37935-6 Commission - Ordonnance MO-004-2026 - NorthRiver - Demande visant la désactivation du un tronçon du pipeline S383-05-2007 - A9S0V5,3,3,3,195.33333333333334,578,579
4646025,C37938-5 Attach 10 - Engineering Matters Summary - A9S0W9,2,2,2,180.5,335,335
4646028,C37940-1 OM2026-012 - Attachment 1 - Waterbody Table - A9S0Y9,1,1,1,231.0,195,244
4646029,C37940-2 OM2026-012 - Notification of Operation and Maintenance Activities - Notification des activités d'exploitation et d'entretien - 2026-01-20 1343 - A9S0Z0,4,4,4,304.0,1110,1110
4646030,OM2026-012 - Filing Receipt 2026-01-20 134317 - A9S0Z1,2,2,2,201.0,377,401
4646031,C37942-2 OM2026-013 - Notification of Operation and Maintenance Activities - Notification des activités d'exploitation et d'entretien - 2026-01-20 1345 - A9S0Z7,4,4,4,300.3333333333333,1096,1096
4646033,C37943-1 Commission - Procedural Update No. 2 - Saskatchewan Power - Southwest Power Pool to SaskPower Interconnection 230 kV - EHW-001-2025 Proceeding - List of Parties and service requirements - A9S0Z9,2,2,2,218.5,377,462
4646036,C37951-4 Tab C3 - A9S1E3,24,24,24,19.0,7827,4503
4646037,C37951-5 Tab C4 - A9S1E4,108,108,108,19.0,63041,6987
4646039,Filing Receipt 2026-01-21 123002 - A9S1H1,2,2,2,268.0,511,536
4646042,Filing Receipt 2026-01-22 102317 - A9S1K9,2,2,2,241.5,458,482
4646043,"C37974-1 Commission - Order EPR-109-2026 PS Holdco, LLC - exportation of propane - A9S1L4",1,1,1,257.0,258,260
4646044,"C37974-2 Commission - Ordonnance EPR-109-2026 - PS Holdco, LLC - exportation de propane - A9S1L3",1,1,1,287.0,288,288
4646046,C37980-1 2026 LBX ACE Reporting Form - A9S1Q7,2,2,2,324.5,488,809
4646048,C37981-1 RPT - 2026-01-21 SaskPower SPP Information Request Round 1 - A9S1Q9,7,7,7,201.33333333333334,1471,1483
4646050,C37983-4 Commission - Order XO-001-2026 - Pouce Coupé - Demande concernant le remplacement de la conduite Kiskatinaw River NPS 10 - A9S1R6,3,3,3,307.0,913,914
4646051,C37986-4 Attachment 3 - PCEM - Year 5 Post Construction Environmental Assessment Report - Spread 9 - A9S1T4,45,45,45,143.66666666666666,15119,15375
4646053,C37987-1 ATEC Crossing Application Hwy 1 20250123 - A9S1T6,25,25,21,84.0,3083,3171
4646056,C37988-1 Commission - Letter - Application from the Regional Municipality of Peel involving TransCanada PipeLines Limited - Pre-hearing conference - A9S1T8,3,3,3,326.3333333333333,976,1003
4646059,C37996-1 Appendix XVI Abandonment Funding Reporting Form ARC 15JAN2026 - A9S1V5,2,2,2,205.0,442,473
4646060,C37996-2 Appendix XVI Abandonment Reporting Form ARC Letter 15JAN2026 - A9S1V6,1,1,1,273.0,258,276
4646062,C37997-1 Letter to CER re Enbridge Time Estimate for Oral Summary Argument - A9S1V8,1,1,1,147.0,123,134
4646063,C37997-2 Time Estimate for Oral Summary Argument - A9S1V9,1,1,1,45.0,35,45
4646066,C38002-1 2026 CER Abandonment Funding Reporting Form LPCC - A9S1X0,3,3,3,151.66666666666666,475,508
4646068,C38005-1 Letter to CER - Written Argument of AltaGas Ltd. - A9S1X7,2,2,2,94.5,177,202
4646069,C38005-2 Written Argument of AltaGas Ltd. [PUBLIC] - A9S1X8,49,49,49,183.33333333333334,18158,21019
4646070,C38005-3 Book of Authorities of AltaGas Ltd. - A9S1X9,273,273,271,50.666666666666664,117942,118720
4646071,C38005-4 Time Estimate for Oral Summary Argument - A9S1Y0,1,1,1,43.0,43,39
4646072,C38005-5 Affidavit of Tom Mitenko - A9S1Y1,1,1,1,0.0,256,254
4646075,Filing Receipt 2026-01-26 153642 - A9S2A8,2,2,2,239.0,453,477
4646078,C38022-1 PPL-C-032-H-094-H-08 Reclamation Report TLS No. 6200768 - A9S2D4,45,45,45,154.0,7190,7465
4646079,C38024-5 Attach 09 - Engineering Matters Summary - A9S2E3,2,2,2,79.0,134,135
4646080,C38024-6 Attach 10 - Environmental Obligations Summary - A9S2E4,4,4,4,150.0,719,755
4646082,C38026-1 00 2026 01 27 CER EEP HA CER NOA DOP - A9S2G2,7,7,7,266.6666666666667,2375,10478
4646084,C38028-1 NM Cond 8-7 Employment-Contracting-Procurement-Rpt No 11 - A9S2H0,3,3,3,281.3333333333333,783,769
4646085,C38028-2 NM Cond 8-7 Employment-Contracting-Procurement-Rpt No 11 - A9S2H1,3,3,3,281.3333333333333,783,769
4646086,Filing Receipt 2026-01-27 135752 - A9S2H2,2,2,2,238.0,451,476
4646088,C38031-1 C144 Officer Confirmation Letter - 2026-01-27 - A9S2H9,2,2,2,297.5,577,564
4646090,C38046-1 2026 - Abandonment Funding Report Form - Signed - A9S2Q2,2,2,2,279.0,474,824
4646093,C38051-1 C143b ILI Report MFL-A Darfield to Black Pines - 2026-01-29 - A9S2R3,11,11,11,240.0,3108,2810
4646094,Filing Receipt 2026-01-29 105241 - A9S2R4,2,2,2,247.5,470,495
4646096,C38063-1 NGTL GP 2021 Abandonment Program Cond. 12 Post-Abandonment Reclamation Monitoring First-Year Report - A9S2V5,208,208,208,244.66666666666666,34930,23873
4646097,Filing Receipt 2026-01-29 144329 - A9S2V6,2,2,2,245.5,466,491
4646098,C38066-4 Turner Valley Year 1 PCMR - A9S2W4,90,90,90,187.33333333333334,23646,22422
4646099,Filing Receipt 2026-01-29 151408 - A9S2W5,2,2,2,257.0,489,514
4646100,C38070-1 2026 - CER Reporting Form - A9S2Z1,2,2,2,205.0,434,470
4646101,C38070-2 2026 - CER Cost Recovery Contact Update Form - A9S2Z2,2,2,2,85.0,248,301
4646104,C38082-1 PESI 2025 CER Abandonment Reporting - A9S3D1,2,2,2,279.0,468,827
4646106,C38090-1 01 C151 PCEM for Spread 2 Year 1 - Cover Letter - A9S3E9,1,1,1,223.0,189,189
4646107,C38090-12 14 TMEP As-Built Report Spread 2 January2026-Part4 - A9S3G0,36,36,36,364.3333333333333,9373,12947
4646108,C38090-13 15 TMEP As-Built Report Spread 2 January2026-Part5 - A9S3G1,39,39,39,355.6666666666667,10127,14028
4646109,C38090-14 16 TMEP As-Built Report Spread 2 January2026-Part6 - A9S3G2,36,36,36,359.6666666666667,9838,12964
4646111,C38091-1 Commission - Letter - Compensation Hearing Application from Sam Enterprises Ltd against Trans Mountain Pipeline ULC - Date and timing of oral hearing - MH-004-2025 - A9S3G7,2,2,2,165.0,328,355
4646112,C38094-2 Enbridge Response to CER IR 01 re IJ Facility - A9S3H4,9,9,9,144.66666666666666,2187,2198
4646333,C37933-1 Campus Energy Abandonment Funding Report 2026 - A9S0U6,1,1,1,254.0,234,230
4646334,C37933-2 companies-using-set‐aside-mechanisms-other-than-trusts-exempt-companies-reporting-form - Campus Energy - A9S0U7,2,2,2,1.5,475,401
4646336,C37936-1 Application for Short-Term Natural Gas Export Orders - EN - A9S0V8,3,3,3,142.66666666666666,413,419
4646337,C37938-6 Attach 11 - Environmental Assessment Summary - A9S0X0,3,3,3,241.66666666666666,682,681
4646338,C37947-7 Line 4 and 67 Optimization Project - Indigenous Matters and Engagement - Additional Information - A9S1C3,1,1,1,371.0,356,368
4646339,C37947-8 Enbridge Inc. Sustainability Policy - A9S1C4,5,5,5,315.0,2039,2041
4646340,C37948-1 2026 Aurora CER Cover Letter - Revised Updated Annual Contribution Amount V2 - A9S1D3,1,1,1,155.0,144,144
4646341,C37948-2 Attachment 1 - Revised Updated ACA 2026 V2 - Aurora Pipeline Company Ltd. - A9S1D4,3,3,3,294.6666666666667,844,1022
4646343,C37953-1 26-01-21 Condition 4 Volume Filing - A9S1F0,2,2,2,0.0,404,394
4646345,C37954-1 GPML Loop 4 Valhalla North Section and Berland River CS C3 Unit Addition Cond. 9 Tech Spec Updates Berland River CS C3 Unit Addition - A9S1F2,6,6,6,390.6666666666667,1791,5559
4646347,C37957-1 Q3 2025 CER surveillance - A9S1G0,5,5,5,144.0,551,545
4646348,C37958-1 2026-01-31 MATL Letter to CER re Reliability Standards of Order AO-004 - signed - A9S1G2,2,2,2,266.5,505,529
4646349,C37958-2 NERC WECC ARS Stds MATL MASTER List January 2026 Rev14 - A9S1G3,3,3,3,665.6666666666666,1994,2358
4646351,C37967-1 260121 FHI (HIPCO) SAM MH-001-2013 LOC 2025 Compliance Filing FF - A9S1J7,4,4,4,293.3333333333333,794,1215
4646356,"C38009-1 Letter to Westcoast Energy GP ULC on behalf of Westcoast Energy Limited Partnership - Aspen Point Program, Order GPLO-004-2025 - Request for amendment to reflect bi-directional flow - Information Request No. 1 - A9S1Y9",1,1,1,204.0,188,228
4646358,C38015-1 Condition 26 Rev.2 b - A9S2A3,1,1,1,243.0,227,227
4646359,Filing Receipt 2026-01-26 152241 - A9S2A4,2,2,2,255.0,485,510
4646361,C38019-1 2025-01-26 LT CER encl Reply re Motion to Compel Documents of Sam Enterprises(7353801.1) - A9S2C5,1,1,1,193.0,149,154
4646364,C38027-1 LT Pouce Coupé Pipe Line Ltd. dated 27 January 2026 enclosing NorthRiver Confidentiality Undertaking Statutory Declarations - A9S2G4,2,2,2,80.5,197,192
4646365,"C38027-2 Statutory Declaration of Brenden Hunter, Fasken, External Counsel - A9S2G5",1,1,1,0.0,353,347
4646366,"C38027-3 Statutory Declaration of Erin McKlusky, Fasken, External Counsel - A9S2G6",2,2,2,0.0,352,333
4646367,C38027-4 Statutory Declaration of Dr. Jeffrey Church - A9S2G7,1,1,1,0.0,360,356
4646368,"C38027-5 Statutory Declaration of Dr. Markus Von Wartburg, Advisory Group - A9S2G8",2,2,2,0.0,383,375
4646372,C38042-1 Alexander - Consent Withdrawal - A9S2L2,1,1,1,0.0,125,124
4646375,C38050-1 2026 AEC Abandonment Funding - A9S2R1,5,5,5,63.333333333333336,929,1105
4646378,C38057-1 01 - 2021 NGTL System Expansion - Cond. 30 and 24 Third Year PCEM - A9S2S9,1,1,1,228.0,227,229
4646379,C38057-2 02 - 2021 SXP Deep Valley North Section - Year3- PCM Report - A9S2T0,200,200,200,149.66666666666666,59415,59965
4646380,C38057-4 04 - 2021 SXP Elmworth Section - Year 3- PCM Report - A9S2T2,142,142,142,247.66666666666666,54530,54790
4646381,C38057-5 05 - 2021 SXP Valhalla Section - Year 3- PCM Report - A9S2T3,76,76,76,206.33333333333334,23825,24301
4646382,C38057-6 06 -2021 SXP Brewster - Year 3- PCM Report - A9S2T4,170,170,170,181.66666666666666,60556,61465
4646384,C38064-1 Letter - A9S2V7,1,1,1,167.0,125,127
4646385,C38078-1 File 6256059 Filing- ExxonMobil Canada Ltd -companies-using-set‐aside-mechanisms-other-than-trusts-exempt-companies-reporting-form 2026 - A9S3C0,2,2,2,279.0,560,1026
4646390,Filing Receipt 2026-01-30 100923 - A9S3E0,2,2,2,247.5,470,494
4646393,C38094-4 Attachment B - Boundaries Map - A9S3H6,1,1,1,30.0,126,0
4646396,C38100-8 Keystone XL Condition 19 Fourth Year PCM Report - Appx.D-F - A9S3J6,43,43,43,183.0,19885,17484
4646398,C38103-1 Letter re Update regarding Status of Negotiations and Request for Further Abeyance of the Proceeding - A9S3K4,2,2,2,201.0,379,410
4646400,Filing Receipt 2026-01-30 142449 - A9S3L0,2,2,2,263.5,502,527
4646401,C38106-5 2026 CER REPORTING FORM XG-N150-6-2000 - A9S3L7,2,2,2,279.0,514,868
4646402,C38106-6 2026 CER REPORTING FORM XG-R040-10-2003 - A9S3L9,2,2,2,279.0,520,882
4646404,C38107-1 Commission - Letter - Westcoast - Sunrise Expansion Program - GH-001-2024 - A9S3Q2,3,3,3,209.0,621,652
4646405,C38115-1 01 C151 PCEM for Spread 3 4a Year 1 - Cover Letter - 2026-01-30 - A9S3S9,1,1,1,224.0,190,190
4646406,C38115-10 10 TMEP CER Condition 151 As-Built 34a Jan 2026 Part2 - A9S3T8,62,62,62,307.0,12872,14403
4646408,C38117-1 EDML Cond 24-23 Letter Confirmation of Notice - A9S3U7,1,1,1,212.0,207,215
4646409,Filing Receipt 2026-02-02 083416 - A9S3U8,2,2,2,240.5,456,480
4646415,C38131-1 Notification of Completion of Transfer - Application to Transfer Ownership of the Bodo and Wascana Pipeline Systems - February 2026 - A9S3Y2,2,2,2,174.0,324,321
4646417,C38134-1 NGTL West Path Delivery 2023 Project Confirmation of Notice to Indigenous Groups Cert. Cond. 32 PCMRs - A9S3Z0,1,1,1,209.0,209,201
4646418,Filing Receipt 2026-02-03 134038 - A9S3Z1,2,2,2,250.5,478,501
4646421,C38136-1 OM2026-019 - Dig 3 Locations - A9S3Z4,1,1,1,204.0,23,204
4646422,C38145-1 2026-02-03 IESP Ltr to CER Request for Annual Operating Licence - A9S4E2,1,1,1,180.0,160,160
4646424,C38149-1 ATEC Reply Comments 20260204 - A9S4F0,4,4,4,410.3333333333333,1465,1738
4646430,"C38171-1 NGTL GP Ltd., as general partner on behalf of NGTL Limited Partnership - Yellowhead Mainline Interconnect Project - Notice of consultation pursuant to Consultation Agreement between the Métis Nation of Alberta and the Government - A9S4L4",2,2,2,315.0,417,645
4646432,C38173-1 Letter to CER - Transcript Corrections - Volume 1 - A9S4Q2,1,1,1,158.0,170,168
4646433,C38173-2 AltaGas Corrections to Transcript - Volume 1 - RH-001-2025 - A9S4Q3,5,5,5,503.6666666666667,2606,2559
4646435,Accountable Officer Confirmation LL14081 - A9S4R1,2,2,2,168.5,310,308
4646438,C38186-1 Tawadina Creek No. 2 Receipt Meter Station Application for Leave to Open Cover Letter Tab A-B - A9S4U1,15,15,15,293.3333333333333,3278,3986
4646440,"C38188-1 NGTL GP Ltd., - North Central Corridor Remediation Project - Request for Timing Relief - A9S4U8",2,2,2,376.5,727,770
4646441,"C38188-2 NGTL GP Ltd., - Projet d’assainissement du couloir centre-nord - Demande d’exemption des exigences temporelles - A9S4U7",2,2,2,460.5,890,941
4646443,C37926-1 Application for Transfer of Electricity Export Permit EPE-432 - A9S0S7,41,41,41,181.0,7729,9031
4646450,C37941-1 Letter to CER - SaskPower REVISED Response to CER IR No. 1 - A9S0Z2,2,2,2,145.0,301,302
4646451,C37941-2 SaskPower - REVISED Response to CER IR No. 1 - A9S0Z3,2,2,2,227.0,424,426
4646452,C37941-3 SaskPower - Public Simplified Single Line Drawing - A9S0Z4,1,1,1,47.0,0,0
4646456,C37946-1 CER File 6754076 Compensation and Crossing Submission - A9S1A5,3,3,2,158.66666666666666,476,476
4646458,C37947-10 Line 4 and 67 Optimization Project - Manuals Filing Requirement - A9S1C6,1,1,1,73.0,64,70
4646459,C37947-11 Line 4 and 67 Optimization Project - Security Filing Requirement - A9S1C7,1,1,1,69.0,57,66
4646460,C37947-12 Line 4 and 67 Optimization Project - Global Map - A9S1C8,1,1,1,162.0,37,18
4646461,C37947-13 Line 4 and 67 Optimization Project - Regional Maps - A9S1C9,3,3,3,98.33333333333333,101,127
4646462,C37947-14 Line 4 and 67 Optimization Project - Detail Maps - A9S1D0,24,24,24,165.33333333333334,1707,1883
4646463,C37947-15 Line 4 and 67 Optimization Project - Technical Description Filing Requirement - A9S1D1,3,3,3,305.0,880,921
4646466,C37951-6 Tab C5 - A9S1E5,30,30,30,19.0,13616,9682
4646467,C37951-7 Tab C6 - A9S1E6,26,26,26,19.0,16776,7064
4646472,"C37960-2 Commission – Ordonnance GO-012-2026 – Emera Energy Services, Inc. – Exportation de gaz - A9S1H2",1,1,1,295.0,295,296
4646475,C37961-1 Re File 6424737 – Southwest Power Pool to SaskPower Interconnection 230 kV project Procedural Update No. 1 – Confirmation of Participation - A9S1H5,1,1,1,0.0,217,217
4646478,C37966-1 Letter encl Response to Sam Enterprises Ltd. Notice of Motion to Compel Document Disclosure - A9S1J4,1,1,1,178.0,152,185
4646479,C37968-1 companies-using-setaside-mechanisms-other-than-trusts-exempt-companies-reporting-form - A9S1J9,2,2,2,279.0,473,852
4646480,C37969-2 OM2026-014 - Notification of Operation and Maintenance Activities - Notification des activités d'exploitation et d'entretien - 2026-01-22 0902 - A9S1K2,4,4,4,298.6666666666667,1079,1091
4646482,C37978-1 MO-036-2012 Compliance Filing 2026.01.23 - A9S1Q3,8,8,8,163.0,1690,1567
4646484,Filing Receipt 2026-01-23 103553 - A9S1Q6,2,2,2,245.5,466,491
4646485,C37985-1 Commission - Letter - Order MO-002-2026 - Trans-Northern Pipelines Inc. - Filing of Application for the Farran’s Point to North Toronto Deactivation Project - A9S1S7,2,2,2,175.5,349,376
4646486,C37985-2 Commission - Lettre - ordonnance MO-002-2026 - Pipelines Trans-Nord Inc.- Demande visant le projet de désactivation du tronçon entre Farran’s Point et Toronto-Nord - A9S1S6,2,2,2,201.0,399,425
4646487,C37985-3 Commission - Order MO-002-2026 - Trans-Northern Pipelines Inc. - Filing of Application for the Farran’s Point to North Toronto Deactivation Project - A9S1S9,2,2,2,236.0,469,470
4646488,C37985-4 Commission - ordonnance MO-002-2026 - Pipelines Trans-Nord Inc.- Demande visant le projet de désactivation du tronçon entre Farran’s Point et Toronto-Nord - A9S1S8,2,2,2,254.0,506,509
4646491,"C37986-1 Letter to CER re Condition 36 of Certificate OC-063 - PCEM Year 5 Spread 2, 8, and 9 - A9S1T1",1,1,1,161.0,136,142
4646492,C37986-2 Attachment 1 - PCEM - Year 5 Post Construction Environmental Assessment Report - Spread 2 - A9S1T2,62,62,62,304.6666666666667,22517,22615
4646493,C37986-3 Attachment 2 - PCEM - Year 5 Post Construction Environmental Assessment Report - Spread 8 - A9S1T3,51,51,51,241.0,14396,14673
4646495,C37989-1 OVV 2026 Letter - CER Annual Reporting Form - A9S1U0,3,3,3,137.66666666666666,604,1116
4646498,C38003-1 CHAMPION Lettre et formulaire DéclarationAnnuelle CessationExploitation 26janvier2026 - A9S1X2,3,3,3,287.3333333333333,732,1062
4646500,C38007-1 NM Cond 35 Y5 PCMR PMT - A9S1Y5,72,72,72,493.3333333333333,35239,35611
4646502,C38016-1 Letter to CER re Upper South Taylor Hill HDD Pipe Replacement - Construction Schedule - A9S2A5,2,2,2,151.5,276,287
4646504,C38019-2 2026-01-26 Reply re Motion to Compel Documents of Sam Enterprises(7353727.2) - A9S2C6,5,5,5,213.33333333333334,1364,1452
4646507,"C38021-1 NGTL GP Ltd., as general partner on behalf of NGTL Limited Partnership Groundbirch Mainline Loop (Sunrise Section) Order XG-029-2019 Condition 11 Post-Construction Monitoring Report Request for relief from timing - A9S2D2",2,2,2,305.5,528,637
4646508,"C38021-2 NGTL GP Ltd., à titre de commandité, au nom de NGTL Limited Partnership -Doublement de la canalisation principale Groundbirch (section Sunrise) Ordonnance XG-029-2019 Condition 11 – Rapports de surveillance post-construction - De - A9S2D1",2,2,2,345.0,597,715
4646510,Filing Receipt 2026-01-27 101951 - A9S2D5,2,2,2,255.0,485,510
4646514,C38047-1 CER abandonment report 2026 - A9S2Q4,2,2,2,279.0,460,827
4646517,"C38049-1 Letter to CER re Registration of Appearance, List of Attendees with Confidential Status and Exhibit References - A9S2Q9",1,1,1,219.0,195,206
4646520,C38066-3 Lundbreck Year 1 PCMR - A9S2W3,88,88,88,229.0,24004,24270
4646522,C38071-1 C145 Community Benefits Program - 2026-01-29 - A9S2Z4,11,11,11,335.3333333333333,3679,3755
4646523,Filing Receipt 2026-01-29 161345 - A9S2Z5,2,2,2,244.0,463,488
4646526,C38075-1 REM2026-004 - Supplemental Information - Complément d’information - 2026-01-30 0008 - A9S3A4,2,2,2,245.0,487,487
4646527,REM2026-004 - Filing Receipt 2026-01-30 000837 - A9S3A5,2,2,2,184.5,344,368
4646530,Filing Receipt 2026-01-30 102612 - A9S3E5,2,2,2,258.5,492,517
4646531,C38090-3 03 TMEP Spread2 PCEM Report Part 2 - A9S3F1,40,40,40,269.0,10706,14308
4646532,C38090-4 04 TMEP Spread2 PCEM Report Part 3 - A9S3F2,40,40,40,367.0,11135,14562
4646533,C38090-8 08 TMEP Spread2 PCEM Report Part 7 - A9S3F6,34,34,34,365.6666666666667,9522,12573
4646534,C38090-9 11 TMEP As-Built Report Spread 2 January2026-Part 1 - A9S3F7,184,184,184,116.66666666666667,86168,90411
4646535,C38090-15 17 TMEP As-Built Report Spread 2 January2026-Part7 - A9S3G3,35,35,35,353.0,9141,12608
4646536,Filing Receipt 2026-01-30 104910 - A9S3G6,2,2,2,320.0,606,630
4646538,C38095-1 HONI 2026 CER Annual Filing 20260130 - A9S3H8,9,9,9,213.0,2045,2265
4646540,C38104-2 02 TMEP Spread 7B PCEM Report Part 1 - 2026-01-30 - A9S3K7,82,82,82,474.0,30363,35120
4646541,C38104-3 03 TMEP Spread 7B PCEM Report Part 2 - 2026-01-30 - A9S3K8,2,2,2,1001.5,553,2012
4646544,C38122-2 OM2026-017 - Notification of Operation and Maintenance Activities - Notification des activités d'exploitation et d'entretien - 2026-02-02 1233 - A9S3W1,5,5,5,269.6666666666667,1325,1273
4646545,OM2026-017 - Filing Receipt 2026-02-02 123339 - A9S3W2,2,2,2,192.0,359,383
4646547,C38141-3 Drag Reducing Agent (DRA) Project-FR - A9S4C0,9,9,9,316.6666666666667,3639,3410
4646549,C38141-8 Attachment 1 - Global Overview Map - A9S4C5,2,2,2,9.0,5,48
4646550,C38141-9 Attachment 2 - Regional Overview Map - A9S4C6,2,2,2,9.0,5,84
4646554,C37929-1 2026 Reporting of Applicable Reliability Standards with Enclosure - A9S0T5,3,3,3,288.3333333333333,746,857
4646557,C37936-3 Demande d’ordonnance d’exportation de gaz naturel à court terme - FR - A9S0W0,3,3,3,171.0,501,498
4646561,C37939-1 Commission – Letter – Brian Alexander and Trans Mountain Pipeline ULC - Compensation Application – Preliminary Issues – comment process - A9S0Y7,4,4,4,159.66666666666666,996,1024
4646562,OM2026-013 - Filing Receipt 2026-01-20 134503 - A9S0Z8,2,2,2,201.5,378,402
4646564,C37951-1 GPML Loop No. 4 Valhalla North Section and Berland River CS C3 Unit Addition Application for Leave to Open Berland River CS C3 Unit Addition Cvr Ltr Tab A-B - A9S1E0,34,34,34,270.0,7427,7920
4646565,C37951-3 Tab C2 - A9S1E2,200,200,200,19.0,126924,77533
4646566,C37952-1 CPL Abandonment Funding Form 2026 - A9S1E8,2,2,2,301.5,491,838
4646569,Filing Receipt 2026-01-21 100404 - A9S1F3,2,2,2,258.5,492,517
4646571,C37956-1 Q2 2025 CER surveillance - A9S1F8,5,5,5,143.0,548,541
4646579,C37969-1 OM2026-014 - Attachment 1 - Water Body Table - A9S1K1,1,1,1,224.0,188,232
4646581,C37970-1 2026-01-22 TNPI Abandonment Fund Review Process and IR - Extension Request Letter - A9S1K4,1,1,1,160.0,131,129
4646584,C37972-1 West Path Delivery Cond 18 Year 5 PCM - A9S1K8,90,90,90,470.6666666666667,55184,54968
4646586,C37977-1 Commission - Letter - Maritimes & Northeast Pipeline Management Ltd.- Application for 2026-2027 Toll Settlement – Information Request No. 1 and Comment Process - A9S1Q0,1,1,1,324.0,340,350
4646587,C37977-2 Commission – Information Request No. 1 - Maritimes & Northeast Pipeline Management Ltd.- Application for 2026-2027 Toll Settlement - A9S1Q1,3,3,3,236.33333333333334,673,675
4646590,C37984-1 Commission - Letter - NGTL GP - Dimsdale Interconnect Meter Station Project – Variance Request - Order AO-001-XG-015-2025 - A9S1S2,2,2,2,190.0,378,405
4646591,C37984-2 Commission - Lettre - NGTL GP - Projet de station de comptage au point d’interconnexion Dimsdale - Demande de modification - ordonnance AO-001-XG-015-2025 - A9S1S1,2,2,2,234.5,467,493
4646592,C37984-3 Commission - Order AO-001-XG-015-2025- NGTL GP - Dimsdale Interconnect Meter Station Project – Variance Request - A9S1S4,1,1,1,231.0,232,232
4646593,C37984-4 Commission - ordonnance AO-001-XG-015-2025 - NGTL GP - Projet de station de comptage au point d’interconnexion Dimsdale - Demande de modification - A9S1S3,1,1,1,259.0,260,259
4646596,C37991-1 Réponse à la demande de prolongation de délai de Sylvain Gougeon datée du 19 janvier 2025 - A9S1U4,2,2,2,134.5,303,295
4646599,C37993-1 NGTL GP 2016 Abandonment Program Cond. 7 PAR No. 7 - A9S1U8,22,22,22,74.0,4137,4649
4646600,Filing Receipt 2026-01-23 154541 - A9S1U9,2,2,2,240.0,455,479
4646604,C38006-1 2026 Cenovus CER Pipeline Abandonment Funding Report - A9S1Y3,4,4,4,291.3333333333333,1073,1206
4646607,C38008-1 NM Cond 39 Y5 PCMR - A9S1Y7,310,310,302,426.6666666666667,228923,217671
4646609,C38011-1 Commission - Letter - AltaGas Ltd. Complaint regarding tolls on the Enbridge Canadian Mainline - RH-001-2025 Proceeding - Clarification to Ruling No. 1 - RH-001-2025 Proceeding - A9S1Z4,1,1,1,215.0,215,241
4646612,C38014-1 TQM BEL Optimization Project Project Notification - A9S2A1,12,12,12,182.66666666666666,2180,1654
4646614,C38018-4 Attachment 3 – Westridge Marine Terminal Regulations and Operations Guide Revision No. 5.3 - A9S2C2,77,77,77,191.33333333333334,24214,24400
4646615,C38018-5 Attachment 4 – Westridge Marine Terminal Regulations and Operations Guide Revision No. 5.3 – BLACKLINE - A9S2C3,78,78,78,191.33333333333334,24200,24410
4646618,C38020-1 Letter encl Reply to Sam Enterprises Ltd. Response to Notice of Motion to Compel Document Disclosure - A9S2C8,1,1,1,184.0,159,191
4646619,C38020-2 Reply to Sam Enterprises Ltd. Response to Notice of Motion to Compel Document Disclosure - A9S2C9,8,8,8,266.0,2491,3010
4646622,C38024-1 Kainai Interconnect Project - A9S2D9,10,10,10,293.6666666666667,3429,3295
4646624,C38024-3 Kainai Interconnect Project-FR - A9S2E1,11,11,11,298.3333333333333,3846,3716
4646625,C38024-7 Attach 11 - Environmental Assessment Summary - A9S2E5,3,3,3,274.0,781,783
4646626,C38024-8 Attach 12 - Interactions Table - A9S2E6,23,23,23,412.6666666666667,10773,10670
4646627,C38024-9 Attach 13 - Land Matters Summary - A9S2E7,2,2,2,115.5,207,207
4646628,C38024-10 Attach 14 - Engagement Summary - A9S2E8,2,2,2,73.5,101,123
4646629,C38024-11 Attach 15 - Indigenous Matters Summary - A9S2E9,8,8,8,210.33333333333334,2462,2570
4646630,C38024-12 Attach 06 - Global and Regional Maps - A9S2F0,4,4,4,15.666666666666666,444,7
4646631,C38024-13 Attach 07 - Survey Plan and Access Map - A9S2F1,5,5,5,508.6666666666667,1104,325
4646632,C38024-14 Attach 08 - Aerial Overview - A9S2F2,2,2,2,60.5,40,63
4646633,C38024-15 Attach 01 - LTO Exemption Request Tie-In Assembly - A9S2F3,3,3,3,182.33333333333334,506,506
4646634,C38024-16 Attach 02 - Technical Description - A9S2F4,3,3,3,188.0,525,1499
4646635,C38024-17 Attach 03 - Preliminary Plot Plan - A9S2F5,4,4,4,18.333333333333332,237,24
4646636,C38024-18 Attach 04 - Pressure Control and Overpressure Protection Summary - A9S2F6,3,3,3,144.33333333333334,386,393
4646637,C38024-19 Attach 05 - Engineering Design Standards - A9S2F7,3,3,3,152.0,417,415
4646640,C38025-1 CER Abandonment Funding MH-001-2013 03312020 - A9S2F9,1,1,1,198.0,176,198
4646641,C38025-2 Appendix XVI - Abn Fund Reporting Form All Pipelines 2026 - A9S2G0,2,2,2,205.0,426,461
4646644,C38032-1 Reporting Form for Abandonment Funding - 2026 - A9S2I1,2,2,2,279.0,495,837
4646647,C38033-1 File Reference File 6256059 CBSA Set Aside Mechanisms Reporting Form - A9S2I3,2,2,2,279.0,453,806
4646650,C38055-1 OM2026-015 - Notification of Operation and Maintenance Activities - Notification des activités d'exploitation et d'entretien - 2026-01-29 1204 - A9S2S4,4,4,4,285.6666666666667,1089,1089
4646651,OM2026-015 - Filing Receipt 2026-01-29 120424 - A9S2S5,2,2,2,186.0,349,371
4646653,C38062-1 Cover Letter Condition 28 annual requirements - A9S2V3,3,3,3,182.33333333333334,514,517
4646654,Filing Receipt 2026-01-29 143808 - A9S2V4,2,2,2,239.5,454,479
4646656,C38066-1 NGTL West Path Delivery 2023 Project Cert. Cond. 32 First Year PCM Report Cover Letter - A9S2W1,1,1,1,200.0,200,192
4646657,C38066-2 Longview Section Year 1 PCMR - A9S2W2,58,58,58,189.33333333333334,14963,14834
4646659,C38067-1 CER ACE Form - A9S2W6,3,3,3,272.3333333333333,1287,791
4646661,C38068-9 09 Appendix G - SMJV Field Test Package PTR-001 - A9S2X6,29,29,29,56.666666666666664,15705,5288
4646662,C38068-10 10 Appendix H - SMJV Field Tes Package PTR-004 - A9S2X7,20,20,20,105.33333333333333,10349,2290
4646664,C37920-1 CER - Letter – Fisheries and Oceans Canada – Trans Mountain Pipeline ULC – Operations and Maintenance Notification OM2025-388 – Trans Mountain - Miette River Encroachment 6 - A9S0Q8,2,2,2,298.0,594,623
4646665,C37920-2 REC - Lettre – Pêches et Océans Canada – Avis d’exploitation et d’entretien OM2025 388 pour Trans Mountain – Empiétement 6 de la rivière Miette - A9S0Q7,2,2,2,347.0,692,722
4646667,C37921-4 Affidavit of Paul Kahler - A9S0R3,2,2,2,213.5,365,359
4646668,C37921-5 Affidavit of Ranjana Martin - A9S0R4,1,1,1,319.0,293,293
4646669,C37921-6 Book of Authorities - Volume 1 - A9S0R5,572,572,572,331.3333333333333,258418,261993
4646670,C37921-7 Book of Authorities - Volume 2 - A9S0R6,57,57,57,347.0,29525,30150
4646672,C37927-1 2026-01-19- TUNDRA-Submission letter Abandonment Funding Reporting Form - A9S0T0,1,1,1,196.0,196,196
4646673,C37927-2 2026- CER Abandonment form- Appendix XVI- signed - A9S0T1,2,2,2,279.0,483,857
4646677,C37938-11 Attach 14 - Engagement Summary - A9S0X5,2,2,2,116.0,185,206
4646683,C37965-1 Cover Letter - A9S1J0,1,1,1,99.0,84,82
4646684,C37965-2 Steelman - North Portal Pipeline IR No. 1 Response - A9S1J1,4,4,4,267.3333333333333,1130,1133
4646685,C37965-3 Engagement Log - A9S1J2,8,8,8,1085.6666666666667,8236,345
4646689,OM2026-014 - Filing Receipt 2026-01-22 090245 - A9S1K3,2,2,2,201.5,378,402
4646691,C37971-1 Yellowhead Mainline Interconnect - Confirmation of Service of the Notice of Application - A9S1K6,1,1,1,249.0,241,234
4646694,C37982-1 CVL IR 1 SPP C34599 01-23-2026 - A9S1R2,3,3,3,278.3333333333333,820,820
4646696,C37983-5 Commission - Order MO-001-2026 - Pouce Coupé - Application for the NPS 10 Kiskatinaw River Replacement - A9S1R9,3,3,3,218.66666666666666,649,649
4646697,C37983-6 Commission - Order MO-001-2026 - Pouce Coupé - Demande concernant le remplacement de la conduite Kiskatinaw River NPS 10 - A9S1R8,3,3,3,246.66666666666666,734,736
4646702,C37995-1 Jan 26 CER letter - A9S1V2,1,1,1,144.0,139,132
4646703,C37995-2 20260123 Lake Erie Connector Commitments Tracking Table Jan 1-31 2026 V95 - A9S1V3,15,15,15,1368.3333333333333,23338,23077
4646704,Filing Receipt 2026-01-26 082228 - A9S1V4,2,2,2,256.5,488,513
4646706,C38001-1 2026 CER Abandonment Funding Reporting Form SPCC - A9S1W8,2,2,2,205.0,434,467
4646708,C38004-1 CER No. 591 - Transmittal Letter - A9S1X4,2,2,2,0.0,261,278
4646709,C38004-2 CER No. 591 - A9S1X5,9,9,9,190.33333333333334,2015,3163
4646711,Filing Receipt 2026-01-26 124654 - A9S1Y6,2,2,2,230.5,436,460
4646712,"C38009-2 Westcoast Energy GP ULC on behalf of Westcoast Energy Limited Partnership - Aspen Point Program, Order GPLO-004-2025 - Request for amendment to reflect bi-directional flow - Information Request No. 1 - A9S1Z0",4,4,4,177.0,870,884
4646714,Filing Receipt 2026-01-26 134205 - A9S1Z3,2,2,2,234.0,443,467
4646716,C38012-1 GPML Loop No. 4 Valhalla North Section and Berland River CS C3 Unit Addition Errata Application for Leave to Open Berland River CS C3 Unit Addition Tab C3 - A9S1Z6,25,25,25,78.33333333333333,12572,4943
4646717,Filing Receipt 2026-01-26 141110 - A9S1Z7,2,2,2,264.0,503,528
4646718,C38023-1 Letter to CER enclosing Appendix XVI Abandonment Reporting Form - A9S2D6,1,1,1,224.0,190,225
4646719,C38023-2 Appendix XVI Abandonment Reporting Form - A9S2D7,2,2,2,0.0,483,805
4646722,C38037-1 Demande d’indemnisation de Sylvain Gougeon - Pipelines Trans-Nord Inc. - Demande de renseignements supplémentaires - A9S2J6,2,2,2,298.5,583,612
4646724,C38038-1 Commission – Letter - All Regulated Pipeline Companies – Amended Streamlining Order and Decommissioning Exemption Order for Negligible-Risk Projects - A9S2J9,2,2,2,288.0,563,588
4646725,C38038-2 Commission–Lettre–Compagnies pipelinières réglementées-Modification de l’ordonnance de simplification et de l’ordonnance d’exemption -les projets à risque négligeable - A9S2J8,2,2,2,373.0,728,752
4646726,C38038-3 Order – AO-001-XG/XO-100-2025 – All Regulated Pipeline Companies - Streamlining Order - Negligible-Risk Projects - A9S2K1,6,6,6,258.3333333333333,1626,1625
4646727,C38038-4 Ordonnance – AO-001-XG/XO-100-2025 - Compagnies pipelinières réglementées - l’ordonnance de simplification - les projets à risque négligeable - A9S2K0,6,6,6,304.3333333333333,1894,1898
4646728,C38038-5 Order AO-001-XG/XO-200-2025 – All Regulated Pipeline Companies – Decommissioning Exemption order – Negligible Risk Projects - A9S2K3,5,5,5,207.66666666666666,1308,1308
4646729,C38038-6 Ordonnance – AO-001-XG/XO-200-2025 - Compagnies pipelinières réglementées - l’ordonnance d’exemption - les projets à risque négligeable - A9S2K2,5,5,5,241.0,1522,1544
4646731,C38052-1 Cover Letter - A9S2R5,1,1,1,229.0,213,216
4646732,C38052-2 Letter of Credit Reporting Form - A9S2R6,2,2,2,280.5,471,642
4646735,C38053-1 2026-01-29 Letter to CER - Exhibit References and Extracts for Oral Summary Argument - A9S2R8,7,7,7,161.0,1120,1187
4646736,C38053-2 Exhibit References and Extracts for Oral Summary Argument - FINAL - A9S2R9,76,76,76,317.0,36414,37146
4646738,C38057-7 07 - 2021 SXP Dismal - Year 3- PCM Report - A9S2T5,111,111,111,205.33333333333334,40223,40569
4646739,C38057-8 08 - 2021 SXP Robb Section - Year 3- PCM Report - A9S2T6,145,145,145,213.66666666666666,60322,61506
4646740,Filing Receipt 2026-01-29 123638 - A9S2T7,2,2,2,284.0,543,568
4646741,"C38058-1 Cavvy Organizational Chart October 19, 2025 - A9S2T8",1,1,1,74.0,7,8
4646742,C38058-2 Cavvy Parental Guarantee - CER.docx - A9S2T9,1,1,1,45.0,71,57
4646743,C38058-3 Certificate of Insurance - Canada Energy Regulator - A9S2U0,1,1,1,45.0,71,57
4646744,C38058-4 Program Chart - A9S2U1,1,1,1,45.0,71,57
4646745,C38058-5 CPL Q3 FS - A9S2U2,1,1,1,45.0,71,57
4646748,C38061-1 Cover Letter Condition 23 annual requirements - A9S2V0,1,1,1,110.0,88,88
4646749,C38061-2 MMTP 2024 Post Construction Environmental Monitoring Report - A9S2V1,20,20,20,178.33333333333334,4147,4291
4646750,Filing Receipt 2026-01-29 143310 - A9S2V2,2,2,2,243.5,462,487
4646752,C38069-1 EDML Cond 24-23 PCMR Cover Letter - A9S2Y7,1,1,1,188.0,187,188
4646753,C38069-2 EDML Alford Creek Third-Year PCM Report - A9S2Y8,164,164,164,192.33333333333334,61089,57626
4646754,C38069-3 EDML Elk River Third-Year PCM Report - A9S2Y9,159,159,159,218.66666666666666,67859,65111
4646755,Filing Receipt 2026-01-29 155937 - A9S2Z0,2,2,2,246.5,470,493
4646756,C38074-1 Cover Letter and Annual ACE Reporting Form 2026 (Sunoco Pipeline LP) - A9S3A2,3,3,3,229.66666666666666,629,997
4646759,C38077-1 2021 NGTL System Expansion - Confirmation of Notice to Indigenous Groups Cond. 30 and 24 - A9S3A8,1,1,1,234.0,229,234
4646760,Filing Receipt 2026-01-30 074324 - A9S3A9,2,2,2,247.0,469,494
4646761,C38080-1 Letter - A9S3C7,7,7,7,174.33333333333334,1423,1600
4646764,C38086-1 Foothills Zone 8 West Path Delivery 2023 Condition 19 First Year PCM Report - A9S3D9,123,123,123,228.0,27137,27794
4646766,C38090-5 05 TMEP Spread2 PCEM Report Part 4 - A9S3F3,40,40,40,361.6666666666667,9767,14476
4646767,C38090-16 18 TMEP As-Built Report Spread 2 January2026-Part8 - A9S3G4,33,33,33,358.6666666666667,8636,12027
4646768,C38094-1 Letter to CER re IJ Facility Deactivation Decommissioning CER IR No 1 - A9S3H3,1,1,1,143.0,124,125
4646769,C38094-3 Attachment A - EPP - A9S3H5,150,150,150,171.0,41839,42099
4646770,C38100-3 Keystone XL Condition 19 Fourth Year PCM Report - Appx.C.1 Hardisty - A9S3J1,11,11,11,167.33333333333334,1168,18
4646771,C38100-4 Keystone XL Condition 19 Fourth Year PCM Report - Appx.C.2 LakesendEast - A9S3J2,11,11,11,264.6666666666667,1010,0
4646772,C38100-5 Keystone XL Condition 19 Fourth Year PCM Report - Appx.C.3 MonitorSouth - A9S3J3,12,12,12,246.0,1188,0
4646775,C37922-1 File 6256059 - ACE template signed - A9S0R8,2,2,2,0.0,463,779
4646779,C37937-1 Réponse SG à la Demande de renseignements supplémentaires – 16 janv 2026 - A9S0W3,3,3,3,255.66666666666666,767,767
4646782,C37942-1 OM2026-013 - Attachment 1 - Water Body Table - A9S0Z6,1,1,1,299.0,264,352
4646784,C37944-1 NGTL GP 2017 MS and Laterals Abandonment Program Cond. 13 Fifth-Year Post-Abandonment Report - A9S1A1,53,53,53,213.0,9184,9937
4646786,C37947-1 Line 4 and 67 Optimization Project - A9S1A7,11,11,11,215.66666666666666,3572,3385
4646789,C37947-9 Enbridge Inc. Indigenous Peoples Policy - A9S1C5,3,3,3,261.3333333333333,620,769
4646790,C37950-1 File 6256059 ZCU Set Aside Mechanism Report 2026 signed - A9S1D8,2,2,2,0.0,505,782
4646791,Filing Receipt 2026-01-21 092051 - A9S1E7,2,2,2,275.0,525,550
4646792,C37962-1 2025-01-21 LT CER encl Response to Motion - A9S1H7,1,1,1,267.0,267,223
4646793,C37962-2 2026-01-21 Response to Motion to Compel Documents (Sam Enterprises) - A9S1H8,12,12,12,205.0,4064,4215
4646794,C37962-3 Schedule A - 2026-01-12 letter to Sander Duncanson - A9S1H9,3,3,3,249.66666666666666,720,700
4646795,C37962-4 Schedule B - 2026-01-21 Document Disclosure Comparison Chart - A9S1I0,3,3,3,377.0,1128,1339
4646796,C37966-2 Response to Sam Enterprises Ltd. Notice of Motion to Compel Document Disclosure - A9S1J5,5,5,5,230.0,1092,1414
4646799,C37976-1 Letter to CER re Mcleod Lake Unit 5 Building Removal Update - A9S1L8,1,1,1,241.0,221,242
4646802,C37979-1 NCE Cond 35-24 Support for Indigenous Groups to Review Filings Rpt No10 - A9S1Q5,4,4,4,258.6666666666667,1018,1047
4646808,C37992-1 WBFN Information Request for SaskPower - A9S1U6,7,7,7,258.0,2227,2232
4646810,C37998-1 2025 CER Reporting Form SAM Submission File 6256059 - A9S1W1,12,12,12,311.0,2859,4598
4646812,C37999-1 NGTL GP PRML Abandonment Fifth-Year Reclamation Monitoring Report - A9S1W3,157,157,157,342.3333333333333,57990,52320
4646813,Filing Receipt 2026-01-26 101009 - A9S1W4,2,2,2,242.0,459,484
4646814,Filing Receipt 2026-01-26 124953 - A9S1Y8,2,2,2,228.5,434,456
4646815,Filing Receipt 2026-01-27 135843 - A9S2H5,2,2,2,242.5,460,484
4646817,C38030-1 Cover Letter updated consultation log 23A 23Babandonment Westspur 2026 Jan 08 - A9S2H6,1,1,1,240.0,242,243
4646818,C38030-2 Kingston roc MMF Updated Jan 8 2026 - A9S2H7,1,1,1,815.0,815,815
4646819,Filing Receipt 2026-01-27 152947 - A9S2H8,2,2,2,263.5,502,527
4646820,Filing Receipt 2026-01-27 153848 - A9S2I0,2,2,2,248.0,471,495
4646821,Filing Receipt 2026-01-28 154701 - A9S2L1,2,2,2,242.0,459,483
4646823,C38044-1 Lettre de suivi annuel 2025 ordonnance MO-036-2012 - A9S2L6,1,1,1,343.0,344,342
4646824,C38044-2 Registre des normes de fiabilité - A9S2L7,3,3,3,304.3333333333333,887,907
4646827,C38045-1 Cover Letter - A9S2L9,1,1,1,210.0,190,210
4646828,C38045-2 ACE reporting-form - A9S2Q0,3,3,3,291.0,773,1075
4646831,C38054-1 2026 Lettre CRT Suivi annuel ordonnance MO-036-20212 REC - A9S2S1,1,1,1,266.0,272,251
4646832,C38054-2 2026-01 CRT Registre normes fiabilité REC - A9S2S2,1,1,1,279.0,267,259
4646835,C38059-1 Letter to CER - Section 214 Application - Line 4 and 67 Optimization Project - A9S2U4,2,2,2,174.0,323,313
4646836,C38059-2 Line 4 and 67 Optimization Project - Detail Maps Revised - A9S2U5,24,24,24,165.33333333333334,1682,1824
4646838,Filing Receipt 2026-01-29 145956 - A9S2W0,2,2,2,244.5,464,488
4646840,C38068-1 01 Letter to CER re Leave to Open Application for CS-1B - A9S2W8,1,1,1,241.0,214,219
4646841,C38068-2 02 Leave to Open Application for CS-1B - A9S2W9,7,7,7,288.0,2006,2256
4646842,C38068-7 07 Appendix E - Academy Shop Test Package PT-010 - A9S2X4,33,33,33,80.66666666666667,13833,3887
4646843,C38068-8 08 Appendix F - Academy Shop Test Package PT-011 - A9S2X5,19,19,19,77.33333333333333,5615,3496
4646844,C38068-11 11 Appendix I - SMJV Field Test Package PTR-012 - A9S2X8,13,13,13,104.33333333333333,2972,5029
4646845,C38068-12 12 Appendix J - SMJV Field Test Package PTR-013 - A9S2X9,11,11,11,103.33333333333333,2422,3135
4646846,C38068-13 13 Appendix K - SMJV Field Test Package PTR-014 - A9S2Y0,12,12,12,156.0,2592,2952
4646847,C38068-14 14 Appendix L - SMJV Field Test Package PTR-015 - A9S2Y1,11,11,11,149.33333333333334,2035,2149
4646848,C38068-15 15 Appendix M - Hydrotest Reports for NPS 12 Perar Isolation Valves - A9S2Y2,7,7,7,159.66666666666666,899,524
4646849,C38068-16 16 Appendix N - Hydrotest Report for Unit 1-2 Inlet Scrubber - A9S2Y3,9,9,9,126.33333333333333,1399,1203
4646850,C38068-17 17 Appendix O - Hydrotest Report for Unit 1-2 Seal Gas Racks Part 1 of 2 - A9S2Y4,41,41,41,226.66666666666666,9407,7108
4646851,C38068-18 18 Appendix O - Hydrotest Report for Unit 1-2 Seal Gas Racks Part 2 of 2 - A9S2Y5,26,26,26,333.3333333333333,7189,3344
4646852,Filing Receipt 2026-01-29 153948 - A9S2Y6,2,2,2,371.0,717,741
4646853,C38083-1 PPFL 2025 CER Abandonment Reporting - A9S3D3,2,2,2,279.0,465,816
4646855,C38088-1 Foothills Zone 8 West Path Delivery 2023 Cond. 15 Acid Rock Drainage Mitigation Plan Reports-Cover Letter - A9S3E3,2,2,2,196.0,340,384
4646856,C38090-2 02 TMEP Spread2 PCEM Report Part 1 - A9S3F0,127,127,127,181.33333333333334,52728,57724
4646857,C38090-7 07 TMEP Spread2 PCEM Report Part 6 - A9S3F5,39,39,39,366.3333333333333,10260,14214
4646858,C38090-10 12 TMEP As-Built Report Spread 2 January2026-Part2 - A9S3F8,62,62,62,213.0,10589,13189
4646859,C38090-17 19 TMEP As-Built Report Spread 2 January2026-Part9 - A9S3G5,3,3,3,363.6666666666667,847,1094
4646861,C38092-1 Great Lakes Pipeline Canada Abandonment Funding Reporting CER File 6256059 - A9S3G9,3,3,3,258.6666666666667,647,998
4646866,C38099-2 OM2026-009 - Information Response 1 - A9S3I7,2,2,2,244.5,447,447
4646867,C38100-7 Keystone XL Condition 19 Fourth Year PCM Report - Appx.C.5 BindlossSouth C.6 Appx. D Photos - A9S3J5,17,17,17,123.33333333333333,1117,602
4646869,C38104-4 04 TMEP CER C151 7B As-Built Report - 2026-01-30 - A9S3K9,52,52,52,538.0,17539,20824
4646871,C38110-1 Letter to CER - SaskPower Response to White Bear First Nation IR - A9S3R6,1,1,1,0.0,181,188
4646872,C38110-2 SaskPower IR No. 1 - Response to White Bear First Nation - A9S3R7,9,9,9,351.0,3100,3083
4646875,C38113-1 C128b Final CHOMP- 2026-01-30 - A9S3S5,56,56,56,374.0,23583,23664
4646876,Filing Receipt 2026-01-30 154619 - A9S3S6,2,2,2,245.5,466,491
4646878,C38115-3 03 TMEP CER Condition 151 34A PCEM Report Jan 2026 Part2 - A9S3T1,34,34,34,156.0,5421,6821
4646879,C38115-11 11 TMEP CER Condition 151 As-Built 34a Jan 2026 Part3 - A9S3T9,43,43,43,348.0,7572,9754
4646880,C38115-12 12 TMEP CER Condition 151 As-Built 34a Jan 2026 Part4 - A9S3U0,32,32,32,371.6666666666667,8891,11696
4646881,C38115-13 13 TMEP CER Condition 151 As-Built 34a Jan 2026 Part5 - A9S3U1,36,36,36,359.3333333333333,10065,12980
4646882,C38115-14 14 TMEP CER Condition 151 As-Built 34a Jan 2026 Part6 - A9S3U2,32,32,32,361.0,8277,12140
4646994,C37918-1 Order ROE-152-2026 to Irving Oil Refinery Inc.- Export of light and heavy crude oil and refined petroleum products - A9S0Q3,1,1,1,317.0,318,321
4646995,C37918-2 Ordonnance ROE-152-2026 à Irving Oil Refinery Inc.- Exportation du pétrole brut léger et lourd ainsi que des produits pétroliers raffinés - A9S0Q2,1,1,1,342.0,343,347
4646998,C37923-1 CER Letter RH-001-2025 AltaGas complaint - no filing argument 19 Jan 2026.docx - A9S0S0,2,2,2,109.0,224,212
4647001,C37925-1 CER2512 - A9S0S5,2,2,2,102.5,160,413
4647002,Filing Receipt 2026-01-19 121515 - A9S0S6,2,2,2,241.5,458,482
4647003,C37928-1 Demande prolongation ref C37800 - A9S0T3,1,1,1,0.0,127,141
4647005,C37930-1 Cover Letter 2026 Annual Update - A9S0T7,1,1,1,257.0,238,209
4647006,C37930-2 2026 CER Reporting Form for Abandonment Funding (Signed) - 1057533 Alberta Ltd - A9S0T8,2,2,2,0.0,484,791
4647009,C37938-1 Yellowhead Mainline Interconnect - A9S0W5,10,10,10,297.6666666666667,3576,3399
4647010,C37938-3 Yellowhead Mainline Interconnect-FR - A9S0W7,11,11,11,302.0,4028,3925
4647012,C37945-1 Liberty Utilities (Tinker Transmission) LP 2026 Filing CER MO-036-2012 - A9S1A3,4,4,4,146.0,670,648
4647014,C37947-3 Line 4 and 67 Optimization Project-FR - A9S1A9,11,11,11,288.3333333333333,3999,3870
4647015,C37949-1 2026-01-20 Complete Response - DETAILED - COMPLETE - A9S1D6,3,3,3,354.3333333333333,1062,1065
4647019,C37983-1 Commission - Letter - Pouce Coupé - Application for the NPS 10 Kiskatinaw River Replacement - A9S1R5,6,6,6,420.3333333333333,2819,2920
4647020,C37983-2 Commission - Lettre - Pouce Coupé - Demande concernant le remplacement de la conduite Kiskatinaw River NPS 10 - A9S1R4,7,7,7,380.3333333333333,3426,3529
4647021,C37983-3 Commission - Order XO-001-2026 - Pouce Coupé - Application for the NPS 10 Kiskatinaw River Replacement - A9S1R7,3,3,3,271.6666666666667,808,808
4647023,C37990-1 Clearwater West Expansion Project Condition 5 Year 5 PCMR - A9S1U2,94,94,94,362.3333333333333,54376,54106
4647024,Filing Receipt 2026-01-23 151030 - A9S1U3,2,2,2,240.5,456,480
4647027,C38000-1 Commission - Letter - TNPI - Review of Abandonment Funding - Extension Request for Information Request No. 1 - A9S1W6,2,2,2,189.5,384,391
4647028,C38000-2 Commission - Lettre - PTNI - Examen du financement de la cessation d’exploitation de Pipelines Trans-Nord Inc. - Demande de report relatif à la demande de renseignement nº1 - A9S1W5,3,3,3,144.0,419,447
4647031,C38010-1 C134 Updated VAS and WMTROG - 2026-01-26 - A9S1Z2,219,219,219,305.3333333333333,68378,68606
4647034,C38034-1 Kainai Interconnect Project - Confirmation of Service of Notice of Application - A9S2I5,1,1,1,194.0,190,194
4647036,C38040-1 CER January 2026 Condition 7 LL13149 - A9S2K7,2,2,2,192.5,356,376
4647037,C38040-2 POST-ABANDONMENT MONITORING SUMMARY Year 3 - A9S2K8,41,41,41,121.66666666666667,8484,5923
4647039,C38043-1 2026 01 28 MO 036 2012 D7 LTR - A9S2L4,10,10,10,304.6666666666667,1970,1859
4647042,C38048-1 CER - Letter - Otipemisiwak Métis Government - CNRL - Application for Leave to Abandon three pipeline segments in the Lloydminster region - Notice of consultation - A9S2Q7,2,2,2,269.5,439,567
4647043,C38048-2 REC - Lettre - Gouvernement métis d’Otipemisiwak - CNRL - Demande d’autorisation de cessation d’exploitation de trois tronçons de pipeline dans la région de Lloydminster - Avis de consultation - A9S2Q6,2,2,2,295.5,510,613
4647050,C38060-1 2026 01 31 MMTP CER Commitment Tracking Table - A9S2U7,32,32,32,427.0,15377,15479
4647051,C38060-2 MMTP Condition 15 Submittal Letter January 2026 - A9S2U8,1,1,1,148.0,120,120
4647052,Filing Receipt 2026-01-29 142954 - A9S2U9,2,2,2,244.5,464,489
4647054,C38068-3 03 Appendix A - Colour-Coded Process Flow Diagrams - A9S2X0,4,4,4,327.3333333333333,50,35
4647055,C38068-4 04 Appendix B - Line Designation Table Main Gas - A9S2X1,3,3,3,1335.6666666666667,3710,4030
4647056,C38068-5 05 Appendix C - Academy Shop Test Package PT-006 - A9S2X2,19,19,19,70.66666666666667,5886,3534
4647057,C38068-6 06 Appendix D - Academy Shop Test Package PT-009 - A9S2X3,27,27,27,108.0,10917,3528
4647061,C38079-1 CER Abandonment Funding (MH-001-2013) - A9S3C5,13,13,13,82.33333333333333,3085,4801
4647065,C38087-1 Application to revoke Order ROE 137-2026 - A9S3E1,3,3,3,286.3333333333333,862,863
4647067,C38089-1 Cover Letter - A9S3E6,1,1,1,116.0,101,99
4647068,C38089-2 Engagement Log - A9S3E7,9,9,9,751.6666666666666,9115,349
4647070,C38096-1 MH to CER re Annual Abandonment Reporting (2026) Submission to CER - A9S3I0,3,3,3,201.66666666666666,645,695
4647072,C38099-1 IR Response 2026-01-30 135037 - A9S3I6,1,1,1,341.0,341,341
4647073,C38100-1 Cover Letter - Keystone XL Condition 8-19 - Fourth Year PCM Report - A9S3I9,1,1,1,179.0,163,172
4647074,C38100-2 Keystone XL Condition 19 Fourth Year PCM Report - Appx.A -Appx.B.1-B.6 - A9S3J0,313,313,313,602.3333333333334,232985,238602
4647078,C38108-1 Letter to CER - SaskPower Response to Manitoba Métis Federation IR - A9S3R0,1,1,1,0.0,180,190
4647079,C38109-1 Letter to CER - SaskPower Response to Cowessess Ventures Ltd. IR - A9S3R3,1,1,1,0.0,181,191
4647080,C38109-2 SaskPower IR No. 1 - Response to Cowessess Ventures Ltd. - A9S3R4,12,12,12,323.6666666666667,4237,4117
4647083,C38114-1 Emerson Creek Compressor Station - Information Request Response No. 2 - A9S3S7,6,6,6,320.0,1869,1875
4647084,C38115-4 04 TMEP CER Condition 151 34A PCEM Report Jan 2026 Part3 - A9S3T2,31,31,31,369.0,8778,11538
4647085,C38115-5 05 TMEP CER Condition 151 34A PCEM Report Jan 2026 Part4 - A9S3T3,35,35,35,365.0,9806,12862
4647086,C38115-6 06 TMEP CER Condition 151 34A PCEM Report Jan 2026 Part5 - A9S3T4,31,31,31,373.3333333333333,8947,11826
4647087,C38115-8 08 TMEP CER Condition 151 34A PCEM Report Jan 2026 Part7 - A9S3T6,11,11,11,365.3333333333333,3148,4053
4647088,C38115-9 09 TMEP CER Condition 151 As-Built 34a Jan 2026 Part1 - A9S3T7,107,107,107,475.3333333333333,60178,62522
4647090,C38120-1 TC Energy Streamlining Order and Decommissioning Exemption Order 2025 Year-End Report - A9S3V6,10,10,10,184.33333333333334,1754,1665
4647092,C38124-1 01 Letter to CER re Westcoast Response to CER IR No. 1 - A9S3W6,1,1,1,152.0,126,127
4647093,C38124-2 02 Westcoast Response to CER IR No. 1 - A9S3W7,4,4,4,336.0,1362,1440
4647094,Filing Receipt 2026-02-02 131447 - A9S3W8,2,2,2,282.0,539,557
4647098,C38133-1 OM2026-018 - Environmental Assessment Line 24 Alida - A9S3Y7,53,53,53,250.0,11139,11577
4647100,C38137-1 CER - Letter - NGTL GP Ltd. - Proposed Kainai Interconnect Project - Summary of Issues heard during the CER’s Public Early Engagement Phase - A9S3Z8,4,4,4,330.3333333333333,1090,1167
4647101,C38137-2 REC - Lettre - NGTL GP Ltd. - Projet d’interconnexion Kainai - Résumé des questions entendues pendant les activités de mobilisation du public menées en amont par la Régie - A9S3Z7,4,4,4,382.3333333333333,1274,1347
4647104,C37919-1 CER IPL - Standards Applicable - SPC (2026) - A9S0Q5,5,5,5,171.66666666666666,1503,1673
4647106,"C37921-1 Letter to CER re Enbridge Written Argument, Affidavits and Book of Authorities - A9S0R0",1,1,1,149.0,125,124
4647107,C37921-2 Written Argument of Enbridge Pipelines Inc. - A9S0R1,42,42,42,325.0,15791,18546
4647108,C37921-3 Affidavit of Erin Rolstad - A9S0R2,2,2,2,339.5,603,611
4647111,C37938-7 Attach 12 - Environmental Obligations Summary - A9S0X1,4,4,4,205.66666666666666,975,1029
4647112,C37938-8 Attach 13 - Interactions Table - A9S0X2,42,42,42,137.66666666666666,16123,16008
4647113,C37938-9 Attach 17 - Historical Resources Act - A9S0X3,2,2,2,116.5,357,201
4647114,C37938-10 Attach 15 - Land Matters Summary - A9S0X4,2,2,2,88.5,152,152
4647115,C37938-12 Attach 16 - Indigenous Matters Summary - A9S0X6,28,28,28,256.3333333333333,12686,13272
4647116,C37938-13 Attach 06 - Class Location Map - A9S0X7,2,2,2,127.5,25,28
4647117,C37938-14 Attach 07 - Global and Regional Maps - A9S0X8,4,4,4,107.33333333333333,81,31
4647118,C37938-15 Attach 08 - Survey and Access Map - A9S0X9,3,3,3,645.6666666666666,414,37
4647119,C37938-16 Attach 09 - Aerial Overview - A9S0Y0,2,2,2,83.0,24,25
4647120,C37938-17 Attach 01 - LTO Exemption Request Tie - A9S0Y1,3,3,3,192.66666666666666,536,538
4647121,C37938-18 Attach 02 - Technical Description - A9S0Y2,3,3,3,184.66666666666666,515,955
4647122,C37938-19 Attach 03 - Preliminary PID - A9S0Y3,2,2,2,6.5,129,18
4647123,C37938-20 Attach 04 - Engineering Design Standard - A9S0Y4,3,3,3,152.33333333333334,417,415
4647124,C37938-21 Attach 05 - PC and OPP Summary - A9S0Y5,3,3,3,181.66666666666666,495,494
4647126,C37947-5 Line 4 and 67 Optimization Project – Engineering Filing Requirement - A9S1C1,1,1,1,251.0,239,248
4647127,C37947-6 Line 4 and 67 Optimization Project - Interactions Table - A9S1C2,23,23,23,431.6666666666667,7998,7880
4647129,C37955-1 Genesis Pipeline Canada Ltd - Abandonment funding submission cover letter - Jan 2026 - A9S1F4,1,1,1,191.0,152,188
4647130,C37955-2 Genesis - companies-using-setaside-mechanisms-other-than-trusts-exempt-companies-reporting-form signed - A9S1F5,2,2,2,350.0,563,915
4647131,C37955-3 Supplemental Information for Genesis Pipeline Canada Ltd abandonment funding reporting form January 2026 - A9S1F6,3,3,3,118.33333333333333,286,281
4647133,C37959-1 Cover Letter NorthRiver NEBC Connector Project Condition 26 Updated Filing Rev. 2 - A9S1G8,1,1,1,171.0,158,157
4647134,C37959-2 NorthRiver Construction Schedule Table Rev. 2 - A9S1G9,2,2,2,370.0,683,627
4647135,C37959-3 NorthRiver Construction Schedule Gantt Chart Rev. 2 - A9S1H0,4,4,4,221.33333333333334,865,0
4647136,"C37960-1 Commission – Order GO-012-2026 – Emera Energy Services, Inc. – Exportation of gas - A9S1H3",1,1,1,263.0,264,265
4647137,C37963-1 LLC Certificate of Formation 10.2023.pdf - A9S1I2,3,3,3,291.3333333333333,877,927
4647138,C37963-2 Application for Short-Term NGL Export Orders - EN - A9S1I3,2,2,2,210.0,412,417
4647142,C37964-1 Annual reporting form for abandonment funding - A9S1I8,2,2,2,260.5,472,782
4647145,C37973-1 Letter to CER re Enbridge Response to CER IR No. 1 - A9S1L0,1,1,1,141.0,119,126
4647146,C37973-2 Enbridge Response to CER IR No. 1 - A9S1L1,2,2,2,388.5,752,753
4647150,C37975-1 2025 Decommissioning Program - Response to Information Request No. 1 - A9S1L6,70,70,70,286.3333333333333,20960,18173
4647152,C37994-1 REM2026-003 - Supplemental Information - Complément d’information - 2026-01-24 0009 - A9S1V0,2,2,2,307.5,615,612
4647153,REM2026-003 - Filing Receipt 2026-01-24 000912 - A9S1V1,2,2,2,179.0,335,357
4647157,C38013-1 CER- Letter – NGTL GP Ltd. – Grande Prairie Mainline Loop No. 3 – Colt Section – receipt of project notification - A9S1Z9,4,4,4,276.0,970,1059
4647158,C38013-2 REC Lettre - NGTL GP Ltd. – Doublement no 3 de la canalisation principale Grande Prairie – Section Colt Accusé de réception - de l’avis de projet - A9S1Z8,4,4,4,315.3333333333333,1114,1207
4647161,C38017-1 NCE Response to DRFN letter re Cond 36 - A9S2A7,24,24,24,270.0,8265,8744
4647162,C38018-1 Cover Letter - 2026 Revised Marine Standards and Procedures - A9S2A9,1,1,1,355.0,358,316
4647163,C38018-2 Attachment 1 – Vessel Acceptance Standard Revision 4.3 - A9S2C0,29,29,29,197.0,9515,9033
4647164,C38018-3 Attachment 2 – Vessel Acceptance Standard Revision 4.3 – BLACKLINE - A9S2C1,29,29,29,217.66666666666666,8962,9402
4647167,C38029-1 NM Cond 9-8 Construction-Training-Education-Monitoring Rpt No 11 - A9S2H3,2,2,2,237.0,405,430
4647168,C38029-2 NM Cond 9-8 Construction-Training-Education-Monitoring Rpt No 11 - A9S2H4,2,2,2,237.0,405,430
4647170,C38035-1 Commission – Letter – TransCanada Energy Sales Ltd. – Application to Export Electricity - A9S2J0,2,2,2,344.0,634,714
4647171,C38035-2 Commission – Lettre – TransCanada Energy Sales Ltd. – Demande d’autorisation d’exporter de l’électricité - A9S2I9,2,2,2,393.0,733,811
4647172,C38035-3 Commission – Permit EPE-524 – TransCanada Energy Sales Ltd. – Application to Export Electricity - A9S2J2,2,2,2,342.5,682,684
4647173,C38035-4 Commission – Permis EPE-524 – TransCanada Energy Sales Ltd. – Demande d’autorisation d’exporter de l’électricité - A9S2J1,2,2,2,368.0,733,719
4647176,C38036-1 Commission - Procedural Update No. 4 - AltaGas Ltd. - Complaint regarding tolls on the Enbridge Canadian Mainline - RH-001-2025 Proceeding - Oral summary argument order of appearances and time estimates - A9S2J4,2,2,2,270.0,537,565
4647179,C38039-1 Commission - Letter - Westcoast - Sunrise Expansion Program - Release of the Commission of the Canada Energy Regulator’s GH-001-2024 report - A9S2K5,1,1,1,145.0,145,171
4647181,Filing Receipt 2026-01-28 145556 - A9S2K9,2,2,2,264.0,503,528
4647182,C38041-1 NCC North Star 1 - Year 5- PCM Report - A9S2L0,72,72,72,406.0,51523,51239
4647183,C38057-3 03 - 2021 SXP Karr - Year 3- PCM Report - A9S2T1,250,250,250,130.33333333333334,80338,80221
4647185,C38065-1 McLeod River N Cond 14 Year 5 PCM Report - A9S2V9,99,99,99,395.6666666666667,58768,59214
4647187,C38072-1 C146 Indigenous Groups Engagement Report - 2026-01-29 - A9S2Z6,628,628,628,298.3333333333333,183147,184801
4647188,Filing Receipt 2026-01-29 165704 - A9S2Z7,2,2,2,244.5,464,489
4647190,C38073-1 01 C151 PCEM for Spread 1 Year 3 - Cover Letter - A9S2Z8,1,1,1,185.0,146,146
4647191,C38073-2 02 Spread 1 Year3 - PCEM Report Part1 - A9S2Z9,69,69,69,193.33333333333334,20909,24710
4647192,C38073-3 03 Spread 1 Year 3 - PCEM Report Part2 - A9S3A0,22,22,22,253.0,5832,8039
4647193,Filing Receipt 2026-01-29 170035 - A9S3A1,2,2,2,257.0,489,513
4647196,C38084-1 VEPI 2025 CER Abandonment Reporting - A9S3D5,2,2,2,279.0,477,828
4647199,C38085-1 VNGL 2025 CER Abandonment Reporting - A9S3D7,2,2,2,279.0,466,825
4647202,C38090-6 06 TMEP Spread2 PCEM Report Part 5 - A9S3F4,40,40,40,371.3333333333333,10885,14556
4647206,C38098-1 C151 PCEM Temp Sites Part 3 Year 1 - 2026-01-30 - A9S3I4,7,7,7,450.0,2969,2442
4647207,C38100-6 Keystone XL Condition 19 Fourth Year PCM Report - Appx.C.4 OyenSouth - A9S3J4,14,14,14,253.66666666666666,1596,0
4647208,C38106-2 2026 CER REPORTING FORM AO-001-XC-I017-01-2008 - A9S3L4,2,2,2,279.0,494,841
4647209,C38106-3 2026 CER REPORTING FORM AO-005-XO-3-70 - A9S3L5,2,2,2,279.0,494,841
4647210,C38106-4 2026 CER REPORTING FORM XG-12-90 - A9S3L6,2,2,2,279.0,513,866
4647211,C38107-2 Commission - Lettre - Westcoast - Programme d’agrandissement Sunrise - GH-001-2024 - A9S3Q1,3,3,3,235.66666666666666,704,733
4647212,C38107-3 Commission - Order XG-002-2026 - Westcoast - Sunrise Expansion Program - GH-001-2024 - A9S3Q4,35,35,35,294.0,12389,11791
4647984,C38078-2 Signature - companies-using-set‐aside-mechanisms-other-than-trusts-exempt-companies-reporting-form 2026 - A9S3C1,2,2,2,398.0,569,985
4647985,C38081-1 PCPL-NW 2025 CER Abandonment Reporting - A9S3C9,2,2,2,279.0,468,816
4647989,C38090-11 13 TMEP As-Built Report Spread 2 January2026-Part3 - A9S3F9,32,32,32,358.3333333333333,8948,11599
4647991,C38093-1 6843410 C37811-1 TNPI 2026 Toll Application - Shell Letter of Comment - A9S3H1,7,7,7,362.0,2761,2953
4647993,Filing Receipt 2026-01-30 133940 - A9S3I5,2,2,2,248.0,471,496
4647994,C38100-9 Keystone XL Condition 8 Fourth Year PCM Report - Attachment 1 - A9S3J7,107,107,107,69.66666666666667,40521,40877
4647995,C38102-1 01.30.26 - S. SNIDER COVERING LETTER TO CER RE FILE # OF-CDH-2023-01 - HEARING # MH-001-2023 - A9S3K1,1,1,1,163.0,161,160
4647996,"C38102-2 Response Letter (Ellens) - Otto - January 29, 2026 - A9S3K2",2,2,2,447.0,838,834
4647999,Filing Receipt 2026-01-30 160743 - A9S3S8,2,2,2,241.0,457,481
4648000,C38115-2 02 TMEP CER Condition 151 34A PCEM Report Jan 2026 Part1 - A9S3T0,182,182,182,164.66666666666666,71765,82451
4648001,"C38121-1 Shiha Energy Transmission-using-set‐aside-mechanisms-other-than-trusts-exempt-companies-reporting-form - Feb 2, 2026 - A9S3V8",3,3,3,150.0,460,498
4648003,C38125-1 Comment process on Trans Mountain Pipeline ULC’s request for further abeyance of the proceeding - A9S3W9,1,1,1,384.0,385,402
4648006,C38127-1 Commission - Letter - Compensation Hearing Application from Peace River Greenhouses Ltd. against Westcoast Energy Inc. - A9S3X3,2,2,2,360.5,708,748
4648007,C38127-2 Commission – Hearing Order MH-001-2026 - Compensation Hearing Application from Peace River Greenhouses Ltd. against Westcoast Energy Inc. - A9S3X4,7,7,7,166.0,1874,2080
4648009,C38136-2 OM2026-019 - Notification of Operation and Maintenance Activities - Notification des activités d'exploitation et d'entretien - 2026-02-03 1529 - A9S3Z5,4,4,4,264.0,965,964
4648010,OM2026-019 - Filing Receipt 2026-02-03 152947 - A9S3Z6,2,2,2,190.5,358,380
4648012,C38141-5 Attachment 5 - Engineering - A9S4C2,2,2,2,179.5,331,334
4648013,C38141-6 Attachment 7 – Engagement and Indigenous Relations - A9S4C3,2,2,2,103.0,176,186
4648014,C38141-7 Attachment 7 - Engagement and Indigenous Relations - A9S4C4,2,2,2,103.0,176,186
4648015,C38151-1 Letter to CER re Transcript Corrections - Volume 1 - A9S4F4,1,1,1,224.0,200,211
4648016,C38151-2 Enbridge Corrections to Transcript Volume 1 - RH-001-2025 - A9S4F5,4,4,4,239.66666666666666,1040,1042
4648021,C38160-1 Commission - Letter - NGTL GP Ltd. - Tremblay North Receipt Meter Station - Decision on assessment process - A9S4I0,2,2,2,285.5,569,595
4648024,C38164-1 Letter to CER re Updated Contact Information - A9S4I8,1,1,1,174.0,178,172
4648026,C38166-2 Commission - Lettre - Enbridge - Line 93 Optimization Project - Délai prescrit par la loi et décision quant au processus - A9S4J3,2,2,2,236.5,381,500
4648027,Receipt - Accusé de réception - A9S4J4,2,2,2,138.5,277,277
4648028,C38169-11 Commission - Commission - Order AO-002-XO-P384-002-2016 - Plains Midstream Canada ULC and Plains Canada Liquid Pipelines ULC - Joint application to transfer ownership of the Wascana Pipeline System and the Bodo Pipeline System - A9S4K9,1,1,1,308.0,309,308
4648031,C38170-1 Letter re Reply to Comments on Trans Mountain Request for Further Abeyance of the Proceeding - A9S4L2,2,2,2,182.5,328,373
4648034,C38180-1 Commission - Letter to County of Vermilion River No. 24 Gas Utility – Abandonment Funding – Letter of Credit - A9S4S4,2,2,2,347.5,589,721
4648035,C38180-2 Commission - Lettre – Service de distribution de gaz du comté de Vermilion River no 24 - Lettre de crédit pour le financement des activités de cessation d’exploitation - A9S4S3,2,2,2,424.5,719,880
4648038,C38183-1 00 2026 02 06 BCH CER CPCN EC29 EXT RQST - A9S4T4,1,1,1,158.0,149,152
4648041,C38184-1 2026-02-06 Trans-Northern ACE Funding IR Response - Letter - A9S4T6,1,1,1,146.0,117,116
4648043,C38189-1 Commission - PU No. 6 - BPS Ventures and Enbridge Pipelines - Compensation Hearing Application - Resuming the MH-001-2023 proceeding - A9S4V0,1,1,1,348.0,364,374
4648045,C38191-1 01 Letter to CER re Condition 19 of Order XG-017-2024 - CSN5 - A9S4V5,4,4,4,326.0,1270,1281
4648046,C38191-10 10 Attachment 8a - Compressor Station MCC - A9S4W4,53,53,53,52.666666666666664,12191,8245
4648048,"C38203-1 Appendix A - Manitoba Métis Federation Statement of Concern, Yellowhead Mainline Interconnect Project - A9S5A3",14,14,14,303.6666666666667,5542,6463
4648049,"C38203-2 Statement of Concern - Manitoba Métis Federation, Yellowhead Mainline Interconnect Project - A9S5A4",6,6,6,243.33333333333334,900,985
4648051,OM2026-019 - Filing Receipt 2026-02-11 113424 - A9S5D4,2,2,2,194.0,365,387
4648053,C38211-1 2026.02.11 NorthRiver Complaince Confirmation Order MO‑003‑2026 and Order MO‑004‑2026 - A9S5D5,1,1,1,243.0,184,234
4648055,C38214-1 2025-02-11 Order MO-002-2026 Condition 5 - A9S5E2,1,1,1,295.0,267,265
4648056,Filing Receipt 2026-02-11 140413 - A9S5E3,2,2,2,250.0,475,499
4648058,C38227-3 Grande Prairie Mainline Loop No. 3 - Colt Section-FR - A9S5H8,12,12,12,324.6666666666667,4600,4487
4648060,C38227-6 Attach 11 - Environmental Assessment - A9S5I1,7,7,7,300.3333333333333,2126,2263
4648061,C38227-13 Attach 07 - Global and Regional Maps - A9S5I8,4,4,4,198.0,76,70
4648062,"C38228-1 2008 07 28 Certificate of Incorp (Stabilis GDS, Inc.).pdf - A9S5J8",4,4,4,0.0,875,853
4648063,C38228-2 Application for Short-Term Natural Gas Export Orders - EN - A9S5J9,3,3,3,137.33333333333334,403,402
4648065,C38228-4 Demande d’ordonnance d’exportation de gaz naturel à court terme - FR - A9S5K1,3,3,3,166.33333333333334,487,482
4648070,C38253-3 Commission – Order GPSO-002-2026 to Westcoast Energy GP Inc. – Aspen Point Program - Leave to Open Compressor Station 1B (CS-1B) - A9S5U9,1,1,1,190.0,191,190
4648071,C38254-1 Commission – Letter to NGTL GP – Application for leave to sell Mount Valley Lateral and Receipt Meter Station - A9S5V2,2,2,2,340.5,679,705
4648072,C38254-2 Commission – Lettre à NGTL GP – Demande d’autorisation de vendre la canalisation latérale et la station de comptage au point de réception Mount Valley - A9S5V1,2,2,2,370.0,739,765
4648074,C38258-1 OM2026-033 - Notification of Operation and Maintenance Activities - Notification des activités d'exploitation et d'entretien - 2026-02-17 1331 - A9S5W3,4,4,4,296.0,1083,1083
4648075,OM2026-033 - Filing Receipt 2026-02-17 133157 - A9S5W4,2,2,2,198.0,371,395
4648076,C38260-1 Cover Letter - 2025 Information Package - South Bow DRA Allocation Methodology - A9S5W7,3,3,3,327.6666666666667,771,977
4648078,C38267-1 Commission - Order GO-013-2026 - NRG Business Marketing LLC - Exportation of Gas - A9S5Z7,1,1,1,263.0,264,266
4648079,C38267-2 Commission - Ordonnance GO-013-2026 - NRG Business Marketing LLC - exportation de gaz - A9S5Z6,1,1,1,295.0,296,295
4648084,C38097-1 WEX Line 10 Abandonment Trust Application to Change Trustee - A9S3I2,2,2,2,315.0,603,603
4648089,C38106-1 Abandonment Funding Reporting Form Appendix XVI - 2026-01-31 - A9S3L3,2,2,2,281.0,564,562
4648090,C38115-7 07 TMEP CER Condition 151 34A PCEM Report Jan 2026 Part6 - A9S3T5,33,33,33,381.0,8486,12560
4648092,C38118-1 TC Energy Code of Conduct Quarterly Exception Report Q4 2025 - A9S3U9,2,2,2,238.0,475,476
4648097,C38133-2 OM2026-018 - Notification of Operation and Maintenance Activities - Notification des activités d'exploitation et d'entretien - 2026-02-03 1252 - A9S3Y8,4,4,4,255.0,933,931
4648098,OM2026-018 - Filing Receipt 2026-02-03 125228 - A9S3Y9,2,2,2,194.0,365,387
4648101,C38146-1 CER RH-001-2025 20260203 VOL1 - A9S4E4,81,81,81,264.3333333333333,30205,30112
4648104,C38148-1 CNRL to CER response letter-C36838 - A9S4E8,12,12,12,295.3333333333333,2439,2594
4648107,C38159-1 Letter to CER re M-NP Response to CER IR No 1 - A9S4H6,1,1,1,110.0,98,106
4648108,C38159-2 MNP Response to CER IR No. 1 - February 5-2026 - A9S4H7,4,4,4,331.0,1320,1255
4648109,C38159-3 Attachment 1 - S.4.1 - FSA MN365 - A9S4H8,7,7,7,274.6666666666667,1697,1705
4648112,C38166-1 Commission - Letter - Enbridge - Line 93 Optimization Project - Legislated Time Limit and Decision on Process - A9S4J2,2,2,2,217.5,355,462
4648114,C38174-1 OM2026-025 - Dig Locations - A9S4Q5,1,1,1,32.0,0,47
4648115,C38176-1 IR Response 2026-02-06 131037 - A9S4R3,3,3,3,383.3333333333333,1150,1150
4648116,OM2026-019 - Filing Receipt 2026-02-06 131039 - A9S4R4,2,2,2,221.0,417,441
4648118,C38179-1 Cover Letter - A9S4S0,2,2,2,279.0,558,545
4648119,C38179-2 Amended Fisheries Act Authorization - Baldwin Creek - A9S4S1,10,10,10,353.3333333333333,4674,4787
4648121,"C38190-1 Commission – Order RO-GO-054-2025 - Corey Oil Company, L.L.C. - Revocation of Gas Export Order - A9S4V3",1,1,1,208.0,209,208
4648122,"C38190-2 Commission - Ordonnance RO-GO-054-2025 - Corey Oil Company, L.L.C. - Révocation de l’ordonnance d’exportation de gaz - A9S4V2",1,1,1,225.0,225,225
4648124,C38191-2 02 Attachment 1 -Substation SLDs - A9S4V6,6,6,6,1111.6666666666667,3401,20
4648125,C38206-1 File 6256059 ISH Energy Abandonment Funding Reporting Form - A9S5C0,2,2,2,279.0,456,831
4648128,C38208-1 Letter NorthRiver NEBC Connector Project Condition 36 Compliance Filing - A9S5C4,2,2,2,234.5,438,439
4648129,Filing Receipt 2026-02-11 094440 - A9S5C5,2,2,2,257.0,489,514
4648130,C38136-3 OM2026-019 - Updated Plains Sarnia Dig 3 Integrity Dig Locations Feb 2026 - A9S5D2,1,1,1,778.0,162,203
4648131,C38136-4 OM2026-019 - Notification of Operation and Maintenance Activities - Notification des activités d'exploitation et d'entretien - 2026-02-11 1134 - A9S5D3,4,4,4,292.0,1063,1062
4648133,C38217-1 Commission – Letter – Imperial – Variance of OA 1210-001 and Line 490 Replacement Activities – Withdrawal of Applications - A9S5F1,1,1,1,291.0,302,317
4648136,C38224-1 CNRL to CER IR# 3 C36838 - A9S5G7,1,1,1,153.0,126,129
4648137,C38224-2 15-7-38-28w3 West Cosine PL Riser - A9S5G8,4,4,4,9.666666666666666,12,12
4648139,C38227-9 Attach 17 - Historical Resources Act - A9S5I4,6,6,6,62.0,1430,1441
4648140,C38232-1 Tawadina Creek No. 2 Receipt Meter Station - Leave to Open Application Update - A9S5L0,3,3,3,77.33333333333333,1044,1031
4648143,C38240-1 Commission - Lettre - Demande d’indemnisation déposée par 9346-5508 Québec Inc. contre PTNI - Conférence préparatoire et requête de PTNI en vue d’obtenir des documents - A9S5R2,5,5,5,280.3333333333333,1361,1366
4648147,C38259-1 OM2026-034 - Notification of Operation and Maintenance Activities - Notification des activités d'exploitation et d'entretien - 2026-02-17 1333 - A9S5W5,4,4,4,296.3333333333333,1072,1084
4648148,OM2026-034 - Filing Receipt 2026-02-17 133330 - A9S5W6,2,2,2,198.0,371,395
4648150,C38262-2 Application for the Short-Term Heavy Crude Only Export Order - EN - A9S5X9,2,2,2,172.0,336,341
4648152,C38262-4 Demande d’ordonnance d’exportation à court terme de pétrole brut lourd uniquement - FR - A9S5Y1,2,2,2,211.0,411,416
4648155,C38271-2 South Bow Welding Procedure Specification and PQR - SLVE-17-ISW - A9S6A7,48,48,48,242.66666666666666,12381,11555
4648158,C38272-1 Letter encl Preliminary Comments on ATEC Application - A9S6A9,3,3,3,320.3333333333333,878,966
4648169,C38286-1 Commission - Letter - Grand Trunk Western Railroad Company - Motion for an exemption from reporting requirements regarding the electricity export permit EPE-514 - A9S6I0,2,2,2,378.0,744,779
4648170,C38286-2 Commission - Lettre - Grand Trunk Western Railroad Company - Requête d’exemption de produire des rapports relativement au permis d’exportation d’électricité EPE 14 - A9S6H9,2,2,2,381.5,756,787
4648175,C38292-2 Manitoba Métis Federation Written Evidence for Saskatchewan Power Corporation - Southwest Power Pool - A9S6K0,18,18,18,243.0,5270,6123
4648176,C38292-3 Manitoba Métis Federation Written Evidence for Saskatchewan Power Corporation APPENDIX A - Southwest Power Pool - A9S6K1,29,29,29,189.33333333333334,10796,10861
4648177,C38292-4 Manitoba Métis Federation Written Evidence for Saskatchewan Power Corporation APPENDIX B - Southwest Power Pool - A9S6K2,21,21,21,226.33333333333334,6410,7111
4648178,C38292-5 Manitoba Métis Federation Written Evidence for Saskatchewan Power Corporation APPENDIX C - Southwest Power Pool - A9S6K3,66,66,66,260.0,26596,26851
4648181,"C38297-1 CER – Letter to NGTL GP Ltd., as general partner on behalf of NGTL Limited Partnership – Receipt of Project Notification – Grande Prairie Mainline Loop No. 3 - Greenview Section - A9S6L8",3,3,3,321.3333333333333,903,974
4648185,C38101-1 2670568 Ontario Limited - 2026 Abandonment Reporting Form signed - A9S3J9,2,2,2,0.0,467,792
4648188,C38104-1 01 C151 PCEM for Spread 7b Year 1 - Cover Letter - A9S3K6,1,1,1,214.0,180,180
4648189,C38105-1 Commission – Report GH-001-2024 - Westcoast - Sunrise Expansion Program - A9S3L2,514,514,514,276.3333333333333,233084,236182
4648190,C38105-2 Commission – Rapport GH-001-2024 - Westcoast - Programme d’agrandissement Sunrise - A9S3L1,499,499,499,335.3333333333333,295415,300698
4648191,C38107-4 Commission - Ordonnance XG-002-2026 - Westcoast - Programme d’agrandissement Sunrise - GH-001-2024 - A9S3Q3,38,38,38,322.0,15373,13672
4648192,C38107-5 Commission - Order XG-MO-005-2026 - Westcoast - Sunrise Expansion Program - GH-001-2024 - A9S3Q6,2,2,2,353.0,659,703
4648193,C38107-6 Commission - Ordonnance MO-005-2026 - Westcoast - Programme d’agrandissement Sunrise - GH-001-2024 - A9S3Q5,2,2,2,372.0,699,745
4648194,C38107-7 Commission - Order MO-006-2026 - Westcoast - Sunrise Expansion Program - GH-001-2024 - A9S3Q8,4,4,4,215.33333333333334,1030,1030
4648195,C38107-8 Commission - Ordonnance MO-006-2026 - Westcoast - Programme d’agrandissement Sunrise - GH-001-2024 - A9S3Q7,4,4,4,251.0,1122,1166
4648199,C38111-1 CER - Letter - Westcoast - Sunrise Expansion Program - Potential for an authorization under the Fisheries Act with specific conditions related to the Species at Risk Act - A9S3S0,3,3,3,330.6666666666667,990,1016
4648200,C38111-2 REC - Lettre - Westcoast - Programme d’agrandissement Sunrise -Autorisation aux termes de la Loi sur les pêches assortie de conditions particulières liées à la Loi sur les espèces en péril soit nécessaire - A9S3R9,3,3,3,422.6666666666667,1265,1291
4648202,C38112-1 Green Glades Abandonment Funding Reporting Form (File 6256059) - A9S3S2,2,2,2,279.0,470,821
4648203,C38112-2 Hayter EyeHill Abandonment Funding Reporting Form (File 6256059) - A9S3S3,2,2,2,279.0,465,817
4648208,C38135-1 British Columbia Hydro and Power Authority - Application to vary Certificate EC-29 - A9S3Z2,1,1,1,150.0,151,177
4648210,C38139-1 OM2026-020 - SB attachment 2 species list 2026-02-03 - A9S4A2,1,1,1,186.0,186,189
4648211,C38139-2 OM2026-020 - SB attachment 1 site plan 2026-02-03 - A9S4A3,2,2,2,488.0,78,592
4648212,C38139-3 OM2026-020 - Notification of Operation and Maintenance Activities - Notification des activités d'exploitation et d'entretien - 2026-02-03 1710 - A9S4A4,4,4,4,312.3333333333333,1187,1175
4648213,OM2026-020 - Filing Receipt 2026-02-03 171023 - A9S4A5,2,2,2,199.0,375,397
4648216,C38153-1 OM2026-021 - Notification of Operation and Maintenance Activities - Notification des activités d'exploitation et d'entretien - 2026-02-04 1520 - A9S4G0,4,4,4,298.6666666666667,1067,1065
4648217,OM2026-021 - Filing Receipt 2026-02-04 152053 - A9S4G1,2,2,2,189.5,354,378
4648218,C38156-1 OM2026-022 - Notification of Operation and Maintenance Activities - Notification des activités d'exploitation et d'entretien - 2026-02-05 0937 - A9S4G9,5,5,5,224.33333333333334,1266,1284
4648219,C38156-2 OM2026-022 - Accusé de réception 2026-02-05 093726 - A9S4H0,2,2,2,191.0,357,381
4648220,OM2026-024 - Filing Receipt 2026-02-05 135739 - A9S4I5,2,2,2,198.0,371,395
4648222,C38165-1 Suncor Request for Leave to File Reply Comments - A9S4J0,2,2,2,227.0,421,477
4648224,C38168-1 REM2026-005 - Supplemental Information - Complément d’information - 2026-02-06 0009 - A9S4J7,2,2,2,299.0,598,595
4648225,REM2026-005 - Filing Receipt 2026-02-06 000957 - A9S4J8,2,2,2,178.5,334,356
4648227,C38174-2 OM2026-025 - Dig Sheet J320 - A9S4Q6,4,4,4,356.6666666666667,1359,1243
4648228,C38174-3 OM2026-025 - Dig Sheet J420 - A9S4Q7,5,5,5,341.6666666666667,1896,1655
4648229,C38174-4 OM2026-025 - Land Package - A9S4Q8,99,99,99,302.0,24776,22339
4648231,Filing Receipt 2026-02-06 121907 - A9S4R2,2,2,2,256.5,488,513
4648233,Filing Receipt 2026-02-06 132614 - A9S4R6,2,2,2,249.0,473,498
4648234,C38178-1 Cover Letter - A9S4R7,2,2,2,274.0,549,533
4648235,C38178-2 Amended Fisheries Act Authorization - Coquihalla River - A9S4R8,10,10,10,428.6666666666667,4989,5110
4648237,C38186-3 Tab C Part 2 of 2 - A9S4U3,83,83,83,23.666666666666668,23205,23953
4648239,C38191-11 11 Attachment 8b - Compressor Station SWGR TFS NGR - A9S4W5,256,256,256,186.66666666666666,74440,30672
4648240,Filing Receipt 2026-02-09 133752 - A9S4W6,2,2,2,319.5,614,630
4648242,C38198-1 Condition 21 - Heritage Resources Clearances Filing No. 2-4 - A9S4Y5,3,3,3,280.0,709,805
4648243,C38198-2 Table 1 – Summary of Heritage Resources Approval Conditions - A9S4Y6,1,1,1,225.0,205,234
4648244,Filing Receipt 2026-02-10 143036 - A9S4Y7,2,2,2,267.0,509,538
4648246,C38204-1 Eastward Energy (CER) Letter of Support - C37698 2026-2027 M-NP Toll Settlement (11 February 2026) - A9S5A6,2,2,2,287.5,565,564
4648248,C38209-1 IR Response 2026-02-11 095849 - A9S5C6,2,2,2,170.5,342,336
4648249,C38209-2 Letter to CER re Westcoast Response to CER IR No. 1 - LTO CS1B - A9S5C7,1,1,1,142.0,116,118
4648250,C38209-3 Westcoast Response to CER IR No. 1 - LTO CS1B - A9S5C8,2,2,2,252.0,413,477
4648251,Filing Receipt 2026-02-11 095853 - A9S5C9,2,2,2,279.0,533,556
4648254,C38222-1 OM2026-027 - Notification of Operation and Maintenance Activities - Notification des activités d'exploitation et d'entretien - 2026-02-12 0906 - A9S5G2,4,4,4,297.0,1085,1085
4648255,OM2026-027 - Filing Receipt 2026-02-12 090648 - A9S5G3,2,2,2,198.0,371,395
4648256,C38227-10 Attach 14 - Land Matters Summary - A9S5I5,6,6,6,161.0,1426,1440
4648257,C38227-11 Attach 15 - Engagement Matters Summary - A9S5I6,3,3,3,260.3333333333333,702,724
4648260,C38230-1 Condition 21 Filing No. 2-4 b - A9S5K6,1,1,1,229.0,216,216
4648261,Filing Receipt 2026-02-12 141552 - A9S5K7,2,2,2,260.0,495,520
4648263,C38242-1 Commission - Letter to British Columbia Hydro and Power Authority – Application to vary Certificate EC-29 – Request for extension to respond to Information Request No. 2 - A9S5R6,1,1,1,271.0,272,292
4648266,C38243-1 Imperial Letter of Comment regarding Shell Concerns on TNPI Toll Application - A9S5R8,4,4,4,216.66666666666666,945,1139
4648269,C38244-1 Letter to CER re M-NP Reply to Comments IR No 1 - February 13-2026 - A9S5S0,1,1,1,268.0,256,255
4648271,C38251-1 Application for Short-Term Natural Gas Export Orders - EN - A9S5T6,3,3,3,147.33333333333334,433,433
4648273,C38251-3 Demande d’ordonnance d’exportation de gaz naturel à court terme - FR - A9S5T8,3,3,3,175.66666666666666,515,512
4648276,C38254-4 Commission – Ordonnance MO-000-2026 à NGTL GP – Demande d’autorisation de vendre la canalisation latérale et la station de comptage au point de réception Mount Valley - A9S5V3,3,3,3,290.3333333333333,859,866
4648277,Filing Receipt 2026-02-17 110317 - A9S5V7,2,2,2,256.0,487,512
4648279,C38256-1 Commission - Letter No. 35 - NGTL GP Ltd. - 2021 NGTL System Expansion - Certificate GC-129 - Compliance to Condition 35 - Indigenous Working Group for the Little Smoky Caribou Range - A9S5V9,5,5,5,288.3333333333333,1565,1753
4648280,C38256-2 Commission - Lettre nº 35 - NGTL GP Ltd. - Projet d’agrandissement du réseau de NGTL en 2021 - Conformité à la condition 35 - Groupe de travail autochtone sur l’aire de répartition du caribou Little Smoky - A9S5V8,5,5,5,344.3333333333333,1852,2067
4648283,C38266-1 Letter - A9S5Z4,31,31,31,0.0,8444,7953
4648286,C38108-2 SaskPower IR No. 1 - Response to Manitoba Métis Federation - A9S3R1,11,11,11,316.0,3217,3208
4648289,C38119-1 OM2026-016 - Attachment 2 - Fish and Fish Habitat Report - A9S3V1,55,55,55,185.66666666666666,16971,16414
4648290,C38119-2 OM2026-016 - Attachment 3 - Site Plan - A9S3V2,2,2,2,1561.0,1723,995
4648291,C38119-3 OM2026-016 - Attachment 1 - Aquatic Critical Habitat - A9S3V3,4,4,4,399.0,1336,1389
4648292,C38119-4 OM2026-016 - Notification of Operation and Maintenance Activities - Notification des activités d'exploitation et d'entretien - 2026-02-02 1025 - A9S3V4,6,6,6,349.0,1944,1946
4648296,C38141-12 Attachment 3 - Detailed Maps - Part 3 - A9S4C9,3,3,3,1803.6666666666667,0,9955
4648298,C38143-1 2026-02-03 IESPL to CER Bi-weekly Project Update January 16 to 31 2026 - A9S4D8,11,11,11,170.66666666666666,724,754
4648299,Filing Receipt 2026-02-03 202046 - A9S4D9,2,2,2,257.5,490,515
4648301,"C38147-1 CER - Letter - His Majesty in Right of Alberta, as Represented by the Minister of Transportation and Economic Corridors - Regarding TransCanada PipeLines Limited - Preliminary comments - A9S4E6",2,2,2,235.0,468,494
4648304,C38152-1 Commission - Letter - Enbridge - Enbridge Line 3 Replacement Program - MO-008-2016 - Condition 11 – Final Decommissioning Plan - Request for Approval to Remove One Valve - A9S4F8,2,2,2,289.5,519,604
4648307,C38158-1 Export Order Strathcona Amendment 2.4.26.docx - A9S4H4,1,1,1,105.0,106,106
4648310,C38163-1 Letter to CER re Shippers Support for Further Abeyance - A9S4I6,2,2,2,185.5,360,391
4648313,C38177-1 Dimsdale Interconnect Meter Station Condition 4 Construction Schedule - A9S4R5,1,1,1,198.0,199,190
4648314,"C38193-1 GPML Loop 4 Valhalla North Section and Berland River CS C3 Unit Addition NGTL GP Response to Walter White, ECN Complaint - A9S4X2",1,1,1,342.0,341,342
4648318,"C38200-1 Commission – Letter to Westcoast - Aspen Point Program – Condition 18, Order XG-017-2024 – Operational Vegetation Management Plan – Timing Relief - A9S4Z1",3,3,3,202.33333333333334,582,622
4648319,"C38200-2 Commission - Lettre - Westcoast – Aspen Point – Condition 18, Ordonnance XG-017-2024 – Plan de gestion de la vegetation durant l’exploitation – d’exemption de l’exigence temporelle - A9S4Z0",3,3,3,251.66666666666666,723,767
4648322,C38202-1 Commission - Letter - Pouce Coupé Pipe Line Ltd. - Application for the Taylor to Gordondale Pipeline Project - OH-001-2024 - Amending Order - A9S4Z9,2,2,2,140.0,288,305
4648323,C38202-2 Commission - Lettre - Pouce Coupé Pipe Line Ltd. - Demande concernant le projet de pipeline de Taylor à Gordondale - OH-001-2024 - Ordonnance modificatrice - A9S4Z8,2,2,2,155.0,308,337
4648324,C38202-3 Commission - Order AO-001-XO-002-2025 - Pouce Coupé Pipe Line Ltd. - Application for the Taylor to Gordondale Pipeline Project - OH-001-2024 - Amending Order - A9S5A1,2,2,2,326.5,649,651
4648325,C38202-4 Commission - Ordonnance AO-001-XO-002-2025 - Pouce Coupé Pipe Line Ltd. - Demande concernant le projet de pipeline de Taylor à Gordondale - OH-001-2024 - Ordonnance modificatrice - A9S5A0,2,2,2,384.5,765,590
4648330,C38215-1 RH-002-2023 - Ruling No. 32 – Trans Mountain Pipeline ULC’s request for further abeyance of the proceeding - A9S5E4,1,1,1,322.0,290,341
4648333,C38221-1 Updated Amendment to Fisheries Act Authorization - Baldwin Creek - A9S5G0,10,10,10,371.3333333333333,4674,4829
4648335,C38223-1 OM2026-028 - Survey - A9S5G4,2,2,2,841.5,1434,1149
4648336,C38223-2 OM2026-028 - Notification of Operation and Maintenance Activities - Notification des activités d'exploitation et d'entretien - 2026-02-12 0940 - A9S5G5,5,5,5,245.66666666666666,1236,1234
4648337,OM2026-028 - Filing Receipt 2026-02-12 094030 - A9S5G6,2,2,2,190.5,358,380
4648339,C38225-1 OM2026-029 - Attachment 1 - Water Body Table - A9S5H0,1,1,1,283.0,248,319
4648340,C38225-2 OM2026-029 - Notification of Operation and Maintenance Activities - Notification des activités d'exploitation et d'entretien - 2026-02-12 1124 - A9S5H1,4,4,4,301.3333333333333,1088,1100
4648341,OM2026-029 - Filing Receipt 2026-02-12 112427 - A9S5H2,2,2,2,201.5,378,402
4648343,C38227-1 Grande Prairie Mainline Loop No. 3 - Colt Section - A9S5H6,11,11,11,297.3333333333333,4202,3996
4648347,C38239-1 Letter of Good Standing and Incorporation certificate - A9S5R0,3,3,3,0.0,1028,1027
4648350,C38246-1 Cover Letter NorthRiver NEBC Connector Project Condition 33 Report No. 6 - A9S5S5,1,1,1,137.0,124,124
4648351,C38246-2 Construction Progress Report No. 6 - A9S5S6,7,7,7,230.0,1474,1457
4648352,Filing Receipt 2026-02-13 135955 - A9S5S7,2,2,2,265.5,506,535
4648353,C38253-4 Commission - Ordonnance GPSO-002-2026 émise à Westcoast Energy GP Inc. – Programme Aspen Point - Autorisation de mise en service de la station de compression 1B (CS-1B) - A9S5U8,1,1,1,202.0,202,202
4648355,C38254-3 Commission – Order MO-009-2026 to NGTL GP – Application for leave to sell Mount Valley Lateral and Receipt Meter Station - A9S5V4,3,3,3,262.6666666666667,781,776
4648357,C38261-1 01 Letter to CER re Condition 21 of Order XG-017-2024 - A9S5X5,2,2,2,258.0,446,489
4648358,C38261-2 02 BC Hydro - Letter of Confirmation - A9S5X6,1,1,1,290.0,253,255
4648359,Filing Receipt 2026-02-17 151524 - A9S5X7,2,2,2,279.5,534,552
4648360,C38262-1 Leafcom Incorporation.pdf - A9S5X8,4,4,4,0.0,751,739
4648362,"C38275-1 EOG Ohio, LLC - Name Change 2026 - A9S6C6",8,8,8,392.6666666666667,1943,1939
4648367,C38294-1 Letter to CER re Birch Grove Program - Project Notification - A9S6K7,1,1,1,89.0,90,91
4648368,C38294-2 Project Notification Form - Birch Grove Program - A9S6K8,6,6,6,296.3333333333333,1616,1622
4648370,C38296-1 CER written evidence 02-20-2026 - A9S6L5,10,10,10,290.0,3576,3571
4648387,C38115-15 15 TMEP CER Condition 151 As-Built 34a Jan 2026 Part7 - A9S3U3,34,34,34,361.3333333333333,8966,12567
4648388,Filing Receipt 2026-01-30 164220 - A9S3U4,2,2,2,337.5,641,665
4648392,OM2026-016 - Filing Receipt 2026-02-02 102514 - A9S3V5,2,2,2,209.0,393,418
4648394,C38123-1 Commission - Order RO-ROE-137-2026 – Veren Inc. - Revocation of Light and Heavy Crude Oil Export Order - A9S3W4,1,1,1,228.0,229,228
4648395,C38123-2 Commission - Ordonnance RO-ROE-137-2026 – Veren Inc. - Révocation de l’ordonnance d’exportation de pétrole brut et léger - A9S3W3,1,1,1,247.0,248,247
4648398,C38130-1 Commission – Letter - Brian Alexander and Trans Mountain Pipeline ULC – Compensation Hearing – Withdrawal Letter - A9S3Y0,1,1,1,207.0,208,224
4648400,C38132-1 Lead Commissioner of the CER - Letter - Lead Commissioner Instruction - Westcoast - Sunrise Expansion Program - A9S3Y4,5,5,5,145.33333333333334,1371,1498
4648401,C38132-2 Commissaire en chef de la Régie - Lettre - Directive du Commissaire en chef - Westcoast - Programme d’agrandissement Sunrise - A9S3Y5,6,6,6,56.0,1648,1724
4648403,C38141-10 Attachment 3 - Detailed Maps - Part 1 - A9S4C7,5,5,5,801.3333333333334,8,10077
4648404,C38141-11 Attachment 3 - Detailed Maps - Part 2 - A9S4C8,3,3,3,1596.3333333333333,1,8576
4648405,C38141-13 Attachment 3 - Detailed Maps - Part 4 - A9S4D0,2,2,2,1894.0,0,6782
4648406,"C38141-14 Attachment 4 - Manuals, Standards and Specifications - A9S4D1",2,2,2,107.5,185,190
4648407,C38141-15 Attachment 6 - Environment and Socio Economics Interactions Table - A9S4D2,13,13,13,191.33333333333334,4130,4019
4648410,C38150-1 IR Response 2026-02-04 143939 - A9S4F2,2,2,2,224.5,449,451
4648412,C38169-1 Commission - Letter – Plains Midstream Canada ULC and Plains Canada Liquid Pipelines ULC - Joint application to transfer ownership of the Wascana Pipeline System and the Bodo Pipeline System - A9S4K0,2,2,2,211.5,421,447
4648413,C38169-6 Commission - Commission - Commission - Ordonnance AO-003-XO-P077-17-2003 - Demande présentée par Plains Midstream Canada ULC et Plains Canada Liquid Pipelines ULC - Transfert de propriété des réseaux pipeliniers Wascana et Bodo - A9S4K3,2,2,2,210.5,419,419
4648414,C38169-7 Commission - Commission - Order AO-005-OC-26 - Plains Midstream Canada ULC and Plains Canada Liquid Pipelines ULC - Joint application to transfer ownership of the Wascana Pipeline System and the Bodo Pipeline System - A9S4K5,2,2,2,201.0,399,399
4648415,C38169-8 Commission - Commission - Ordonnance AO-005-OC-26 - Demande conjointe présentée par Plains Midstream Canada ULC et Plains Canada Liquid Pipelines ULC - Transfert de propriété des réseaux pipeliniers Wascana et Bodo - A9S4K8,2,2,2,216.5,430,430
4648417,C38181-1 Commission - Letter - Westcoast - Aspen Point Program - Order XG-017-2024 - Leave to Open Fort St. John Mainline Loop - A9S4S7,1,1,1,225.0,252,250
4648418,C38181-2 Commission - Lettre - Westcoast - Programme Aspen Point- Ordonnance XG-017-2024 - Mise en service du doublement de la canalisation principale Fort St. John - A9S4S6,1,1,1,264.0,265,290
4648419,C38181-3 Commission - Order GPLO-001-2026 - Westcoast - Aspen Point Program - Order XG-017-2024 - Leave to Open Fort St. John Mainline Loop - A9S4S9,1,1,1,238.0,239,239
4648420,C38181-4 Commission - Ordonnance GPLO-001-2026 - Westcoast - Programme Aspen Point- Ordonnance XG-017-2024 - Mise en service du doublement de la canalisation principale Fort St. John - A9S4S8,1,1,1,267.0,268,267
4648423,C38186-2 Tab C Part 1 of 2 - A9S4U2,63,63,63,25.666666666666668,19955,7155
4648429,C38218-1 Letter of Comment - A9S5F3,1,1,1,210.0,205,210
4648432,C38236-1 Commission - Lettre - Demande d’indemnisation déposée par 9346-5508 Québec Inc. contre PTNI - Requête de Pipelines Trans-Nord Inc. en vue d’obtenir des documents - A9S5Q3,2,2,2,397.5,814,814
4648434,C38237-1 CER statement-concern form - A9S5Q5,6,6,6,242.0,861,952
4648436,C38241-1 Suncor Response to Shell Comments - A9S5R4,2,2,2,450.0,739,926
4648439,C38250-1 OM2026-031 - Notification of Operation and Maintenance Activities - Notification des activités d'exploitation et d'entretien - 2026-02-13 1639 - A9S5T4,4,4,4,278.0,1032,1031
4648440,OM2026-031 - Filing Receipt 2026-02-13 163920 - A9S5T5,2,2,2,186.0,349,371
4648442,C38257-1 OM2026-032 - Notification of Operation and Maintenance Activities - Notification des activités d'exploitation et d'entretien - 2026-02-17 1330 - A9S5W1,4,4,4,296.0,1083,1082
4648444,C38273-2 Ordonnance ROE-153-2026 à Leafcom Corporation - Export du pétrole brut lourd seulement - A9S6C1,1,1,1,344.0,345,346
4648446,Filing Receipt 2026-02-19 124228 - A9S6F3,2,2,2,246.5,468,493
4648451,C38290-1 Commission – Letter to Hydro Québec – Application to vary Permit EP-305 and extension of timing requirement for submission of the as-built drawings (Condition 19) - A9S6J2,2,2,2,184.5,367,394
4648453,C38291-1 Commission - Order GO-014-2026 - GUNVOR USA LLC - Exportation of gas - A9S6J7,1,1,1,262.0,263,267
4648454,C38291-2 Commission - Ordonnance GO-014-2026 - GUNVOR USA LLC - exportation de gaz - A9S6J6,1,1,1,294.0,295,294
4648457,C38295-1 Commission - Letter - Order GPSO-001-2026 – NGTL GP - Application for Final Leave to Open for the Berland River CS C3 Unit - A9S6L1,1,1,1,150.0,166,177
4648458,C38295-2 Commission - Lettre - ordonnance GPSO-001-2026 – NGTL GP - Demande d’autorisation de mise en service finale du motocompresseur C3 à la station de compression Berland River - A9S6L0,1,1,1,190.0,191,217
4648459,C38295-3 Commission - Order GPSO-001-2026 – NGTL GP - Application for Final Leave to Open for the Berland River CS C3 Unit - A9S6L3,1,1,1,241.0,241,242
4648460,C38295-4 Commission - Ordonnance GPSO-001-2026 – NGTL GP - Demande d’autorisation de mise en service finale du motocompresseur C3 à la station de compression Berland River - A9S6L2,1,1,1,285.0,286,287
4648462,"C38297-2 REC – Lettre à NGTL GP Ltd., à titre de commandité, au nom de NGTL Limited Partnership - Réception de l’avis de projet - Doublement no 3 de la canalisation principale Grande Prairie – Section Greenview - A9S6L7",4,4,4,270.0,1034,1130
4648464,C38298-1 WBFN-TKLUOS SPP-Transmission-Line - 2026-02-20 - A9S6Q0,70,70,70,61.0,24283,23622
4648466,C38299-2 Q4 2025 Pipeline Patrol Summary and Observations - A9S6Q3,1,1,1,397.0,371,370
4648467,C38299-3 Q4 2025 NR Temperature Readings - A9S6Q4,3,3,3,834.3333333333334,2406,2458
4648468,C38299-4 Q4 2025 Temperature Plots - A9S6Q5,10,10,10,277.6666666666667,425,405
4648488,C38167-1 Imperial Letter of Support re Suncor Request for Leave to File Reply Comments - A9S4J5,2,2,2,164.5,282,336
4648490,"C38172-1 Commission - Letter - Order MO-008-2026 - Many Islands Pipe Lines (Canada) Limited – Application for Deactivation of the Steelman – North Portal Pipeline, North Portal/Portal Segment - A9S4L7",2,2,2,361.0,662,748
4648492,C38185-1 2026-2 MPLL Monthly Letter to CER regarding January Capacity - A9S4T9,1,1,1,232.0,201,215
4648495,C38187-1 Tawadina Creek No 2 Receipt Meter Station Condition 5 Technical Specification Updates - A9S4U5,4,4,4,292.0,1349,1986
4648496,Filing Receipt 2026-02-09 091008 - A9S4U6,2,2,2,251.5,478,503
4648498,C38192-1 Commission – Letter - NGTL GP Ltd. – Application for the Sale of Nominal Pipe Size 6 Black Diamond Lateral - Confirmation of Sale - A9S4W8,1,1,1,244.0,274,270
4648499,C38192-2 Commission – Lettre – NGTL GP Ltd. – Demande concernant la vente de la canalisation latérale Black Diamond – Confirmation de vente - A9S4W7,1,1,1,256.0,257,280
4648500,C38192-3 Order - AO-024-GC-113 – NGTL GP Ltd. – Application for the Sale of Nominal Pipe Size 6 Black Diamond Lateral - Confirmation of Sale - A9S4X0,3,3,3,450.0,1343,1343
4648501,C38192-4 Ordonnance - AO-024-GC-113 – NGTL GP Ltd. – Demande concernant la vente de la canalisation latérale Black Diamond – Confirmation de vente - A9S4W9,4,4,4,327.6666666666667,1513,1518
4648503,C38210-1 Letter to CER re Vector 2026 Final Toll Calculation GH-5-98 - A9S5D0,1,1,1,315.0,297,310
4648505,C38212-1 Crown Consultation and Accommodation Report - Taylor to Gordondale Project - EN - A9S5D7,83,83,83,298.6666666666667,40195,41795
4648506,C38212-2 Crown Consultation and Accommodation Report - Taylor to Gordondale Project - FR - A9S5D8,95,95,95,330.0,51335,52247
4648509,C38219-1 OM2026-026 - Attachment 1 - Water Body Table - A9S5F5,1,1,1,221.0,190,242
4648510,C38219-2 OM2026-026 - Notification of Operation and Maintenance Activities - Notification des activités d'exploitation et d'entretien - 2026-02-11 1954 - A9S5F6,4,4,4,289.0,1058,1061
4648511,OM2026-026 - Filing Receipt 2026-02-11 195413 - A9S5F7,2,2,2,192.5,360,384
4648512,C38220-1 Updated Amendment to Fisheries Act Authorization - Coquihalla River - A9S5F8,10,10,10,427.3333333333333,4989,5139
4648515,C38227-16 Attach 01 - LTO Exemption - A9S5J1,3,3,3,245.33333333333334,685,679
4648516,C38227-17 Attach 02 - Technical Description - A9S5J2,3,3,3,228.66666666666666,635,1520
4648517,C38227-18 Attach 03 - Preliminary Pipeline PFD - A9S5J3,2,2,2,243.0,130,8
4648518,C38227-19 Attach 05 - Populated Areas Overview Map - A9S5J4,8,8,8,131.0,167,168
4648519,C38227-20 Attach 04 - PC-Opp Summary - A9S5J5,3,3,3,166.0,435,435
4648520,C38227-21 Attach 06 - Engineering Standards - A9S5J6,3,3,3,158.0,419,413
4648523,C38234-1 Commission - Letter to Enbridge - Line 4 and 67 Optimization Project - Legislated Time Limit and Decision on Process - A9S5L4,2,2,2,224.5,369,476
4648525,C38237-2 Comment- Yellowhead Mainline Interconnect - A9S5Q6,5,5,5,286.3333333333333,1824,1832
4648527,C38238-1 REM2026-006 - Supplemental Information - Complément d’information - 2026-02-13 0012 - A9S5Q8,2,2,2,255.5,511,508
4648528,REM2026-006 - Filing Receipt 2026-02-13 001249 - A9S5Q9,2,2,2,184.5,344,368
4648530,C38245-1 2026.02.13 LT ALL Parties - enc Costs Submissions - A9S5S2,1,1,1,113.0,137,116
4648531,C38245-2 Cost Submissions - A9S5S3,4,4,4,0.0,1238,1233
4648534,C38253-1 Commission - Letter Westcoast Energy GP Inc. – Aspen Point Program - Leave to Open Compressor Station 1B (CS-1B) - A9S5U7,1,1,1,130.0,157,156
4648535,C38260-6 Appendix D Adjusted Estimated Tolls - 2025 Information Package - South Bow DRA Allocation Methodology - A9S5X2,14,14,14,170.66666666666666,3020,3162
4648538,C38271-1 Cover Letter - South Bow Application for Temporary Maintenance Welding Repairs GWD 120780 Feb 18 2026 - A9S6A6,2,2,2,275.0,451,3088
4648540,C38274-1 OM2026-036 - Notification of Operation and Maintenance Activities - Notification des activités d'exploitation et d'entretien - 2026-02-18 1719 - A9S6C4,4,4,4,276.3333333333333,1022,1026
4648541,OM2026-036 - Filing Receipt 2026-02-18 171933 - A9S6C5,2,2,2,186.0,349,371
4648543,C38282-1 C143 ILI Report - UTWM Edmonton to Edson - 2026-02-19 - A9S6F2,9,9,9,250.0,2210,2389
4648544,C38283-1 Commission - Letter to NGTL GP - Yellowhead Mainline Interconnect - Legislated Time Limit and Decision on Process - A9S6F6,2,2,2,347.5,672,721
4648545,C38283-2 Commission - Lettre émise à NGTL GP - Yellowhead Mainline Interconnect - Délai prescrit par la loi et décision quant au processus - A9S6F7,2,2,2,402.0,778,829
4648546,Receipt - Accusé de réception - A9S6F8,2,2,2,150.0,300,301
4648547,C38290-2 Commission – Lettre à Hydro Québec – Demande de modification du permis EP-305 et prorogation du délai fixé pour le dépôt des dessins d’ouvrage terminé (condition 19) - A9S6J1,2,2,2,207.5,413,439
4648548,C38290-3 Commission – Order AO-001-EP-305 to Hydro Québec – Application to vary Permit EP-305 and extension of timing requirement for submission of the as-built drawings (Condition 19) - A9S6J4,2,2,2,179.0,355,355
4648549,C38290-4 Commission – Ordonnance AO-001-EP-305 à Hydro Québec – Demande de modification du permis EP-305 et prorogation du délai fixé pour le dépôt des dessins d’ouvrage terminé (condition 19) - A9S6J3,2,2,2,199.5,396,397
4648590,C38138-1 Letter to Alberta Transportation and Economic Corridors - Application - A9S4A0,1,1,1,241.0,242,269
4648592,C38140-1 CER Notification - Keyera Financial Resources Plan - A9S4A6,2,2,2,158.5,301,299
4648594,C38141-1 Drag Reducing Agent (DRA) Project - A9S4A8,9,9,9,274.6666666666667,3227,2971
4648596,C38142-1 IR Response 2026-02-03 193044 - A9S4D4,2,2,2,194.5,390,389
4648597,C38142-2 Blackline of Sept 26 2025 Amended and Restated IESPL Parental Guarantee - A9S4D5,10,10,9,233.66666666666666,1383,1440
4648598,C38142-3 Inuvialuit Energy Security Project - Parental Guarantee Update - Information Request No. 1 - A9S4D6,2,2,2,308.5,617,623
4648599,Filing Receipt 2026-02-03 193051 - A9S4D7,2,2,2,266.5,508,533
4648601,C38144-1 2026-01-15 IESPL to CER Bi-weekly Project Update January 01 to 15 2026 - A9S4E0,5,5,5,105.33333333333333,415,480
4648602,Filing Receipt 2026-02-03 203800 - A9S4E1,2,2,2,246.5,468,492
4648603,OM2026-019 - Filing Receipt 2026-02-04 143942 - A9S4F3,2,2,2,221.0,417,441
4648604,C38152-2 Commission - Lettre – Enbridge - Remplacement de la canalisation 3 d’Enbridge - MO-008-2016 - Condition 11 - Plan final de désaffectation – Demande visant à obtenir l’autorisation de retirer une vanne - A9S4F7,2,2,2,326.5,584,682
4648606,C38154-1 Application for Short-Term NGL Export Orders - EN - A9S4G2,2,2,2,202.0,396,401
4648608,C38154-3 Demande d’ordonnance d’exportation à court terme de LGN - FR - A9S4G4,2,2,2,242.0,473,478
4648612,C38155-1 Revocation Letter - A9S4G7,1,1,1,0.0,128,116
4648618,C38161-1 OM2026-023 - Notification of Operation and Maintenance Activities - Notification des activités d'exploitation et d'entretien - 2026-02-05 1357 - A9S4I2,4,4,4,300.6666666666667,1101,1101
4648619,OM2026-023 - Filing Receipt 2026-02-05 135709 - A9S4I3,2,2,2,198.0,371,395
4648620,C38162-1 OM2026-024 - Notification of Operation and Maintenance Activities - Notification des activités d'exploitation et d'entretien - 2026-02-05 1357 - A9S4I4,4,4,4,297.0,1085,1085
4648621,C38169-2 Commission – Lettre - Demande conjointe présentée par Plains Midstream Canada ULC et Plains Canada Liquid Pipelines ULC - Transfert de propriété des réseaux pipeliniers Wascana et Bodo - A9S4J9,2,2,2,242.0,481,508
4648622,C38169-3 Commission - Order AO-005-XO-2-85 - Plains Midstream Canada ULC and Plains Canada Liquid Pipelines ULC - Joint application to transfer ownership of the Wascana Pipeline System and the Bodo Pipeline System - A9S4K2,2,2,2,200.0,397,397
4648623,C38169-4 Commission - Ordonnance AO-005-XO-2-85 - Demande conjointe présentée par Plains Midstream Canada ULC et Plains Canada Liquid Pipelines ULC - Transfert de propriété des réseaux pipeliniers Wascana et Bodo - A9S4K1,2,2,2,211.5,420,421
4648624,C38169-5 Commission - Commission - Commission - Order AO-003-XO-P077-17-2003 - Plains Midstream Canada ULC and Plains Canada Liquid Pipelines ULC - Application to transfer ownership of the Wascana Pipeline System & the Bodo Pipeline System - A9S4K4,2,2,2,192.0,381,382
4648625,C38169-9 Commission - Commission - Order AO-003-MO-52-76 - Plains Midstream Canada ULC and Plains Canada Liquid Pipelines ULC - Joint application to transfer ownership of the Wascana Pipeline System and the Bodo Pipeline System - A9S4K7,2,2,2,175.5,348,348
4648626,C38169-10 Commission -Commission - Ordonnance AO-003-MO-52-76 - Demande conjointe présentée par Plains Midstream Canada ULC et Plains Canada Liquid Pipelines ULC - Transfert de propriété des réseaux pipeliniers Wascana et Bodo - A9S4L0,2,2,2,194.0,384,389
4648628,C38172-2 Commission - Lettre - ordonnance MO-008-2026 - Many Islands Pipe Lines (Canada) Limited - Demande visant la désactivation du tronçon North Portal/Portal du pipeline Steelman-North Portal - A9S4L6,2,2,2,422.0,775,867
4648629,"C38172-3 Commission - Order MO-008-2026 - Many Islands Pipe Lines (Canada) Limited - Application for Deactivation of the Steelman – North Portal Pipeline, North Portal/Portal Segment - A9S4L9",3,3,3,218.0,647,647
4648630,C38172-4 Commission – ordonnance MO-008-2026 - Many Islands Pipe Lines (Canada) Limited - Demande visant la désactivation du tronçon North Portal/Portal du pipeline Steelman-North Portal - A9S4L8,3,3,3,241.0,716,716
4648632,C38174-5 OM2026-025 - Notification of Operation and Maintenance Activities - Notification des activités d'exploitation et d'entretien - 2026-02-06 1212 - A9S4Q9,4,4,4,292.3333333333333,1051,1051
4648633,OM2026-025 - Filing Receipt 2026-02-06 121202 - A9S4R0,2,2,2,198.5,374,396
4648635,"C38182-1 Commission – Order EPR-110-2026 - Corey Oil Company, L.L.C. - Exportation of Propane - A9S4T2",1,1,1,260.0,261,263
4648636,"C38182-2 Commission - Ordonnance EPR-110-2026 - Corey Oil Company, L.L.C. - Exportation de propane - A9S4T1",1,1,1,290.0,291,291
4648638,C38184-2 2026-02-06 Trans-Northern File 3433568 ACE Funding IR 1 Response - A9S4T7,27,27,27,199.0,8389,8665
4648641,C38191-4 04 Attachment 3 - Substation NGR Data Sheet - A9S4V8,3,3,3,252.0,589,707
4648642,C38191-5 05 Attachment 4a - Substation HV Circuit Breaker - A9S4V9,7,7,7,282.3333333333333,1667,2755
4648643,C38191-6 06 Attachment 4b - Substation MV SWGR and MCC - A9S4W0,5,5,5,264.0,1140,1349
4648644,C38191-7 07 Attachment 5 - Substation Protection and Control Philosophy - A9S4W1,40,40,40,203.66666666666666,10976,10898
4648645,C38191-8 08 Attachment 6 - Compressor Station SLDs - A9S4W2,15,15,15,35.0,5791,6557
4648646,C38191-9 09 Attachment 7 - Compressor Station Power Study - A9S4W3,183,183,183,509.6666666666667,66533,58596
4648648,C38194-1 2026.02.09 Cover Letter Johnson Road HDD Forest Slope HDD Update - A9S4X4,1,1,1,263.0,250,250
4648649,C38194-2 Johnson Road HDD IFC Designs November 19 2025 - A9S4X5,3,3,3,912.3333333333334,2032,1567
4648650,C38194-3 Forest Slope HDD IFC Designs September 16 2025 - A9S4X6,5,5,5,750.6666666666666,2777,1780
4648651,Filing Receipt 2026-02-09 161703 - A9S4X7,2,2,2,269.5,514,539
4648653,C38195-1 Lettre de PTNI - Demande de report de la date de dépôt des commentaires de PTNI - A9S4X8,2,2,2,279.5,591,591
4648655,C38201-1 Commission - Letter - Pouce Coupé Pipe Line Ltd. - Application for the Taylor to Gordondale Pipeline Project - OH-001-2024 - A9S4Z4,1,1,1,233.0,257,259
4648656,C38201-2 Commission - Lettre - Pouce Coupé Pipe Line Ltd. - Demande concernant le projet de pipeline de Taylor à Gordondale - OH-001-2024 - A9S4Z3,1,1,1,253.0,254,279
4648657,C38201-3 Commission - Certificate OC-068 - Pouce Coupé Pipe Line Ltd. - Application for the Taylor to Gordondale Pipeline Project - OH-001-2024 - A9S4Z6,29,29,29,284.6666666666667,10188,10699
4648658,C38201-4 Commission - Certifcat OC-068 - Pouce Coupé Pipe Line Ltd. - Demande concernant le projet de pipeline de Taylor à Gordondale - OH-001-2024 - A9S4Z5,34,34,34,318.6666666666667,12760,12026
4648660,C38205-1 Letter - A9S5A8,9,9,9,210.0,3670,3687
4648664,C38213-1 2025-02-11 Order MO-002-2026 Condition 4 - A9S5E0,3,3,3,317.0,912,897
4648665,Filing Receipt 2026-02-11 140132 - A9S5E1,2,2,2,248.5,472,497
4648667,C38216-1 Commission - Letter - Alliance - Application for the sale and purchase of the BC01 Highway Meter Skid - A9S5E7,2,2,2,410.0,755,846
4648668,C38216-2 Commission - Lettre - Alliance - Confirmation du transfert de la plateforme de comptage BC01 Highway - A9S5E6,3,3,3,307.0,847,941
4648669,C38216-3 Commission - Order MO-007-2026 - Alliance - Application for the sale and purchase of the BC01 Highway Meter Skid - A9S5E9,2,2,2,275.0,546,537
4648670,C38216-4 Commission - Ordonnance MO-007-2026 - Alliance - Confirmation du transfert de la plateforme de comptage BC01 Highway - A9S5E8,2,2,2,303.5,603,605
4648672,C38226-1 CER - Letter - Trans Québec & Maritimes Pipeline Inc. - BEL Optimization Project - Receipt of Project Notification - A9S5H4,2,2,2,338.5,619,703
4648673,C38226-2 REC - Lettre - Gazoduc Trans Québec & Maritimes Inc. - Projet d’optimisation BEL - Accusé de réception de l’avis de projet - A9S5H3,2,2,2,384.5,711,793
4648676,C38227-5 Attach 10 - Engineering Matters Summary - A9S5I0,3,3,3,219.33333333333334,601,601
4648677,C38227-7 Attach 12 - Environmental Obligations - A9S5I2,4,4,4,236.33333333333334,1035,1053
4648678,C38227-8 Attach 13 - Interactions Table - A9S5I3,63,63,63,216.0,29676,30340
4648679,"C38231-1 EOG Ohio, LLC - Name Change 2026 - A9S5K8",8,8,8,391.3333333333333,1939,1932
4648682,C38252-1 Application for the Short-Term Heavy Crude Only Export Order - EN - A9S5U1,2,2,2,166.0,324,329
4648684,C38252-3 Demande d’ordonnance d’exportation à court terme de pétrole brut lourd uniquement - FR - A9S5U3,2,2,2,204.5,398,403
4648687,OM2026-032 - Filing Receipt 2026-02-17 133032 - A9S5W2,2,2,2,198.0,371,395
4648688,C38260-2 2025 Information Package - South Bow DRA Allocation Methodology - A9S5W8,10,10,10,185.33333333333334,2186,2495
4648690,C38191-3 03 Attachment 2 - Substation Short Circuit Protection Coordination and Arc Flash Report - A9S4V7,74,74,74,68.0,18560,8111
4648695,"C38197-1 Commission - Letter Decision - Hawkeye Energy LLC and United Energy Trading, LLC - Complaint and application regarding the New Capacity Open Season for new firm transportation service by TransCanada PipeLines Limited on its Canad - A9S4Y3",14,14,14,285.3333333333333,5742,6886
4648696,"C38197-2 Commission - Lettre de décision - Hawkeye Energy LLC et United Energy Trading, LLC - Plainte et demande relatives à l’appel de soumissions visant une nouvelle capacité pour le nouveau service de transport garanti sur le réseau pr - A9S4Y2",15,15,15,410.6666666666667,7003,8389
4648699,"C38199-1 Commission - Letter - TNPI -Application for Approval of 2026 Tolls, Revised Incentive Toll Settlement, and Ottawa Firm Toll Settlement Agreements - Revised comment process - A9S4Y8",2,2,2,253.0,505,531
4648702,C38207-1 Letter of Comment - A9S5C2,2,2,2,289.5,576,578
4648705,C38227-14 Attach 08 - Pipeline Detailed Map Survey Plan and Access Map - A9S5I9,3,3,3,786.0,1465,50
4648706,C38227-15 Attach 09 - Aerial Overview Maps - A9S5J0,2,2,2,70.0,17,25
4648708,C38229-1 Condition 12 Filing b - A9S5K4,1,1,1,207.0,194,194
4648709,Filing Receipt 2026-02-12 141256 - A9S5K5,2,2,2,252.5,480,508
4648711,C38233-1 Condition 36 Filing b - A9S5L2,1,1,1,227.0,214,214
4648712,Filing Receipt 2026-02-12 142349 - A9S5L3,2,2,2,253.5,482,511
4648713,C38234-2 Commission - Lettre émise à Enbridge - Line 4 and 67 Optimization Project - Délai prescrit par la loi et décision quant au processus - A9S5L5,2,2,2,247.0,401,521
4648714,Receipt - Accusé de réception - A9S5L6,2,2,2,145.5,291,291
4648716,C38235-1 OM2026-030 - Figure 1 - A9S5Q0,1,1,1,0.0,25,61
4648717,C38235-2 OM2026-030 - Notification of Operation and Maintenance Activities - Notification des activités d'exploitation et d'entretien - 2026-02-12 1500 - A9S5Q1,4,4,4,225.0,854,854
4648718,OM2026-030 - Filing Receipt 2026-02-12 150033 - A9S5Q2,2,2,2,191.5,358,382
4648719,C38247-1 Dimsdale Interconnect Meter Station - Project Update Temporary Workspace - A9S5S8,3,3,3,777.6666666666666,1454,347
4648722,C38248-1 Grande Prairie Mainline Loop No. 3 (Colt Section) - Confirmation of Service of the Notice of Application - A9S5T0,2,2,2,160.5,304,305
4648725,C38249-1 Q4 2025 Dock Bids - A9S5T2,2,2,2,88.0,176,151
4648728,C38253-2 Commission - Lettre - Westcoast Energy GP Inc. – Programme Aspen Point - Autorisation de mise en service de la station de compression 1B (CS-1B) - A9S5U6,1,1,1,150.0,150,174
4648732,C38255-1 Eastern Alberta System Mainline Control Valve and Crossover - Condition 4 Construction Schedule - A9S5V6,2,2,2,126.5,243,238
4648733,C38260-3 Appendix A Index of Attachments - 2025 Information Package - South Bow DRA Allocation Methodology - A9S5W9,3,3,3,493.3333333333333,1396,1639
4648734,C38260-4 Appendix B Technical Appendix - 2025 Information Package - South Bow DRA Allocation Methodology - A9S5X0,8,8,8,188.66666666666666,1338,1738
4648735,C38260-5 Appendix C - LCG Presentation 02.09.2026 - 2025 Information Package - South Bow DRA Allocation Methodology - A9S5X1,12,12,12,95.66666666666667,887,811
4648736,C38260-7 Placeholder - Attachments 1-11 - 2025 Information Package - A9S5X3,1,1,1,20.0,6,6
4648739,C38263-1 Letter to CER re Comment Process regarding scope of Application for Compensation Hearing - A9S5Y4,3,3,3,337.0,966,993
4648742,C38264-1 Réponse à la DR 2026-02-18 063517 - A9S5Y6,2,2,2,199.0,397,392
4648743,C38264-2 OM2026-022 - Réponses DDR 1 OM2026-022 - A9S5Y7,3,3,3,157.66666666666666,425,427
4648744,C38264-3 OM2026-022 - Accusé de réception 2026-02-18 063523 - A9S5Y8,2,2,2,217.0,409,433
4648745,C38265-1 Application for Short-Term Natural Gas Export Orders - EN - A9S5Y9,3,3,3,131.66666666666666,380,386
4648747,C38265-3 Demande d’ordonnance d’exportation de gaz naturel à court terme - FR - A9S5Z1,3,3,3,160.0,468,465
4648751,C38269-1 OM2026-035 - Notification of Operation and Maintenance Activities - Notification des activités d'exploitation et d'entretien - 2026-02-18 1436 - A9S6A2,5,5,5,256.0,1253,1251
4648752,OM2026-035 - Filing Receipt 2026-02-18 143646 - A9S6A3,2,2,2,186.0,349,371
4648753,C38270-1 Campus Energy Partners Operations Inc. Revised Financial Resources Plan IR 3 - redacted - A9S6A4,2,2,2,0.0,535,614
4648755,C38273-1 Order ROE-153-2026 to Leafcom Corporation - Export Heavy Crude Oil only - A9S6C2,1,1,1,318.0,319,320
4648757,C38281-1 Commission – Letter – NorthPoint Energy Solutions Inc.- Authorization to export electricity - A9S6E7,2,2,2,295.5,576,616
4648758,C38281-2 Commission – Lettre – NorthPoint Energy Solutions Inc.- Autorisation d’exporter de l’électricité - A9S6E6,2,2,2,345.5,701,715
4648759,C38281-3 Commission – Permit EPE-525 – NorthPoint Energy Solutions Inc.- Authorization to export electricity - A9S6E9,2,2,2,335.0,667,668
4648760,C38281-4 Commission – permis EPE-525 – NorthPoint Energy Solutions Inc.- Autorisation d’exporter de l’électricité - A9S6E8,2,2,2,363.5,724,726
4648763,C38284-1 Lettre de PTNI -Langue officielle et interprétation simultanée - A9S6G0,2,2,2,142.0,316,312
4650661,"C38419-2 OM2026-035 IR Response due March 03, 2026 - A9S9R4",3,3,3,322.0,947,940
4650771,C38269-2 OM2026-035 Supporting Documentation - A9S6F4,60,60,60,319.6666666666667,18578,19986
4651108,C38300-2 OM2026-037 - Supportive Documentation 1 - A9S7A2,1,1,1,842.0,136,16
4651109,C38300-3 OM2026-037 - Supportive Documentation 2 - A9S7A3,17,17,17,305.6666666666667,3570,3604
4651431,C38268-1 Commission - Letter to Whitecap Resources Inc. – Letter of Credit Amendment - A9S6A0,2,2,2,167.5,323,361
4651432,C38268-2 Commission - Lettre - Whitecap Resources Inc. - Lettre de crédit modifiée - A9S5Z9,2,2,2,186.0,342,400
4651435,C38276-1 Whiskey Jack Lake Ethane Extraction Plant Tie-in - Condition 5 Technical Specification Update - A9S6C8,4,4,4,281.6666666666667,1089,2625
4651436,Filing Receipt 2026-02-19 085910 - A9S6C9,2,2,2,243.5,462,486
4651437,C38277-1 26-02-18 Condition 4 Volume Filing - A9S6D0,2,2,2,0.0,406,393
4651441,C38280-1 Letter to CER - Shell response to comments from Imperial and Suncor - A9S6E3,5,5,5,322.0,1646,2046
4651456,Filing Receipt 2026-02-20 125722 - A9S6K6,2,2,2,257.5,490,515
4651535,C38289-1 2026-02-20 DFO Avoid and Mitigate Letter - A9S6I9,4,4,4,263.3333333333333,1249,1233
4651538,C38292-1 Manitoba Métis Federation Cover Letter for Written Evidence Submission for Saskatchewan Power Corporation - Southwest Power Pool - A9S6J9,2,2,2,167.0,357,357
4651635,C38293-1 2026-02-20 IESPL to CER Bi-weekly Project Update February 1 to 15 2026 - A9S6K5,4,4,4,139.0,505,579
4651636,C38299-1 Letter to CER re Fourth Quarter Reporting 2025 - A9S6Q2,1,1,1,252.0,219,218
4651734,C38300-1 OM2026-037 - Notification of Operation and Maintenance Activities - Notification des activités d'exploitation et d'entretien - 2026-02-20 1634 - A9S6Q7,5,5,5,291.6666666666667,1369,1367
4651735,OM2026-037 - Filing Receipt 2026-02-20 163453 - A9S6Q8,2,2,2,186.0,349,371
4652166,C38301-1 REM2026-010 - Supplemental Information - Complément d’information - 2026-02-21 0008 - A9S6R1,2,2,2,241.0,482,479
4652167,REM2026-010 - Filing Receipt 2026-02-21 000850 - A9S6R2,2,2,2,179.0,335,357
4652170,C38307-1 OM2026-039 - Attachment 1 - Water Body Table - A9S6S3,1,1,1,232.0,194,238
4652171,C38307-2 OM2026-039 - Notification of Operation and Maintenance Activities - Notification des activités d'exploitation et d'entretien - 2026-02-23 0935 - A9S6S4,4,4,4,299.6666666666667,1098,1098
4652172,OM2026-039 - Filing Receipt 2026-02-23 093506 - A9S6S5,2,2,2,193.5,362,386
4652174,C38312-1 CER2501 - A9S6T8,2,2,2,192.0,337,621
4652176,C38322-1 TCPL - Notification for the Decommissioning of Compressor Station 34 - A9S6W2,2,2,2,238.0,439,472
4652179,C38325-1 2026-02-24 - IOR to CER - Island 5 Facility Deactivation Cover - A9S6W9,3,3,3,123.33333333333333,272,305
4652181,"C38337-1 Commission – Order AO-001-GO-019-2025 – EAP Ohio, LLC – Application to vary Order to reflect company name change - A9S7E0",1,1,1,223.0,224,223
4652182,"C38337-2 Commission – Ordonnance AO-001-GO-019-2025 – EAP Ohio, LLC – Demande de modifier l’ordonnance – changement de dénomination sociale - A9S7D9",1,1,1,235.0,236,235
4652185,"C38344-1 Commission - Letter - NGTL GP Ltd., as general partner on behalf of NGTL Limited Partnership - Kainai Interconnect Project - Legislated Time Limit and Decision on Process - A9S7G7",2,2,2,282.0,484,591
4652186,"C38344-2 Commission - Lettre - NGTL GP Ltd., à titre de commandité, au nom de NGTL Limited Partnership - Projet d’interconnexion Kainai - Délai prescrit par la loi et décision quant au processus - A9S7G8",2,2,2,307.5,522,639
4652187,Receipt - Accusé de réception - A9S7G9,2,2,2,159.0,320,319
4652188,C38345-1 Westspur Gathering Tolls Efile Cover Letter Feb 26 2026 - A9S7H0,1,1,1,138.0,140,139
4652189,C38345-2 Gathering Tolls CER Tariff 134 cancelling 130 April 2026 - A9S7H1,2,2,2,147.0,281,284
4652190,C38345-3 Westspur Tolls (133) Efile Cover Letter Feb 26 2026 - A9S7H2,1,1,1,160.0,162,161
4652191,C38345-4 Westspur Tolls Tariff No. 133 cancels 127 April 2026 - A9S7H3,3,3,3,209.0,609,680
4652194,C38348-1 2017 NGTL System Expansion Project - Cond. 33 CHRMR Report Group 1 Offsets - A9S7H9,132,132,132,232.66666666666666,31146,25012
4652195,C38348-2 2017 NGTL System Expansion Project - Cond. 33 CHRMR Report Group 2 Offsets - A9S7I0,114,114,114,234.66666666666666,27135,23770
4652197,C38349-1 C143 ILI Report UTWM - Hope to Mtn 3 North and Mtn 3 South to Burnaby Segments 7 9 - 2026-02-26 - A9S7I2,10,10,10,233.0,2451,2665
4652198,Filing Receipt 2026-02-26 131432 - A9S7I3,2,2,2,257.5,490,515
4652200,C38350-1 Peace River Mainline Abandonment - Cond. 14d Year 3 CHRMR Report - A9S7I4,106,106,106,235.0,24360,22651
4652201,C38351-1 South Bow GP (Canada) Ltd. - Application for Approval to treat Temporary Maintenance Welding Repairs as Permanent Installations on the Keystone Mainline - A9S7I7,2,2,2,343.5,685,714
4652202,C38351-2 South Bow GP (Canada) Ltd. - Demande visant à obtenir l’autorisation de traiter les soudures d’entretien temporaires sur la canalisation principale Keystone comme des installations permanentes - A9S7I6,2,2,2,418.5,831,860
4652204,C38354-2 Aurora CER RR No. 26 - A9S7J5,27,27,27,386.0,12224,12237
4652207,C38357-1 Application for Natural Gas In-Transit Order - EN - A9S7K3,3,3,3,190.33333333333334,553,561
4652209,C38363-1 2025 Line 9 Throughput Report Transmittal Letter - A9S7L9,2,2,2,261.0,482,517
4652210,C38363-2 2025 Line 9 Throughput Schedule - A9S7Q0,1,1,1,61.0,61,62
4652214,C38372-1 2026 PMC - EDS-S CER No. 219 Cover Letter - A9S7S9,1,1,1,220.0,207,206
4652215,C38372-2 PMC ULC EDS South CER No. 219 - A9S7T0,3,3,3,294.3333333333333,858,965
4652217,C38377-1 Commission - Letter - Westcoast - BC Pipeline System - Order AO-002-XG-017-2024 - Erratum for Administrative Error in Order - A9S7U5,1,1,1,105.0,135,131
4652218,C38377-2 Commission - Lettre - Westcoast - réseau pipelinier BC - Ordonnance AO-002-XG-017-2024 - Correction d’une erreur administrative dans l’ordonnance - A9S7U4,1,1,1,99.0,129,124
4652219,C38377-3 Commission - Erratum - Westcoast - BC Pipeline System - Order AO-002-XG-017-2024 - Erratum for Administrative Error in Order - A9S7U7,1,1,1,51.0,52,51
4652220,C38377-4 Commission - Erratum - Westcoast - réseau pipelinier BC - Ordonnance AO-002-XG-017-2024 - Correction d’une erreur administrative dans l’ordonnance - A9S7U6,1,1,1,58.0,58,60
4652222,C38379-1 2026 - PMC - WSP CER No. 218 Cover Letter - A9S7V2,1,1,1,221.0,207,207
4652223,C38379-2 WSP-CER No 218 Incentive Tariff - A9S7V3,8,8,8,312.3333333333333,2123,2224
4652224,C38385-12 Attachment 5.0 - Engineering - A9S7Y3,2,2,2,335.5,570,651
4652225,C38385-13 Attachment 6.0 - Environmental Assessment Summary - A9S7Y4,1,1,1,418.0,356,404
4652226,C38385-14 Attachment 6.1 - Environmental Obligations Summary - A9S7Y5,2,2,2,317.0,609,650
4652227,C38385-15 Attachment 7.0 - Security - A9S7Y6,1,1,1,71.0,59,60
4652228,C38385-16 Attachment 8.0 - Emergency Management - A9S7Y7,1,1,1,49.0,36,37
4652230,C38399-2 Application for Short-Term Natural Gas Export Orders - EN - A9S8E6,3,3,3,129.0,372,377
4652231,C38399-3 Demande d’ordonnance d’exportation de gaz naturel à court terme - FR - A9S8E8,3,3,3,157.66666666666666,461,457
4652235,C38403-2 Lettre à Nitor Energy Inc. - Demande datée du 31 octobre 2025 sollicitant l’autorisation d’exporter de l’électricité aux termes de l’article 356 de la Loi sur la Régie canadienne de l’énergie - A9S8G1,2,2,2,228.0,454,479
4652236,C38403-4 Permis EPE-526 à Nitor Energy Inc. - Exportation de l'électricité - A9S8G3,2,2,2,391.5,780,782
4652240,C38407-1 REM2026-011 - Supplemental Information - Complément d’information - 2026-03-03 0009 - A9S8H4,2,2,2,256.0,512,509
4652241,REM2026-011 - Filing Receipt 2026-03-03 000948 - A9S8H5,2,2,2,178.5,334,356
4652242,C38408-1 2025 Decommissioning Exemption Order Filing Letter Virden - A9S8H6,1,1,1,0.0,144,144
4652245,C38411-1 2025 Section 214 Streamlining Order Letter Westspur - A9S8I2,1,1,1,0.0,139,133
4652247,C38419-1 IR Response 2026-03-03 181704 - A9S8L1,2,2,2,244.5,488,487
4652248,OM2026-035 - Filing Receipt 2026-03-03 181706 - A9S8L2,2,2,2,219.0,415,437
4652250,C38421-1 Commission – Order GO-017-2026 – Sanabridge Corp. – Exportation of gas - A9S8L9,1,1,1,261.0,262,263
4652251,C38421-2 Commission – Ordonnance GO-017-2026 à Sanabridge Corp. – Exportation de gaz - A9S8L8,1,1,1,293.0,294,293
4652269,C38449-1 OM2026-045 - 2503373 - Project Map - A9S8Z7,3,3,3,570.0,331,1733
4652270,C38449-2 OM2026-045 - Notification of Operation and Maintenance Activities - Notification des activités d'exploitation et d'entretien - 2026-03-05 1204 - A9S8Z8,4,4,4,177.66666666666666,705,705
4652272,C38461-4 OM2026-022 - Notification of Operation and Maintenance Activities - Notification des activités d'exploitation et d'entretien - 2026-03-06 1000 - A9S9E5,5,5,5,219.33333333333334,1270,1269
4652273,C38461-5 OM2026-022 - Accusé de réception 2026-03-06 100019 - A9S9E6,2,2,2,191.0,357,381
4652274,C38468-1 Order – RO-ROE-091-2026 to Strathcona Resources Ltd. – Revocation of gas order - A9S9G6,1,1,1,218.0,219,218
4652276,C38306-1 2021 NGTL System Expansion - Condition 16 and 14 Commitments Tracking Table No. 52 - A9S6S1,39,39,39,267.3333333333333,17928,17625
4652277,Filing Receipt 2026-02-23 090305 - A9S6S2,2,2,2,243.0,461,486
4652279,C38310-1 Letter for Change of Contact Information - A9S6T2,1,1,1,199.0,136,136
4652282,C38314-1 Leming Lake Sales Lateral Loop (Field Lake Section - Application for Leave to Open (Tab A and B) - A9S6U2,23,23,23,225.66666666666666,5603,3748
4652283,C38314-2 Tab C1 - A9S6U3,32,32,32,36.333333333333336,7671,9833
4652285,C38315-1 Leming Lake Sales Lateral Loop Field Lake Section - Condition 10 Technical Specification Update - A9S6U7,3,3,3,289.3333333333333,824,1957
4652286,Filing Receipt 2026-02-23 143047 - A9S6U8,2,2,2,254.0,483,508
4652287,C38327-1 Statement of Concern - A9S6X6,8,8,8,290.6666666666667,1953,2075
4652289,C38328-10 Rockcliffe - Land Matters Filing Requirement - A9S6Y7,2,2,2,321.0,609,634
4652290,C38328-11 Rockcliffe - Engagement Filing Requirement - A9S6Y8,4,4,4,403.0,1678,1676
4652291,C38328-12 Enbridge Inc. Indigenous Peoples Policy - A9S6Y9,3,3,3,261.3333333333333,620,769
4652292,C38328-13 Enbridge Inc. Sustainability Policy - A9S6Z0,5,5,5,315.0,2039,2041
4652293,C38328-14 Rockcliffe - Indigenous Matters Filing Requirement - A9S6Z1,1,1,1,14.0,14,14
4652294,C38328-15 Rockcliffe - Global Map - A9S6Z2,1,1,1,0.0,57,30
4652295,C38328-16 Rockcliffe - Regional Map - A9S6Z3,1,1,1,0.0,51,20
4652296,C38328-17 Rockcliffe - Detailed Map - A9S6Z4,1,1,1,0.0,222,313
4652297,C38328-18 Rockcliffe - Economics Filing Requirement - A9S6Z5,1,1,1,191.0,191,191
4652298,C38328-19 Rockcliffe - Manuals Filing Requirement - A9S6Z6,1,1,1,70.0,67,67
4652301,C38330-1 Stkemlupsemc te Secwepemc Nation Statement of Concern TMPL ULC DRA Project 012426 Combined Final - A9S7A0,11,11,11,287.3333333333333,3783,3922
4652304,C38340-1 Application for Short-Term Light and Heavy Crude and Refined Products Export Orders - EN - A9S7E7,2,2,2,199.5,397,396
4652307,C38341-1 Commission - Letter to TNPI – Information Request No. 2 - Review of TNPI Abandonment Funding - A9S7F3,2,2,2,179.5,357,383
4652308,C38341-2 Commission – Lettre à PTNI -Demande de renseignement no 2 - Examen du financement de la cessation d’exploitation - A9S7F2,2,2,2,209.0,446,449
4652309,C38341-3 Commission – Information Request No. 2 to TNPI - Review of TNPI Abandonment Funding - A9S7F5,7,7,7,211.66666666666666,2176,2217
4652310,C38341-4 Commission – Demande de renseignement no 2 à PTNI - Examen du financement de la cessation d’exploitation - A9S7F4,7,7,7,325.0,2611,2685
4652311,C38341-5 Commission – Attachment 1 – Informational ACE Calculations for West Line Segments - A9S7F7,11,11,11,801.3333333333334,7030,8592
4652312,C38341-6 Commission 1 – Pièce jointe - Montants des CECE des tronçons de la canalisation Ouest fournis à titre informatif - A9S7F6,11,11,11,644.0,7783,8495
4652314,C38353-1 OM2026-042 - Engineering Drawings - Depth of Cover Activity - A9S7J1,1,1,1,758.0,320,0
4652316,C38354-1 Aurora Pipeline Company – PCLP – CER RR Cover Letter – 2026 - A9S7J4,1,1,1,194.0,181,182
4652318,C38358-1 Plains Canada Liquid Pipelines - CER Tariff Cover Letter Tariff - 2026 - A9S7K8,1,1,1,207.0,194,194
4652319,C38358-2 PCLP - Bodo CER No. 2 - A9S7K9,1,1,1,408.0,396,436
4652321,C38360-1 2026-02-26 Letter to CER regarding SaskPower Information Requests to Intervenors - A9S7L3,1,1,1,176.0,190,190
4652323,C38364-1 2025 Line 9 Annual Report Transmittal Letter - A9S7Q3,1,1,1,271.0,241,241
4652324,C38364-2 2025 Line 9 Financial Report Item 5(a) - Income Statement - A9S7Q4,1,1,1,104.0,104,95
4652325,C38364-3 2025 Line 9 Financial Report Item 5(b) - Rate Base - A9S7Q5,1,1,1,49.0,50,41
4652326,C38364-4 2025 Line 9 Financial Report Item 5(c) - Intercorporate Transactions - A9S7Q6,1,1,1,115.0,115,76
4652329,C38365-1 2025 FR Plan Annual Report - A9S7Q9,3,3,3,211.66666666666666,361,627
4652330,C38365-2 FR Plan Table 1 - A9S7R0,1,1,1,45.0,71,57
4652333,C38371-1 PMC- EDS-N CER No. 214 - A9S7S6,4,4,4,424.6666666666667,1453,1497
4652334,C38371-2 2026 - PMC - EDS-N CER No. 214 Cover Letter - A9S7S7,1,1,1,219.0,206,206
4652337,C38374-1 2025 Q4 Cochin QSR Cover Letter - A9S7T4,1,1,1,146.0,146,148
4652338,C38374-2 2025 Q4 Cochin CER Surveillance Report - A9S7T5,7,7,7,295.6666666666667,1682,1844
4652339,C38374-3 2025 Q4 Cochin CER Traffic Data Report - A9S7T6,3,3,3,248.66666666666666,728,724
4652343,C38380-1 Trans-Northern Response to Shell Opposition - A9S7V5,9,9,9,304.6666666666667,3072,3333
4652347,C38387-1 Q4 2025 South Bow Surveillance Report - A9S8A0,10,10,10,144.33333333333334,831,899
4652351,C38398-1 Grande Prairie Mainline Loop No. 3 - Colt Section - Errata to s.214 Application - A9S8E3,1,1,1,165.0,160,157
4652355,C38410-1 2025 Section 214 Streamlining Order Letter Virden - A9S8I0,1,1,1,0.0,141,141
4652357,C38413-2 Commission - Ordonnance ROE-155-2026 - Sanabridge Corp. - exporter des produits pétroliers raffinés - A9S8I6,1,1,1,344.0,345,344
4652360,C38414-3 Demande d’ordonnance d’exportation de gaz naturel à court terme - FR - A9S8J1,3,3,3,170.66666666666666,500,497
4652364,C38417-1 IR Response 2026-03-03 150847 - A9S8K2,1,1,1,214.0,215,214
4652365,C38417-2 Letter to CER - Westcoast Response to CER IR No. 2 dated January 27 2026 Re Spruce Ridge XG-W102-032-2018 - A9S8K3,1,1,1,115.0,117,118
4652366,C38417-3 Westcoast Response to CER IR No. 2 dated January 27 2026 Re Spruce Ridge XG-W102-032-2018 - A9S8K4,10,10,10,364.6666666666667,3147,3150
4652367,C38417-4 Attachment 1 to Westcoast Response to CER IR No. 2.4a - A9S8K5,36,36,36,527.3333333333334,18776,18644
4652368,C38417-5 CER IR 2 to Westcoast - Condition 20 - A9S8K6,7,7,7,228.0,2015,2044
4652369,Filing Receipt 2026-03-03 150852 - A9S8K7,2,2,2,284.5,544,568
4652370,C38420-1 Application for Short-Term Natural Gas Export Orders - EN - A9S8L3,3,3,3,139.66666666666666,410,410
4652372,C38420-3 Demande d’ordonnance d’exportation de gaz naturel à court terme - FR - A9S8L5,3,3,3,168.0,492,490
4652376,C38422-1 Pipestone Creek Receipt Meter Station Expansion - Cond. 5 Technical Specification Update - A9S8Q1,7,7,7,166.0,1722,3898
4652377,Filing Receipt 2026-03-04 085153 - A9S8Q2,2,2,2,251.0,477,502
4652379,C38423-1 2026-03-04 Trans-Northern Abandonment Funding IR 2 - Extension Request - A9S8Q3,1,1,1,200.0,170,170
4652384,C38441-1 Commission - Letter - Enbridge Pipelines (NW) Inc. - Application for the deactivation and decommissioning of assets at the Crude Oil Injection Facility Project - A9S8X3,3,3,3,290.0,809,895
4652386,C38309-1 Letter to CER re Condition 28 of Order XO-E101-004-2016 - Air Emissions Monitoring Report - A9S6S9,1,1,1,127.0,102,101
4652387,C38309-2 Condition 28 of Order XO-E101-004-2016 - 2025 Air Emisions Monitoring Report - A9S6T0,54,54,54,38.666666666666664,16795,16100
4652389,C38314-4 Tab C3 - A9S6U5,86,86,86,42.333333333333336,26267,19515
4652393,Filing Receipt 2026-02-25 105025 - A9S7A8,2,2,2,273.0,521,546
4652394,C38336-1 00 2026 02 25 CER CPCN EC29 IRES 2 - A9S7D7,9,9,9,277.0,2415,2471
4652397,"C38338-1 Commission - Order GO-015-2026 - Stabilis GDS, Inc. - Exportation of Gas in the form of liquefied natural gas - A9S7E3",1,1,1,276.0,277,279
4652398,"C38338-2 Commission - Ordonnance GO-015-2026 - Stabilis GDS, Inc. - exportation de gaz sous la forme de gaz naturel liquéfié - A9S7E2",1,1,1,308.0,309,308
4652402,C38347-1 Demande d indemnisation de Sylvain Gougeon - Réponse de PTNI à la correspondance de la RCE - A9S7H7,3,3,3,248.33333333333334,775,768
4652404,Filing Receipt 2026-02-26 131210 - A9S7I1,2,2,2,256.0,487,511
4652406,C38352-1 North Montney Project - Cond. 38 CHRMR Report Year 3 - A9S7I9,70,70,70,204.66666666666666,16856,17198
4652407,Filing Receipt 2026-02-26 132745 - A9S7J0,2,2,2,232.0,441,463
4652408,C38355-2 Aurora CER No. 25 - A9S7J8,1,1,1,322.0,305,456
4652411,C38359-1 C143 ILI Report - UTWM Darfield to Black Pines - 2026-02-26 - A9S7L1,9,9,9,248.33333333333334,2564,2592
4652413,C38368-1 Q4 2025 Trans Northern Pipelines Inc Surveillance Cover letter - A9S7R8,1,1,1,113.0,82,83
4652414,C38368-2 Q4 25 Financial Surveillance Trans Northern Pipelines Inc - A9S7R9,7,7,7,108.0,763,762
4652416,C38369-1 Letter to CER - Confirmation of Issuance of Notice of Application - Rockcliffe Control Station Relocation Project - A9S7S1,2,2,2,146.5,291,290
4652419,"C38386-1 Commission - Letter - Westcoast Energy GP ULC - Aspen Point Program - Order XG-017-2024, as amended, Order GPLO-004-2025, Order GPLO-001-2026 - Request for amendment to reflect bi-directional flow - A9S7Z2",2,2,2,330.5,630,685
4652420,"C38386-2 Commission - Lettre - Westcoast Energy GP ULC - Programme Aspen Point - Ordonnance XG 017 2024, dans sa version modifiée, Ordonnance GPLO 004 2025, Ordonnance GPLO 001 2026 - Demande de modification pour rendre compte de l’écoule - A9S7Z1",3,3,3,250.33333333333334,720,773
4652421,"C38386-3 Commission - Order AO-003-XG-017-2024 - Westcoast Energy GP ULC - Aspen Point Program - Order XG-017-2024, as amended, Order GPLO-004-2025, Order GPLO-001-2026 - Request for amendment to reflect bi-directional flow - A9S7Z4",9,9,9,170.0,1356,1194
4652422,C38386-4 Commission - Ordonnance AO-003-XG-017-2024 - Westcoast Energy GP ULC - Programme Aspen Point - Demande de report de la date limite pour déposer l’avis confirmant la conclusion de la transaction - A9S7Z3,9,9,9,183.0,1549,1546
4652423,C38386-5 Commission - Order AO-001-GPLO-001-2026 - Westcoast Energy GP ULC - Aspen Point Program – Fort Saint John Mainline Loop - Request for amendment to reflect bi-directional flow - A9S7Z6,2,2,2,188.5,374,374
4652424,C38386-6 Commission - Ordonnance AO-001-GPLO-001-2026 - Westcoast Energy GP ULC - Programme Aspen Point - le doublement de la canalisation principale Fort St. John - Demande de modification pour rendre compte de l’écoulement bidirectionne - A9S7Z5,2,2,2,212.5,422,424
4652425,C38386-7 Commission - Order AO-001-GPLO-004-2025 - Westcoast Energy GP ULC - Aspen Point Program - CS-1B - Request for amendment to reflect bi-directional flow - A9S7Z8,2,2,2,152.0,302,302
4652426,C38386-8 Commission - Ordonnance AO-001-GPLO-004-2025 - Westcoast Energy GP ULC - Programme Aspen Point - CS-1B - Demande de modification pour rendre compte de l’écoulement bidirectionnel - A9S7Z7,2,2,2,171.0,339,340
4652429,C38391-1 Foothills Q4 2025 Surveillance Report - A9S8C4,18,18,18,109.33333333333333,2421,2426
4652434,C38424-1 C143 ILI Report - UTCD Darfield to Black Pines - 2026-03-04 - A9S8Q5,10,10,10,258.6666666666667,2663,2881
4652441,C38437-1 Pipeline Replacement Project - de l'École-Cormier St - Project Notification - A9S8V4,6,6,6,146.33333333333334,692,695
4652442,C38437-2 Pipeline Replacement Project - de l'École-Cormier St - Avis de projet - A9S8V5,7,7,7,91.66666666666667,815,814
4652443,C38437-3 2-0 New Pipelines - A9S8V6,1,1,1,195.0,61,195
4652444,C38437-4 3-0 Pipes to be Abandoned and Removed - A9S8V7,1,1,1,222.0,153,222
4652445,C38437-5 1-0 Existing Pipelines - A9S8V8,1,1,1,211.0,61,214
4652446,Receipt - Accusé de réception - A9S8V9,3,3,3,187.33333333333334,561,560
4652449,C38458-1 North Central Corridor Remediation Project - Cond. 7b Final Offset Measures Plan - A9S9D1,133,133,133,181.66666666666666,38240,37879
4652450,C38461-1 OM2026-022 - Notification of Operation and Maintenance Activities - Notification des activités d'exploitation et d'entretien - 2026-03-06 0956 - A9S9E1,5,5,5,219.33333333333334,1270,1269
4652451,C38461-2 OM2026-022 - Accusé de réception 2026-03-06 095616 - A9S9E2,2,2,2,191.0,357,381
4652452,C38466-1 PMC Updated FRP - Application to Transfer Ownership of the Bodo and Wacana Pipeline Systems Cover Letter (March 2026) - A9S9F8,2,2,2,146.0,272,269
4652453,C38466-2 PMC Financial Resource Plan Form - A9S9F9,3,3,3,181.33333333333334,553,569
4652454,C38466-3 Table 1 PMC Financial Resource Plan - A9S9G0,4,4,4,92.0,1373,2662
4652455,C38466-4 Table 2 - PMC Pipeline Names - Order Numbers - A9S9G1,1,1,1,38.0,40,49
4652457,Filing Receipt 2026-03-06 143125 - A9S9H5,2,2,2,257.5,490,515
4652458,C38474-1 Application for Short-Term Natural Gas Export Orders - EN - A9S9H8,3,3,3,147.33333333333334,433,433
4652460,C38474-3 Demande d’ordonnance d’exportation de gaz naturel à court terme - FR - A9S9I0,3,3,3,175.66666666666666,515,512
4652464,"C38477-1 Commission - Letter - Westcoast Energy GP Inc., on behalf of Westcoast Energy Limited Partnership - Aspen Point Program - Order XG-017-2024 - Condition 21 – Proposal to satisfy condition in a staged manner - A9S9J2",3,3,3,212.33333333333334,612,651
4652465,C38477-2 Commission - Lettre - Westcoast Energy GP Inc. au nom de Westcoast Energy Limited Partnership - Programme Aspen Point - Ordonnance XG-017-2024 – Condition 21 - Proposition visant à satisfaire la condition par étapes - A9S9J1,3,3,3,264.0,758,798
4652466,C38481-4 OM2026-047 - Notification of Operation and Maintenance Activities - Notification des activités d'exploitation et d'entretien - 2026-03-09 1440 - A9S9K3,6,6,6,368.3333333333333,2016,2014
4652467,OM2026-047 - Filing Receipt 2026-03-09 144041 - A9S9K4,2,2,2,209.0,393,418
4652468,C38483-3 OM2026-048 - Notification of Operation and Maintenance Activities - Notification des activités d'exploitation et d'entretien - 2026-03-09 1513 - A9S9K9,4,4,4,234.33333333333334,897,895
4652469,OM2026-048 - Filing Receipt 2026-03-09 151333 - A9S9L0,2,2,2,195.5,366,390
4652470,C38485-3 Appendix A - Map of the Canadian Mainline System - A9S9L7,1,1,1,901.0,0,855
4652471,C38485-4 Appendix B - Filing Manual Checklist - A9S9L8,1,1,1,156.0,108,106
4652472,C38489-1 Commission – Letter – BC Hydro and Power Authority – Application to Export Electricity - A9S9S2,2,2,2,194.5,387,414
4652473,C38489-2 Commission – Lettre – BC Hydro and Power Authority – Application to Export Electricity - A9S9S1,2,2,2,225.0,446,473
4652474,C38489-3 Commission – Permit EPE-527 – BC Hydro and Power Authority – Application to Export Electricity - A9S9S4,2,2,2,231.0,459,459
4652475,C38489-4 Commission – Permis EPE-527 – BC Hydro and Power Authority – Demande d’autorisation d’exporter de l’électricité - A9S9S3,2,2,2,256.5,510,513
4652478,C38507-2 NCC Loop North Star 1 Condition 18 CHRMR Year Three Chinchaga Offsets Part 2 of 2 - A9S9Y2,190,190,190,143.0,33573,14428
4652479,Filing Receipt 2026-03-11 140712 - A9S9Y3,2,2,2,254.0,483,508
4652480,C38508-1 CER No. 594 - Transmittal Letter - A9S9Y4,2,2,2,0.0,327,351
4652481,C38508-2 CER No. 594 - A9S9Y5,4,4,4,248.33333333333334,1182,1195
4652482,C38508-3 Appendix A - A9S9Y6,2,2,2,1172.0,2335,2312
4652483,C38508-4 Appendix B - A9S9Y7,2,2,2,748.5,1485,1485
4652486,C38509-1 NWML Boundary Lake Condition 13 CHRMR Year Three Chinchaga Offsets Part 1 of 2 - A9S9Y9,37,37,37,215.0,9919,10235
4652487,Filing Receipt 2026-03-11 141051 - A9S9Z1,2,2,2,254.5,484,509
4652488,C38516-1 OM2026-054 - Attachment 1 - Aerial Image - A9T0C3,1,1,1,31.0,0,0
4652489,C38516-2 OM2026-054 - Attachment 2 - Current Pipe Specs - A9T0C4,1,1,1,87.0,55,60
4652490,C38516-3 OM2026-054 - Attachment 3 - Water Body Table - A9T0C5,2,2,2,287.5,505,686
4652492,C38519-4 Tab C3 - A9T0D8,37,37,37,20.0,11462,11228
4652495,C38302-1 REM2026-009 - Supplemental Information - Complément d’information - 2026-02-21 0008 - A9S6R3,2,2,2,241.0,482,479
4652496,REM2026-009 - Filing Receipt 2026-02-21 000855 - A9S6R4,2,2,2,179.0,335,357
4652498,C38303-1 REM2026-008 - Supplemental Information - Complément d’information - 2026-02-21 0009 - A9S6R5,2,2,2,242.0,484,481
4652499,REM2026-008 - Filing Receipt 2026-02-21 000900 - A9S6R6,2,2,2,179.0,335,357
4652501,C38308-1 20260220 Lake Erie Connector Commitments Tracking Table Feb 1-28 2026 V96 - A9S6S6,15,15,15,1562.0,23338,22852
4652502,C38308-2 Feb 26 CER letter 1 - A9S6S7,1,1,1,144.0,139,132
4652503,Filing Receipt 2026-02-23 105040 - A9S6S8,2,2,2,256.0,487,512
4652507,C38313-1 Letter to CER re Request for Revocation of Licence GL-327 - A9S6U0,2,2,2,225.5,395,467
4652511,OM2026-041 - Filing Receipt 2026-02-24 094256 - A9S6W1,2,2,2,197.5,372,394
4652513,C38325-2 Island 5 Breakpoint Drawings - A9S6X0,9,9,9,124.0,2737,233
4652514,C38325-3 Island 5 Purge Drawings - A9S6X1,12,12,12,192.33333333333334,4697,238
4652515,Filing Receipt 2026-02-24 130820 - A9S6X2,2,2,2,252.0,479,504
4652516,C38328-1 Rockcliffe Control Station Relocation Project - A9S6X8,9,9,9,287.3333333333333,3150,2970
4652518,C38332-1 CER - Letter to Otipemisiwak Métis Government – NGTL GP Ltd. - 2025 Decommissioning Program of 16 lateral pipelines - Notice of consultation pursuant to Consultation Protocol Agreement - A9S7C0,2,2,2,290.0,534,606
4652519,C38332-2 REC - Lettre - Gouvernement métis d’Otipemisiwak - NGTL GP Ltd. – Désaffectation de 16 canalisations latérales - Avis de consultation aux termes de l’entente relative au protocole de consultation - A9S7A9,2,2,2,338.5,625,701
4652521,C38343-3 03 Trans Mountain - Attachment 1 - Condition 41 Update Part2 - A9S7G3,368,368,368,703.0,156763,148492
4652522,C38343-4 04 Trans Mountain - Attachment 1 - Condition 41 Update blackline Part1 - A9S7G4,95,95,95,339.0,42894,48087
4652523,Filing Receipt 2026-02-26 113407 - A9S7G6,2,2,2,268.5,512,530
4652524,C38353-2 OM2026-042 - Notification of Operation and Maintenance Activities - Notification des activités d'exploitation et d'entretien - 2026-02-26 1436 - A9S7J2,4,4,4,316.3333333333333,1153,1153
4652525,OM2026-042 - Filing Receipt 2026-02-26 143614 - A9S7J3,2,2,2,190.0,357,379
4652527,C38362-1 Lettre de 9346-5508 Québec Inc. à la Régie de l énergie du Canada (2026-02-26) - A9S7L7,3,3,3,224.0,671,683
4652530,C38366-1 2025 EPI Annual Financial Statement Transmittal Letter - A9S7R2,1,1,1,205.0,175,175
4652531,C38366-2 2025 Annual Financial Surveillance Report Schedules - A9S7R3,4,4,4,103.0,427,390
4652535,C38375-1 2026 - PMC - SDS CER No. 215 Cover Letter - A9S7T8,1,1,1,223.0,209,210
4652536,C38375-2 PMC ULC - SDS CER No. 215 - A9S7T9,6,6,6,392.3333333333333,2454,2545
4652538,C38383-1 2025 Q4 Alliance QSR Cover Letter - A9S7W5,1,1,1,211.0,181,215
4652539,C38383-2 2025 Q4 Alliance QSR - A9S7W6,29,29,29,293.3333333333333,14123,14263
4652540,C38383-3 2025 Alliance Audited Financial Statements - A9S7W7,19,19,19,237.0,6266,6298
4652543,C38385-1 ATCO Gas Existing Distribution Pipeline Compliance Application application-EN - A9S7X2,21,21,21,165.66666666666666,2543,2551
4652544,C38385-2 ATCO Gas Existing Distribution Pipeline Compliance Application application-FR - A9S7X3,22,22,22,87.33333333333333,2880,2888
4652545,C38385-3 Attachment 1.2 - Technical Description - A9S7X4,3,3,3,261.6666666666667,750,777
4652546,C38385-4 Attachment 1.0 - Cover Letter Existing Distribution Pipeline Compliance Application - A9S7X5,3,3,3,227.0,644,683
4652547,C38385-5 Attachment 1.1 - Request for Additional Exemptions - A9S7X6,19,19,19,201.0,4589,5664
4652548,C38385-6 Attachment 2.0 - Indigenous Matters - A9S7X7,1,1,1,185.0,169,173
4652549,C38385-7 Attachment 2.1 - Indigenous Relations - A9S7X8,3,3,3,335.0,936,936
4652550,C38385-17 Attachment 9.0 - Aerial Overview - A9S7Y8,3,3,3,255.33333333333334,246,0
4652551,C38385-18 Attachment 6.2 - Interactions Table - A9S7Y9,8,8,8,462.6666666666667,3175,2850
4652552,Receipt - Accusé de réception - A9S7Z0,4,4,4,175.0,728,727
4652553,C38389-1 Application for Short-Term Natural Gas Export Orders - EN - A9S8A7,3,3,3,139.66666666666666,410,410
4652555,C38389-3 Demande d’ordonnance d’exportation de gaz naturel à court terme - FR - A9S8A9,3,3,3,168.0,492,489
4652559,C38392-1 NGTL Q4 2025 Surveillance Report - A9S8C6,23,23,23,158.66666666666666,3156,3134
4652562,C38394-1 TQM Q4 2025 Surveillance Report - A9S8D0,13,13,13,148.0,1877,1886
4652566,C38401-1 Application for Short-Term Natural Gas Export Orders - EN - A9S8F4,3,3,3,136.33333333333334,400,400
4652567,"C38402-1 LT CER re Status Update - Application File C33480 - March 2, 2026 - A9S8F9",1,1,1,310.0,219,220
4652570,"C38406-1 Commission - Order GOL-001-2026 - Tenaska Marketing Canada, a division of Tenaska Marketing Ventures Corp. - Exportation of in-transit gas for subsequent import - A9S8H2",1,1,1,323.0,324,326
4652571,"C38406-2 Commission - Ordonnance GOL-001-2026 - Tenaska Marketing Canada, une division de Tenaska Marketing Ventures Corp. - Exportation de gaz en transit en vue de son importation subséquente - A9S8H1",1,1,1,372.0,373,365
4652575,C38413-1 Commission - Order ROE-155-2026 - Sanabridge Corp. - Exportation of refined petroleum products - A9S8I7,1,1,1,315.0,316,317
4652577,Filing Receipt 2026-03-04 111305 - A9S8Q6,2,2,2,247.5,470,495
4652578,C38427-1 Commission – Order GO-018-2026 – Sapphire Gas Solutions LLC – Exportation of gas in the form of liquified natural gas - A9S8R6,1,1,1,277.0,278,279
4652579,C38427-2 Commission – Ordonnance GO-018-2026 à Sapphire Gas Solutions LLC – Exportation de gaz sous la forme de gaz naturel liquifié - A9S8R5,1,1,1,309.0,310,309
4652582,C38431-2 Commission - Lettre - LNG Canada Development Inc. - Mise à jour des directives de dépôt du rapport sur les exportations mensuelles - A9S8S6,2,2,2,310.0,618,638
4652593,C38448-1 Canada Energy Regulator - Pipeline Financial Resources Requirements - Confidentiality Request for Financial Resource Plan Components from Campus Energy Partners Operations Inc. - A9S8Z5,2,2,2,217.5,433,449
4652594,C38448-2 Régie de l’énergie du Canada - Demande de traitement confidentiel des éléments du plan relatif aux ressources financières de Campus Energy Partners Operations Inc. - A9S8Z4,2,2,2,240.0,478,496
4652597,C38463-1 PCLP FRP - Condition 2 - Application to Transfer Ownership of the Bodo and Wacana Pipeline Systems Cover Letter (March 2026) - A9S9F0,2,2,2,155.5,287,285
4652598,C38463-2 PCLP Financial Resource Plan Form (March 2026) - A9S9F1,3,3,3,181.33333333333334,514,708
4652599,C38463-3 Table 1 PCLP Financial Resource Plan (March 2026) - A9S9F2,4,4,4,88.0,1255,2629
4652602,C38499-1 Commission - Letter - NGTL GP - Leming Lake Sales Lateral Loop (Field Lake Section) Project - Order XG-012-2024 - Condition 10 – Technical Specification Update - A9S9U8,1,1,1,275.0,286,301
4652603,C38499-2 Commission - Lettre - NGTL GP - Doublement de la canalisation latérale au point de vente Leming Lake (section Field Lake) - Condition 10 – Mise à jour des caractéristiques techniques - A9S9U7,1,1,1,322.0,323,346
4652604,C38499-3 Commission - Order AO-002-XG-012-2024 - NGTL GP - Leming Lake Sales Lateral Loop (Field Lake Section) Project - Order XG-012-2024 - Condition 10 – Technical Specification Update - A9S9V0,2,2,2,249.5,496,503
4652606,Filing Receipt 2026-02-23 135744 - A9S6T9,2,2,2,241.5,458,482
4652610,C38318-1 IR Response 2026-02-23 162348 - A9S6V3,1,1,1,279.0,279,279
4652611,C38318-2 OM2026-030 - Enbridge Response to CER IR No. 1 for OM2026-030 - A9S6V4,4,4,4,322.3333333333333,1031,1032
4652612,OM2026-030 - Filing Receipt 2026-02-23 162349 - A9S6V5,2,2,2,228.0,431,455
4652613,C38320-1 2026 CER Absolute Liability Limit Submission AltaGas Holdings Inc. - A9S6V8,2,2,2,197.0,351,182
4652615,C38326-1 Réponse à la DR 2026-02-24 140321 - A9S6X3,1,1,1,245.0,245,245
4652616,C38326-2 OM2026-022 - Réponses DDR-2 - A9S6X4,1,1,1,231.0,314,103
4652617,C38326-3 OM2026-022 - Accusé de réception 2026-02-24 140323 - A9S6X5,2,2,2,216.0,407,431
4652619,C38328-5 Rockcliffe - Engineering and Technical Description Filing Requirement - A9S6Y2,9,9,9,304.0,2543,2609
4652620,C38328-6 Schematic Rockcliffe-13-001 - A9S6Y3,1,1,1,0.0,656,891
4652621,C38328-7 Rockcliffe - Environment Filing Requirement - A9S6Y4,1,1,1,18.0,18,18
4652622,C38328-8 Rockcliffe - Interactions Table - A9S6Y5,31,31,31,574.3333333333334,17444,17132
4652623,C38328-9 Rockcliffe - Socio Economics Filing Requirement - A9S6Y6,1,1,1,224.0,224,224
4652625,C38329-1 Let Preliminary Geospatial Info - A9S6Z8,1,1,1,134.0,114,115
4652626,Filing Receipt 2026-02-24 163038 - A9S6Z9,2,2,2,251.5,478,503
4652627,C38331-1 IR Response 2026-02-25 105017 - A9S7A4,2,2,2,113.0,228,226
4652628,C38331-2 2026.02.25 Cover Letter Response to CER IR 1 Conditon 36 - Land Securement Fund Reporting - A9S7A5,1,1,1,135.0,122,122
4652629,C38331-3 2026.02.25 Response to CER IR 1 Condition 36 Land Securement Fund Reporting - A9S7A6,3,3,3,200.0,535,538
4652630,C38331-4 CER Information Request No. 1 Condition 36 - A9S7A7,1,1,1,343.0,343,347
4652632,C38339-1 CER No. 80 South Bow IJT Rates Tariff - A9S7E5,5,5,5,317.6666666666667,1513,1830
4652634,Filing Receipt 2026-02-26 131454 - A9S7I5,2,2,2,242.5,460,484
4652637,C38355-1 Aurora Pipeline Company – PCLP – CER Tariff Cover Letter – 2026 - A9S7J7,1,1,1,187.0,174,174
4652638,C38357-2 Demande d’ordonnance visant du gaz naturel en transit - FR - A9S7K5,3,3,3,219.33333333333334,643,647
4652641,C38370-1 Letter to CER re Westcoast Pipeline Quarterly Surveillance Report 2025 Q4 - A9S7S3,1,1,1,120.0,92,103
4652642,C38370-2 Westcoast Pipeline Quarterly Surveillance Report - 2025 Q4 - A9S7S4,13,13,13,228.0,3257,3313
4652643,C38382-1 IR Response 2026-02-27 134139 - A9S7V9,1,1,1,180.0,181,180
4652644,C38382-2 01 Letter to CER re Westcoast Response to CER IR No. 1 - Condition 19 - A9S7W0,1,1,1,129.0,107,106
4652645,C38382-3 02 Westcoast Response to CER IR No. 1 - Condition 19 - A9S7W1,3,3,3,337.6666666666667,955,975
4652646,C38382-4 03 Attachment 1 to CER IR 1.1a - Updated Substation Short Circuit Protection Coordination and Arc Flash Report - A9S7W2,84,84,84,259.3333333333333,20529,11449
4652647,C38382-5 Condition 19 - IR No. 1 - A9S7W3,3,3,3,190.66666666666666,572,574
4652648,Filing Receipt 2026-02-27 134148 - A9S7W4,2,2,2,287.5,550,575
4652651,C38390-1 OM2026-043 - Notification of Operation and Maintenance Activities - Notification des activités d'exploitation et d'entretien - 2026-03-02 0929 - A9S8C2,4,4,4,297.3333333333333,1086,1086
4652652,C38399-1 Continuance.pdf - A9S8E5,3,3,3,188.66666666666666,519,522
4652653,C38400-1 Cochin CER 293 FERC 77 41 Transmittal Letter - A9S8F1,1,1,1,201.0,201,203
4652654,C38400-2 Cochin FERC 77.41.0 CER 293 Tariff - A9S8F2,5,5,5,423.0,2173,2167
4652657,C38401-3 Demande d’ordonnance d’exportation de gaz naturel à court terme - FR - A9S8F6,3,3,3,165.0,483,480
4652660,C38405-1 Errata Request - A9S8G9,1,1,1,193.0,193,187
4652663,C38414-1 Application for Short-Term Natural Gas Export Orders - EN - A9S8I9,3,3,3,142.33333333333334,418,419
4652665,C38415-1 Order – ROE-154-2026 to Chevron Products Company – Exportation of light and heavy crude oil - A9S8J5,1,1,1,322.0,323,325
4652666,C38415-2 Ordonnance – ROE-154-2026 – Chevron Products Company – Exportation du pétrole brut léger et lourd - A9S8J4,1,1,1,348.0,349,348
4652670,C38431-1 Commission - Letter - LNG Canada Development Inc. - Update to Monthly Export Report Filing Instructions - A9S8S7,2,2,2,275.0,548,574
4652678,C38438-1 E-File Tariff 129 PSA Withdrawal letter March 5 2026 - A9S8W0,1,1,1,165.0,167,167
4652681,C38445-1 Canada Energy Regulator Pipeline Financial Resources Requirements Confidentiality Request for Financial Resources Plan Components from Tidewater Midstream and Infrastructure Ltd. - A9S8Y7,2,2,2,221.5,441,472
4652682,C38445-2 Régie de l’énergie du Canada - Exigences relatives aux ressources financières des sociétés pipelinières - Demande de traitement confidentiel des éléments du plan relatif aux ressources financières de Tidewater Midstream and Infra - A9S8Y6,2,2,2,244.5,487,514
4652685,C38450-1 OM2026-046 - 2503373 - Project Map - A9S9A0,3,3,3,570.0,331,1733
4652686,C38450-2 OM2026-046 - Notification of Operation and Maintenance Activities - Notification des activités d'exploitation et d'entretien - 2026-03-05 1222 - A9S9A1,4,4,4,187.33333333333334,736,736
4652687,OM2026-046 - Filing Receipt 2026-03-05 122202 - A9S9A2,2,2,2,191.5,358,382
4652689,C38453-1 Buffalo Creek B3 and Goodfish A2 CS Unit Addtions Project Cond. 10 Revised CHROMMP Goodfish A2 CS - A9S9A8,135,135,134,224.0,38959,40370
4652691,C38464-1 TM Response to SOCs re DRA Project - A9S9F4,3,3,3,361.0,1064,1041
4652694,C38467-1 Letter - A9S9G3,3,3,3,115.0,269,270
4652702,C38480-1 Letter – Enbridge Pipelines – Line 1 Optimization Project – Comment Process on letter filed by Imperial Oil - A9S9J8,1,1,1,262.0,263,288
4652705,C38484-1 OM2026-049 - Attachment 1 - Aerial Image - A9S9L1,1,1,1,26.0,0,0
4652706,C38484-2 OM2026-049 - Attachment 2 - Current Pipe Details - A9S9L2,1,1,1,85.0,58,63
4652707,C38485-8 Appendix F - List of Regulatory Instruments - A9S9Q2,44,44,44,117.33333333333333,1595,1546
4652708,C38485-9 Appendix G - Issue Resolution Sheet #2024-02 - A9S9Q3,117,117,117,316.3333333333333,32085,33013
4652709,C38485-10 Appendix H - New Mainline LP and Enbridge Inc. Credit Agreement - A9S9Q4,25,25,25,341.6666666666667,11628,11816
4652710,C38485-11 Appendix I - New Mainline LP Financial Resources Plan - A9S9Q5,1,1,1,419.0,367,255
4652711,C38485-12 Appendix J - Third Amended and Restated Trust Agreement - A9S9Q6,34,34,34,426.6666666666667,13064,13139
4652712,C38485-13 Appendix K - Statement of Investment Policies and Procedures - A9S9Q7,12,12,12,213.33333333333334,2145,2256
4652713,C38485-14 Appendix L - Held Back Segments - A9S9Q8,1,1,1,195.0,145,145
4652715,C38304-1 REM2026-007 - Supplemental Information - Complément d’information - 2026-02-21 0009 - A9S6R7,2,2,2,240.0,480,477
4652716,REM2026-007 - Filing Receipt 2026-02-21 000904 - A9S6R8,2,2,2,179.0,335,357
4652718,C38305-1 OM2026-038 - Notification of Operation and Maintenance Activities - Notification des activités d'exploitation et d'entretien - 2026-02-23 0839 - A9S6R9,4,4,4,296.6666666666667,1085,1085
4652719,OM2026-038 - Filing Receipt 2026-02-23 083950 - A9S6S0,2,2,2,198.0,371,395
4652722,"C38319-1 CER File 6754076 – Scope, Access, and Cost Responsibility - A9S6V6",3,3,3,282.0,846,846
4652728,C38324-1 ATEC Reply Comments Hwy 1 20260224 - A9S6W7,4,4,4,357.3333333333333,1426,1625
4652731,C38334-2 Commission - Lettre - Trans Mountain Pipeline ULC - Demande concernant le projet de désaffectation du quai 61 au terminal maritime Westridge - A9S7C5,12,12,12,391.3333333333333,6010,6087
4652732,C38334-3 Commission - Order MO-010-2026 - Trans Mountain Pipeline ULC - Application for the Westridge Marine Terminal Pier 61 Decommissioning Project - A9S7C8,5,5,5,326.3333333333333,1319,1324
4652733,C38334-4 Commission - Ordonnance MO-010-2026 - Trans Mountain Pipeline ULC - Demande concernant le projet de désaffectation du quai 61 au terminal maritime Westridge - A9S7C7,5,5,5,336.6666666666667,1547,1552
4652736,C38335-4 Ordonnance AO-001-XG-010-2025 à NGTL GP - Station de comptage au point de réception Tawadina Creek no 2 - A9S7D2,2,2,2,253.0,507,453
4652737,C38335-5 Order GPMO-001-2026 to NGTL GP - Tawadina Creek No 2 Meter Station - A9S7D5,1,1,1,222.0,223,223
4652738,C38335-6 Ordonnance GPMO-001-2026 à NGTL GP - Station de comptage au point de réception Tawadina Creek no 2 - A9S7D4,1,1,1,254.0,254,256
4652741,C38343-1 01 C41 Update - Cover Letter - 2026-02-26 - A9S7G1,1,1,1,273.0,282,239
4652742,C38343-2 02 Trans Mountain - Attachment 1 - Condition 41 Update Part1 - A9S7G2,93,93,93,338.6666666666667,42056,47179
4652743,C38343-5 05 Trans Mountain - Attachment 1 - Condition 41 Update blackline Part2 - A9S7G5,372,372,372,723.6666666666666,160071,150162
4652751,C38376-1 2026 - PMC - SDS CER No. 216 Cover Letter - A9S7U1,1,1,1,223.0,209,210
4652753,C38384-1 Express Canada - CER No. 204 Transmittal Letter - A9S7W9,2,2,2,97.5,165,165
4652754,C38384-2 Express Canada Uncommitted Tolls CER No. 204 - A9S7X0,2,2,2,215.0,416,452
4652756,C38385-8 Attachment 3.0 - Engagement - A9S7X9,2,2,2,368.5,690,715
4652757,C38385-9 Attachment 3.1 - Engagement Register - A9S7Y0,10,10,10,494.0,4552,4610
4652758,C38385-10 Attachment 3.2 - City of Lloydminster Letter of Support - A9S7Y1,1,1,1,394.0,371,371
4652759,C38385-11 Attachment 4.0 - Economics - A9S7Y2,1,1,1,189.0,98,176
4652767,C38396-1 Line 13 Expansion Project - Application to Vary Order XO-001-2025 - A9S8D5,2,2,2,206.5,415,417
4652768,C38397-1 Continuance.pdf - A9S8D7,3,3,3,188.66666666666666,519,522
4652769,C38397-2 Application for Short-Term Light and Heavy Crude and Refined Products Export Orders - EN - A9S8D8,2,2,2,180.5,353,358
4652771,C38397-4 Demande d’ordonnance d’exportation à court terme de pétroles bruts léger et lourd ou de produits pétroliers raffinés - FR - A9S8E0,2,2,2,218.5,426,431
4652775,C38403-1 Letter to Nitor Energy Inc.- Application dated 31 October 2025 requesting authorization to export electricity pursuant to section 356 of the Canadian Energy Regulator Act - A9S8G2,2,2,2,207.5,413,441
4652776,C38403-3 Permit EPE-526 to Nitor Energy Inc. - Export Electricity - A9S8G4,2,2,2,356.5,710,714
4652777,C38409-1 2025 Decommissioning Exemption Order Filing Letter Westspur - A9S8H8,1,1,1,0.0,142,141
4652781,C38425-1 Commission - Letter - Robert Prevost and Nicole Coutts-Prevost and Trans Mountain Pipeline ULC – Cost Application – Comment process - A9S8Q7,2,2,2,240.5,479,506
4652784,C38428-1 CAS ML Mods Cond 4 Tech Spec Update - A9S8R8,4,4,4,112.66666666666667,618,1328
4652785,C38429-1 Commissioner - Letter - Powell River Energy Inc - Application for a contract-specific Electricity Export Permit - Governor in Council Decision to Designate - A9S8S1,2,2,2,154.0,306,334
4652786,C38429-2 Commission - Lettre - Powell River Energy Inc. - Powell River Energy Inc - Demande de permis d’exportation d’électricité se rattachant à un contrat - Décision de la gouverneure en conseil concernant la designation - A9S8S0,2,2,2,176.5,351,377
4652790,C38447-1 Canada Energy Regulator Pipeline Financial Resources Requirements Confidentiality Request for Financial Resources Plan Components from NorthRiver Midstream NEBC Connector GP Inc. - A9S8Z2,2,2,2,217.5,433,464
4652791,C38447-2 Régie de l’énergie du Canada - Demande de traitement confidentiel des éléments du plan relatif aux ressources financières de Northriver Midstream NEBC Connector GP Inc. - A9S8Z1,2,2,2,236.0,470,495
4652793,Filing Receipt 2026-03-06 085648 - A9S9D2,2,2,2,246.5,468,492
4652794,C38461-3 OM2026-022 - Notification of Operation and Maintenance Activities - Notification des activités d'exploitation et d'entretien - 2026-03-06 0958 - A9S9E3,4,4,4,297.0,1137,1130
4652796,C38472-1 NGTL GP 2024 Abandonment Program Cond. 4 Abandonment Schedules Update No. 5 - A9S9H4,4,4,4,382.6666666666667,1806,349
4652797,C38473-1 C6 Commitment Tracking Part A V93 Part B V67 - 2026-03-06 - A9S9H6,168,168,168,495.6666666666667,198323,197327
4652798,Filing Receipt 2026-03-06 144358 - A9S9H7,2,2,2,261.0,488,512
4652800,C38485-1 Letter to CER re Application for Leave to Transfer the Canadian Mainline System and Application for Leave to Amalgamate - A9S9L5,1,1,1,284.0,260,262
4652801,C38485-7 Appendix E - Canadian Mainline System - A9S9Q1,13,13,13,172.0,2471,2500
4652802,C38488-2 Application for Short-Term NGL Export Orders - EN - A9S9R6,2,2,2,195.5,383,388
4652804,C38488-4 Demande d’ordonnance d’exportation à court terme de LGN - FR - A9S9R8,2,2,2,236.0,459,466
4652809,C38490-1 2017 NGTL SXP NWML Boundary Lake Section - Cond. 33 CHRMR Year Three Report - A9S9S6,107,107,107,249.66666666666666,21763,22896
4652811,C38491-1 NWML Boundary Lake North - Cond. 13 Year Three CHRMR Report - A9S9S8,99,99,99,238.0,21703,20241
4652812,Filing Receipt 2026-03-10 133757 - A9S9S9,2,2,2,244.5,464,488
4652814,C38494-1 CER - Letter - Westcoast Energy GP Inc. - Deadman River Crossing 5 Permanent Erosion Mitigation Project - Summary of Issues heard during Early Engagement Phase - A9S9T6,4,4,4,344.6666666666667,1128,1156
4652815,C38494-2 REC – Lettre - Westcoat Energy GP Inc. - Projet concernant des mesures permanentes d’atténuation de l’érosion au franchissement no 5 de la rivière Deadman - Résumé des points soulevés durant la mobilisation préalable - A9S9T5,4,4,4,411.6666666666667,1343,1372
4652818,Filing Receipt 2026-03-11 140116 - A9S9Y0,2,2,2,249.5,474,499
4652820,C38507-1 NCC Loop North Star 1 Condition 18 CHRMR Year Three Chinchaga Offsets Part 1 of 2 - A9S9Y1,37,37,37,215.0,9919,10234
4652821,C38510-1 Commission – Letter – Westcoast Energy Inc. – Application to Abandon the Grizzly Extension Pipeline - A9S9Z3,5,5,5,427.3333333333333,2395,2504
4652822,C38510-2 Commission – Lettre – Westcoast Energy Inc – Demande la cessation d’exploitation du prolongement du pipeline Grizzly - A9S9Z2,6,6,6,352.3333333333333,2773,2906
4652823,C38510-3 Commission – Order ZO-002-2026 – Westcoast Energy Inc. – Application to Abandon the Grizzly Extension Pipeline - A9S9Z5,5,5,5,299.0,1759,1760
4652825,C38314-3 Tab C2 - A9S6U4,53,53,53,32.666666666666664,27916,25091
4652827,C38317-1 0066 001 - A9S6V1,6,6,6,0.0,944,979
4652831,C38328-3 Rockcliffe Control Station Relocation Project-FR - A9S6Y0,10,10,10,307.6666666666667,3585,3442
4652832,C38334-1 Commission - Letter - Trans Mountain Pipeline ULC - Application for the Westridge Marine Terminal Pier 61 Decommissioning Project - A9S7C6,11,11,11,300.3333333333333,4905,4991
4652833,C38335-1 Letter to NGTL GP Ltd. as general partner on behalf of NGTL Limited Partnership - Tawadina Creek No 2 - Leave to Open Application - A9S7D1,1,1,1,270.0,300,297
4652834,"C38335-2 Lettre à NGTL GP, à titre de commandité, au nom de NGTL Limited Partnership - Demande d'autorisation de mise en service - Station to comptage au point de réception Tawadina Creek no 2 - A9S7D0",2,2,2,163.5,324,355
4652835,C38335-3 Amending Order AO-001-XG-010-2025 to NGTL GP - Tawadina Creek No 2 Meter Station - A9S7D3,2,2,2,224.5,447,408
4652838,C38367-1 2025 VMLP Annual Tariff Filing - A9S7R6,2,2,2,103.0,260,258
4652840,C38373-1 MGM 2025 Annual Safety Report - MacKenzie Delta - CER - A9S7T2,5,5,5,124.33333333333333,671,672
4652843,C38381-1 Enbridge (NW) - 2025 Actual Full Cost of Service - Delay Letter - A9S7V7,1,1,1,217.0,191,221
4652846,C38393-1 TCPL Q4 2025 Surveillance Report - A9S8C8,29,29,29,105.0,13141,15151
4652849,C38395-1 Commission - Letter – Ovintiv Canada ULC – Deep Panuke Pipeline Abandonment Project – Order ZO-E112-001-2019 – Conditions 17 and 18 - A9S8D3,6,6,6,393.0,2649,2781
4652850,C38395-2 Commission - Lettre - Ovintiv Canada ULC – Projet de cessation d’exploration du pipeline Deep Panuke – Ordonnance ZO-E112-001-2019 – Conditions 17 et 18 - A9S8D2,8,8,8,224.33333333333334,3410,3556
4652854,C38418-1 Letter to CER re Written Evidence of Westcoast - A9S8K8,1,1,1,125.0,104,103
4652855,C38418-2 Written Evidence of Westcoast - A9S8K9,254,254,254,227.66666666666666,69114,70410
4652861,"C38440-1 Order – GO-019-2026 to NJR Energy Services Company, LLC – Exportation of gas - A9S8X0",1,1,1,264.0,265,266
4652862,"C38440-2 Ordonnance – GO-019-2026 to NJR Energy Services Company, LLC – Exportation du gaz - A9S8W9",1,1,1,296.0,297,298
4652865,C38441-2 Commission - Lettre - Enbridge Pipelines (NW) Inc. - Demande visant la désactivation et la désaffectation d’actifs à l’installation d’injection de pétrole brut présentée - A9S8X2,3,3,3,337.6666666666667,943,1035
4652866,C38441-3 Commission - Order MO-011-2026 - Enbridge Pipelines (NW) Inc. - Application for the deactivation and decommissioning of assets at the Crude Oil Injection Facility Project - A9S8X5,3,3,3,225.33333333333334,670,603
4652867,C38441-4 Commission - Ordonnance MO-011-2026 - Enbridge Pipelines (NW) Inc. - Demande visant la désactivation et la désaffectation d’actifs à l’installation d’injection de pétrole brut présentée - A9S8X4,3,3,3,245.0,732,653
4652868,C38441-5 Commission - Order MO-012-2026 - Enbridge Pipelines (NW) Inc. - Application for the deactivation and decommissioning of assets at the Crude Oil Injection Facility Project - A9S8X7,3,3,3,252.66666666666666,751,750
4652869,C38441-6 Commission - Ordonnance MO-012-2026 - Enbridge Pipelines (NW) Inc. - Demande visant la désactivation et la désaffectation d’actifs à l’installation d’injection de pétrole brut présentée - A9S8X6,3,3,3,275.3333333333333,819,819
4652872,C38442-1 2026-3 MPLL Monthly Letter to CER regarding February Capacity - A9S8X9,1,1,1,232.0,201,215
4652874,OM2026-045 - Filing Receipt 2026-03-05 120414 - A9S8Z9,2,2,2,191.5,358,382
4652876,C38455-1 IR Response 2026-03-05 160537 - A9S9C3,2,2,2,168.0,332,368
4652877,C38455-2 IESP Bi-weekly report DEC 1-15 2025 - A9S9C4,2,2,2,151.0,294,363
4652878,C38455-3 IESP Bi-weekly report AUG 1-15 2025 - A9S9C5,2,2,2,176.5,345,437
4652879,Filing Receipt 2026-03-05 160541 - A9S9C6,2,2,2,263.5,502,527
4652881,C38456-1 Abandonment Trust Assignment Confirmation - Condition 1 - Application to Transfer Ownership of the Bodo and Wascana Pipeline Systems (March 2026) - A9S9C7,3,3,3,114.66666666666667,533,508
4652886,C38459-1 Commission - Letter - Application from the RM of Peel involving TransCanada PipeLines Limited - Highway 50 crossing - A9S9D4,14,14,14,350.6666666666667,6316,6417
4652887,C38459-2 Commission Lettre - Demande présentée par la municipalité régionale de Peel visant TransCanada PipeLines Limited – Croisement de la route 50 - A9S9D3,15,15,15,402.0,7290,7359
4652888,C38459-3 Commission - Order CCA-001-2026 - Application from the RM of Peel involving TransCanada PipeLines Limited - Highway 50 crossing - A9S9D6,3,3,3,287.3333333333333,857,860
4652890,C38460-1 IR Response 2026-03-06 091627 - A9S9D8,1,1,1,326.0,327,326
4652891,C38460-2 MIPL - Chinook-Loomis Abandonment Project Condition 5 - Informal IR - Environment - A9S9D9,2,2,2,99.5,199,198
4652892,Filing Receipt 2026-03-06 091630 - A9S9E0,2,2,2,258.0,491,515
4652894,C38462-1 Commission - Letter to Trans Mountain - Drag Reducing Agent DRA Project - Legislated Time Limit and Decision on Process - A9S9E7,2,2,2,284.0,557,594
4652895,C38462-2 Commission - Lettre émise à Trans Mountain - Projet d’agent réducteur de traînée - Délai prescrit par la loi et décision quant au processus - A9S9E8,2,2,2,322.5,634,671
4652896,Receipt - Accusé de réception - A9S9E9,2,2,2,145.5,291,291
4652897,C38469-1 Letter - Application Comment Process - A9S9G8,1,1,1,280.0,244,271
4652900,C38471-1 2024 Decom Program - Condition 4 Decommissioning Schedules Update No. 5 - A9S9H2,6,6,6,501.3333333333333,3643,1078
4652901,C38484-3 OM2026-049 - Notification of Operation and Maintenance Activities - Notification des activités d'exploitation et d'entretien - 2026-03-09 1525 - A9S9L3,4,4,4,234.33333333333334,897,895
4652902,OM2026-049 - Filing Receipt 2026-03-09 152534 - A9S9L4,2,2,2,195.5,366,390
4652903,C38488-1 Summerlin Ltd. incorporation-compressed.pdf - A9S9R5,26,26,26,0.0,6496,7225
4652904,Filing Receipt 2026-03-10 133708 - A9S9S7,2,2,2,239.5,454,478
4652906,"C38495-1 Westcoast Energy GP ULC on behalf of Westcoast Energy Limited Partnership -Aspen Point Program Order XG-017-2024, as amended Request for Relief from Condition 20 Timing Relief - A9S9T9",4,4,4,174.0,979,1058
4652907,"C38495-2 Westcoast Energy GP ULC, au nom de Westcoast Energy Limited Partnership Programme Aspen Point Ordonnance XG-017-2024, dans sa version modifiée - Demande d’exemption de l’exigence temporelle de la condition 20 - A9S9T8",4,4,4,215.0,1107,1176
4652909,C38509-2 NWML Boundary Lake Condition 13 CHRMR Year Three Chinchaga Offsets Part 2 of 2 - A9S9Z0,190,190,190,143.0,33573,14428
4652911,C38521-1 Letter to CER re Enbridge Pipelines Inc. - Line 1 Optimization Project - CER Comment Process - A9T0E2,1,1,1,191.0,167,169
4652914,C38522-1 Leming Lake Sales Lateral Loop Sand Section Condition 8 Technical Specification Update - A9T0E4,4,4,4,147.0,868,2329
4652915,Filing Receipt 2026-03-12 154137 - A9T0E5,2,2,2,244.5,464,488
4652919,C38534-2 OM2026-056 - Notification of Operation and Maintenance Activities - Notification des activités d'exploitation et d'entretien - 2026-03-13 1505 - A9T0I3,4,4,4,298.6666666666667,1091,1091
4652920,OM2026-056 - Filing Receipt 2026-03-13 150559 - A9T0I4,2,2,2,201.5,378,402
4652935,C38311-1 Enbridge Pipelines (NW) Inc. - Restatement of 2024 Trust Financial Stmts - Transmittal Letter - A9S6T4,2,2,2,264.5,503,533
4652936,C38311-2 Enbridge Pipelines (NW) Pipeline Abandonment Trust Restated 2024 FS - redline - A9S6T5,14,14,14,45.0,3449,3613
4652937,C38311-3 Enbridge Pipelines (NW) Inc. Abandonment Trust - Restated 2024 Financial Statements - A9S6T6,15,15,15,224.33333333333334,4316,4405
4652938,C38316-1 OM2026-040 - Notification of Operation and Maintenance Activities - Notification des activités d'exploitation et d'entretien - 2026-02-23 1434 - A9S6U9,4,4,4,302.0,1182,1182
4652939,OM2026-040 - Filing Receipt 2026-02-23 143402 - A9S6V0,2,2,2,198.0,371,395
4652941,C38321-1 OM2026-041 - Notification of Operation and Maintenance Activities - Notification des activités d'exploitation et d'entretien - 2026-02-24 0942 - A9S6W0,4,4,4,314.6666666666667,1186,1177
4652943,C38333-1 South Bow GP (Canada) Ltd. Application for approval of Final Adjusted Variable Tolls for 2025 Comment Process - A9S7C3,1,1,1,287.0,298,310
4652944,C38333-2 South Bow GP (Canada) Ltd. Demande d’approbation des droits variables rajustés définitifs pour 2025 - Processus de commentaires - A9S7C2,2,2,2,174.5,347,376
4652946,C38340-3 Demande d’ordonnance d’exportation à court terme de pétroles bruts léger et lourd ou de produits pétroliers raffinés - FR - A9S7E9,2,2,2,237.0,472,468
4652949,C38342-1 C150 Notification of Delay - 2026-02-26 - A9S7F9,1,1,1,302.0,249,263
4652950,Filing Receipt 2026-02-26 111759 - A9S7G0,2,2,2,243.5,462,486
4652951,C38346-1 Tremblay North Receipt Meter Station - Update to Statement of Concern - A9S7H5,1,1,1,183.0,178,185
4652955,C38356-1 Plains Canada Liquid Pipelines - CER RR No. 1 Cover Letter - 2026 - A9S7K0,2,2,2,118.0,210,211
4652956,C38356-2 PCLP Crude CER RR No. 1 - A9S7K1,27,27,27,375.3333333333333,12252,12266
4652958,Filing Receipt 2026-02-26 150519 - A9S7L2,2,2,2,247.5,470,495
4652959,C38361-1 Let Contact Change 26Feb26 - A9S7L5,1,1,1,160.0,140,140
4652964,C38376-2 FERC No. 15.11.0 PLPG 2026 CER No. 216 - A9S7U2,2,2,2,295.0,542,574
4652967,C38378-1 PMC - WSP CER No. 217 Cover Letter - A9S7U9,1,1,1,220.0,206,207
4652968,C38378-2 WSP-CER No 217 Base Tariff - A9S7V0,7,7,7,317.3333333333333,2183,2288
4652971,OM2026-043 - Filing Receipt 2026-03-02 092959 - A9S8C3,2,2,2,198.0,371,395
4652973,C38404-1 Order GO-016-2026 to Ovintiv Canada ULC - A9S8G7,1,1,1,262.0,263,264
4652974,C38404-2 Ordonnance GO-016-2026 à Ovintiv Canada ULC - A9S8G6,1,1,1,293.0,294,293
4652977,C38412-1 CER - Letter - Imperial Oil - OA 1210-001 - Application for Regulatory Deviation/Exemption to utilize the Pressure Equipment Integrity Management Program - A9S8I4,2,2,2,376.5,752,780
4652986,Filing Receipt 2026-03-04 134705 - A9S8R9,2,2,2,252.0,481,503
4652987,C38430-1 Commission - Letter - Trans Mountain Pipeline ULC - Trans Mountain Expansion Project - OC-065 - Condition Compliance – Condition 140 - Post-construction greenhouse gas assessment report - Letter Decision - A9S8S4,3,3,3,265.0,727,819
4652988,C38430-2 Commission – Lettre – Trans Mountain Pipeline ULC - Projet d’agrandissement du réseau de Trans Mountain - OC-065 - condition 140 – Rapport d’évaluation des gaz à effet de serre après la construction - Lettre de décision - A9S8S3,3,3,3,313.0,858,962
4652990,C38439-1 pplctnblnktlctrctyxprtprmt-NF-noadop-eng.pdf - A9S8W2,2,2,2,267.0,535,537
4652991,C38439-2 pplctnblnktlctrctyxprtprmt-NF-noadop-fr.pdf - A9S8W3,2,2,2,246.5,493,493
4652992,C38439-3 Application for a Blanket Electricity Export Permit - EN - A9S8W4,6,6,6,353.6666666666667,1736,1750
4652994,C38439-5 Demande de permis général d’exportation d’électricité - FR - A9S8W6,6,6,6,345.0,1961,1943
4652998,C38444-1 Yellowhead Mainline Interconnect NGTL GP Response to Manitoba Métis Federation SOC - A9S8Y4,5,5,5,299.6666666666667,1600,1877
4653001,C38446-1 Yellowhead Mainline Interconnect NGTL GP Response to Otipemisiwak Métis Government SOC - A9S8Y9,3,3,3,405.6666666666667,1007,1204
4653004,C38452-1 Order GO-020-2026 to Canadian Natural Resources Limited - A9S9A6,1,1,1,263.0,264,265
4653005,C38452-2 Ordonnance GO-020-2026 à Canadian Natural Resources Limited - A9S9A5,1,1,1,295.0,296,295
4653007,C38457-1 Imperial Letter Request to Suspend or vary Proceeding Schedule of Line 1 Optimization Project - A9S9C9,5,5,5,322.0,1601,1875
4653011,C38468-2 Ordonnance – RO-ROE-091-2026 to Strathcona Resources Ltd. – Annuler une ordonnance de gaz - A9S9G5,1,1,1,246.0,246,246
4653016,C38478-1 Commission - Ruling No. 1 - Compensation Hearing Application from Sam Enterprises Ltd against Trans Mountain Pipeline ULC - Decision on motions to compel disclosure - A9S9J4,14,14,14,319.0,5434,6296
4653019,C38481-1 OM2026-047 - Attachment 1 - Fish and Fish Habitat Assessment - A9S9K0,57,57,57,214.0,16061,15600
4653020,C38481-2 OM2026-047 - Attachment 2 - Critical Habitat Assessment - A9S9K1,4,4,4,393.3333333333333,1322,1375
4653021,C38481-3 OM2026-047 - Attachment 3 - Site Plan - A9S9K2,1,1,1,1267.0,666,1271
4653023,C38482-1 Informal IR No 1 - Astara and Bonterra Response - A9S9K5,1,1,1,400.0,400,400
4653026,C38483-1 OM2026-048 - Attachment 1 - Aerial Image - A9S9K7,2,2,2,26.0,0,0
4653027,C38483-2 OM2026-048 - Attachment 2 - Current Pipe Details - A9S9K8,1,1,1,82.0,55,60
4653029,C38496-1 NorthRiver NEBC Connector Project Technical Update Notification - A9S9U1,4,4,4,239.33333333333334,780,787
4653032,C38498-1 Letter to CER re PRG Request for Ruling and Direction to Westcoast Energy Inc - A9S9U5,1,1,1,294.0,272,270
4653034,C38502-4 Ordonnance TG-001-2026 - Maritimes & Northeast Pipeline Management Ltd. - Demande visant le règlement sur les droits pour 2026-2027 - A9S9W2,2,2,2,286.5,571,575
4653036,C38505-3 Appendix A - A9S9X5,2,2,2,550.5,1075,1442
4653037,C38505-4 Appendix B - A9S9X6,4,4,4,390.0,2270,4423
4653039,C38511-2 Commission - Ordonnance EPR-111-2026 - SUMMERLIN LTD. - exportation de propane - A9S9Z7,1,1,1,286.0,287,287
4653041,C38512-1 Letter encl Comments on Placing Cost Application in Abeyance until the Review Application is Decided - A9T0A2,2,2,2,189.5,324,386
4653042,C38517-1 Commission - Letter to Alberta Transportation and Economic Corridors and NGTL GP Ltd. – Application pursuant to s. 335 of the CER Act – Confidentially-filed material - A9T0C8,1,1,1,329.0,330,356
4653043,C38519-2 Tab C1 - A9T0D6,41,41,41,14.0,13950,25967
4653044,C38519-3 Tab C2 - A9T0D7,28,28,28,18.666666666666668,14495,12764
4654805,C38443-1 Commission - Letter - Cost apportionment application - The Regional Municipality of Peel involving TransCanada PipeLines Limited - A9S8Y1,2,2,2,354.0,706,731
4654806,C38443-2 Commission – Hearing Order MH-002-2026 - Cost apportionment application - The Regional Municipality of Peel involving TransCanada PipeLines Limited - A9S8Y2,11,11,11,201.66666666666666,3056,3317
4654808,C38451-1 Demande d’indemnisation de Sylvain Gougeon - Pipelines Trans-Nord Inc. - Délai supplémentaire pour déposer des commentaires - A9S9A3,2,2,2,174.0,345,363
4654810,Filing Receipt 2026-03-05 145402 - A9S9A9,2,2,2,247.5,470,495
4654812,"C38454-1 Statement of Concern - 2026-03-05, Manitoba Métis Federation on GPML Loop No.3 Colt Section - A9S9C0",6,6,6,251.33333333333334,939,1028
4654813,"C38454-2 Appendix A - Manitoba Métis Federation, Statement of Concern on GPML Loop No. 3 Colt Section - A9S9C1",12,12,12,333.6666666666667,4342,5333
4654815,C38459-4 Commission - Ordonnance CCA-001-2026 - Demande présentée par la municipalité régionale de Peel visant TransCanada PipeLines Limited – Croisement de la route 50 - A9S9D5,3,3,3,316.6666666666667,944,948
4654818,OM2026-022 - Filing Receipt 2026-03-06 095835 - A9S9E4,2,2,2,191.0,357,381
4654820,C38465-1 2026-03-06 IESPL to CER Bi-weekly Project Update February 16 to 28 2026 - A9S9F6,2,2,2,150.0,292,357
4654821,Filing Receipt 2026-03-06 121521 - A9S9F7,2,2,2,257.5,490,515
4654823,Filing Receipt 2026-03-06 142448 - A9S9H3,2,2,2,267.5,510,535
4654824,C38492-1 2026-02-27 LT CER and Minister Re STSA Concerns wt Commission Report - A9S9T0,11,11,11,302.3333333333333,4226,4471
4654831,C38497-1 OM2026-050 - Notification of Operation and Maintenance Activities - Notification des activités d'exploitation et d'entretien - 2026-03-10 1551 - A9S9U3,4,4,4,245.66666666666666,927,925
4654832,OM2026-050 - Filing Receipt 2026-03-10 155126 - A9S9U4,2,2,2,189.5,354,378
4654834,C38504-1 01 Letter to CER re Condition 14b of Order XG-017-2024 - A9S9X0,1,1,1,258.0,236,250
4654835,C38504-2 02 Condition 14b - Quarterly Construction Progress Report - A9S9X1,2,2,2,203.0,387,387
4654836,Filing Receipt 2026-03-11 123849 - A9S9X2,2,2,2,280.0,535,560
4654839,C38511-3 Commission - Order EBU-072-2026 - SUMMERLIN LTD. - exportation of butanes - A9T0A0,1,1,1,256.0,257,259
4654840,C38511-4 Commission - Ordonnance EBU-072-2026 - SUMMERLIN LTD. - exportation de butanes - A9S9Z9,1,1,1,286.0,287,287
4654842,C38513-1 OM2026-051 - Notification of Operation and Maintenance Activities - Notification des activités d'exploitation et d'entretien - 2026-03-12 0744 - A9T0A4,4,4,4,296.6666666666667,1085,1085
4654843,OM2026-051 - Filing Receipt 2026-03-12 074443 - A9T0A5,2,2,2,198.0,371,395
4654845,C38530-1 TCPL 2027-2030 Mainline Settlement Application - A9T0G8,19,19,19,306.3333333333333,5669,5976
4654846,C38530-2 Attachment 1 - Supported TTF Resolution 2025-01 - A9T0G9,209,209,209,335.0,68258,75788
4654848,"C38531-2 Ordonnance – GO-022-2026 to CarbonBetter NA, LLC – Exportation du gaz - A9T0H1",1,1,1,297.0,298,297
4654850,C38535-1 Commission - Letter - Saskatchewan Power - Application to Construct and Operate the Southwest Power Pool to SaskPower Interconnection 230 kV - EHW-001-2025 Proceeding - A9T0I5,1,1,1,255.0,285,281
4654851,C38535-2 Commission - IR No. 3 - Saskatchewan Power - Application to Construct and Operate the Southwest Power Pool to SaskPower Interconnection 230 kV - EHW-001-2025 Proceeding - A9T0I6,2,2,2,182.0,340,340
4654907,C38470-1 Marten Hills Producer Tie-in Rehabilitation-Condition 2ai Annulus Test Report - A9S9H0,6,6,6,139.33333333333334,942,1054
4654908,Filing Receipt 2026-03-06 140809 - A9S9H1,2,2,2,243.0,461,485
4654912,C38476-1 Commission - Letter - TNPI - Review of Abandonment Funding - Extension Request for Information Request No. 2 - A9S9I9,2,2,2,172.0,349,356
4654913,C38476-2 Commission - Lettre - PTNI - Examen du financement de la cessation d’exploitation - Demande de report relatif à la demande de renseignement nº 2 - A9S9I8,2,2,2,197.5,379,407
4654916,C38479-1 C150 TMEP Caribou Monitoring Report - 2026-03-09 - A9S9J6,81,81,81,198.0,23199,24944
4654917,Filing Receipt 2026-03-09 135955 - A9S9J7,2,2,2,248.0,471,496
4654918,C38485-2 Application for Leave to Transfer the Canadian Mainline System and Application for Leave to Amalgamate - A9S9L6,17,17,17,248.66666666666666,4796,4888
4654919,C38485-5 Appendix C - Certificate of Incorporation for Enbridge Mainline GP Inc. - A9S9L9,7,7,7,252.66666666666666,1627,1815
4654920,C38485-6 Appendix D - Simplified Organization Chart - A9S9Q0,1,1,1,111.0,12,13
4654924,C38506-1 2017 NGTL SXP NWML BLS Condition 33 CHRMR Year Three Chinchaga Offsets Part 1 of 2 - A9S9X8,37,37,37,215.0,9919,10234
4654930,C38529-1 Cover Letter NorthRiver NEBC Connector Project Condition 33 Compliance Filing Report No. 7 - A9T0G5,1,1,1,137.0,124,124
4654931,C38529-2 Construction Progress Report No. 7 - A9T0G6,9,9,9,219.66666666666666,1860,1839
4654933,C38534-1 OM2026-056 - Attachment 1 - Water body Table - A9T0I2,2,2,2,254.0,438,547
4655007,C38499-4 Commission – ordonnance AO-002-XG-012-2024 - NGTL GP - Doublement de la canalisation latérale au point de vente Leming Lake (section Field Lake) - Condition 10 – Mise à jour des caractéristiques techniques - A9S9U9,2,2,2,286.5,570,584
4655010,"C38501-1 Commission - Order GO-021-2026 - Puget Sound Energy, Inc. - Exportation of Gas - A9S9V8",1,1,1,263.0,264,265
4655011,"C38501-2 Commission - Ordonnance GO-021-2026 - Puget Sound Energy, Inc. - exportation de gaz - A9S9V7",1,1,1,295.0,296,295
4655013,C38502-1 Letter to Maritimes & Northeast Pipeline Management Ltd. - Application for 2026-2027 Toll Settlement - A9S9W1,2,2,2,242.0,468,501
4655014,C38502-2 Lettre à Maritimes & Northeast Pipeline Management Ltd. - Demande visant le règlement sur les droits pour 2026-2027 - A9S9W0,2,2,2,266.0,523,551
4655015,C38502-3 Order TG-001-2026 - Maritimes & Northeast Pipeline Management Ltd. - Application for 2026-2027 Toll Settlement - A9S9W3,2,2,2,267.0,531,532
4655016,C38503-4 Appendix B to CER Tariff No. 592 - A9S9W8,7,7,7,721.6666666666666,4587,5256
4655018,C38505-1 CER No. 593 - Transmittal Letter - A9S9X3,2,2,2,0.0,409,426
4655019,C38505-2 CER No. 593 - A9S9X4,9,9,9,192.66666666666666,2035,3101
4655021,C38506-2 2017 NGTL SXP NWML BLS Condition 33 CHRMR Year Three Chinchaga Offsets Part 2 of 2 - A9S9X9,190,190,190,143.0,33573,14428
4655024,C38514-1 OM2026-052 - Attachment 2 - Current Pipe Specs - A9T0A6,1,1,1,87.0,56,61
4655025,C38514-2 OM2026-052 - Attachment 3 - Water Body Table - A9T0A7,3,3,3,215.66666666666666,545,735
4655026,C38514-3 OM2026-052 - Attachment 1 - Aerial Image - A9T0A8,1,1,1,30.0,0,0
4655027,C38514-4 OM2026-052 - Notification of Operation and Maintenance Activities - Notification des activités d'exploitation et d'entretien - 2026-03-12 0746 - A9T0A9,4,4,4,334.0,1198,1196
4655028,OM2026-052 - Filing Receipt 2026-03-12 074659 - A9T0C0,2,2,2,208.0,391,416
4655030,C38515-1 OM2026-053 - Notification of Operation and Maintenance Activities - Notification des activités d'exploitation et d'entretien - 2026-03-12 0750 - A9T0C1,4,4,4,296.6666666666667,1075,1087
4655031,OM2026-053 - Filing Receipt 2026-03-12 075020 - A9T0C2,2,2,2,198.0,371,395
4655035,C38532-2 Commission Lettre - Enbridge Pipelines Inc. - Projet d’optimisation de la canalisation 93 - A9T0H5,3,3,3,376.6666666666667,1060,1152
4655036,C38532-3 Commission Order XO-003-2026 - Enbridge Pipelines Inc. - Line 93 Optimization Project - A9T0H6,3,3,3,213.33333333333334,633,634
4655037,C38532-4 Commission Ordonnance XO-003-2026 - Enbridge Pipelines Inc. - Projet d’optimisation de la canalisation 93 - A9T0H7,3,3,3,234.33333333333334,696,696
4655038,Receipt - Accusé de réception - A9T0H8,2,2,2,144.5,289,289
4655039,C38533-2 OM2026-055 - Notification of Operation and Maintenance Activities - Notification des activités d'exploitation et d'entretien - 2026-03-13 1502 - A9T0I0,4,4,4,298.6666666666667,1090,1090
4655040,OM2026-055 - Filing Receipt 2026-03-13 150224 - A9T0I1,2,2,2,201.5,378,402
4655042,C38536-1 OM2026-057 - Attachment 1 - Aerial Image - A9T0I8,4,4,4,26.0,0,0
4655043,C38536-2 OM2026-057 - Attachment 2 - Current Pipe Detials - A9T0I9,1,1,1,139.0,112,117
4655109,C38486-1 North Montney Project - Cond. 38 Caribou Habitat Restoration Monitoring Offsets Year One Report - A9S9R0,58,58,58,242.33333333333334,13128,12707
4655110,Filing Receipt 2026-03-10 084324 - A9S9R1,2,2,2,236.0,447,471
4655112,C38487-1 Request for Revocation of Electricity Export Permit EPE-434 - A9S9R2,1,1,1,206.0,149,176
4655115,C38500-1 Commission - Letter - NGTL GP - Leming Lake Sales Lateral Loop (Field Lake Section) Project - Order XG-012-2024 - Application for Leave to Open - A9S9V3,1,1,1,121.0,132,147
4655116,C38500-2 Commission - Lettre - ordonnance GPLO-002-2026 - NGTL GP - Doublement de la canalisation latérale au point de vente Leming Lake (section Field Lake) - Ordonnance XG-012-2024 -Demande de mise en service - A9S9V2,1,1,1,144.0,145,168
4655117,C38500-3 Commission - Order GPLO-002-2026 - NGTL GP - Leming Lake Sales Lateral Loop (Field Lake Section) Project - Order XG-012-2024 - Application for Leave to Open - A9S9V5,1,1,1,221.0,222,222
4655118,C38500-4 Commission – ordonnance GPLO-002-2026 - NGTL GP - Doublement de la canalisation latérale au point de vente Leming Lake (section Field Lake) - Ordonnance XG-012-2024 -Demande de mise en service - A9S9V4,1,1,1,240.0,240,240
4655120,C38503-1 CER Mainline IJT No 592 Transmittal Letter - A9S9W5,2,2,2,196.5,362,390
4655121,C38503-2 CER IJT No. 592 - FERC No. 45.45.0 - A9S9W6,8,8,8,267.6666666666667,2482,2972
4655122,C38503-3 Appendix A to CER Tariff No. 592 - A9S9W7,5,5,5,928.3333333333334,4057,3624
4655123,C38516-4 OM2026-054 - Notification of Operation and Maintenance Activities - Notification des activités d'exploitation et d'entretien - 2026-03-12 1155 - A9T0C6,4,4,4,331.0,1197,1193
4655124,OM2026-054 - Filing Receipt 2026-03-12 115551 - A9T0C7,2,2,2,208.0,391,416
4655125,"C38531-1 Order – GO-022-2026 to CarbonBetter NA, LLC – Exportation of gas - A9T0H2",1,1,1,265.0,266,267
4655128,C38533-1 OM2026-055 - Attachment 1 - Water Body Table - A9T0H9,1,1,1,228.0,192,230
4655209,C38511-1 Commission - Order EPR-111-2026 - SUMMERLIN LTD. - exportation of propane - A9S9Z8,1,1,1,256.0,257,259
4655211,C38518-1 Application for Short-Term Natural Gas Export Orders - EN - A9T0D0,3,3,3,131.66666666666666,386,386
4655213,C38518-3 Demande d’ordonnance d’exportation de gaz naturel à court terme - FR - A9T0D2,3,3,3,160.0,468,465
4655217,C38519-1 Leming Lake Sales Lateral Loop (Sand Section) Application for Leave to Open Cvr Ltr Tab A-B - A9T0D5,16,16,16,159.66666666666666,5505,3120
4655218,C38536-3 OM2026-057 - Notification of Operation and Maintenance Activities - Notification des activités d'exploitation et d'entretien - 2026-03-13 1544 - A9T0J0,4,4,4,315.0,1147,1143
4655220,C38538-1 OM2026-058 - Notification of Operation and Maintenance Activities - Notification des activités d'exploitation et d'entretien - 2026-03-13 1819 - A9T0J5,4,4,4,285.6666666666667,1060,1060
4655221,OM2026-058 - Filing Receipt 2026-03-13 181920 - A9T0J6,2,2,2,186.0,349,371
4655311,C38523-1 2026-03-12 - Letter to CER - A9T0E6,1,1,1,162.0,149,150
4655312,C38523-2 Appendix D - SW 2-13-6-W4 Pole Removal - A9T0E7,1,1,1,118.0,449,118
4655313,C38523-3 Appendix E - SW 2-13-6-W4 Pole Installation - A9T0E8,1,1,1,93.0,677,93
4655314,C38523-4 Appendix F - NW 35-12-6-W4 Pole Removal - A9T0E9,1,1,1,212.0,155,216
4655315,C38523-5 Appendix G - NW 35-12-6-W4 Pole Installation - A9T0F0,1,1,1,127.0,145,161
4655318,C38524-1 Commission - Letter to NGTL GP - Grande Prairie Mainline Loop No. 3 - Colt Section - Legislated Time Limit and Decision on Process - A9T0F2,2,2,2,310.0,609,645
4655319,C38524-2 Commission-Lettre-NGTL GP Ltd. - Doublement no 3 de la canalisation principale Grande Prairie–Section Colt-Délai prescrit par la loi et décision quant au processus - A9T0F3,2,2,2,366.5,722,761
4655320,Receipt - Accusé de réception - A9T0F4,2,2,2,149.5,297,297
4655322,"C38527-1 Westcoast Energy GP ULC on behalf of Westcoast Energy Limited Partnership Aspen Point Program Order XG-017-2024, as amended Condition 19 – Power Systems Protection – CS-1B Electrical Facilities - A9T0G1",4,4,4,236.0,1169,1212
4655323,"C38527-2 Westcoast Energy GP ULC, au nom de Westcoast Energy Limited Partnership Programme Aspen Point - Ordonnance XG‑017‑2024, dans sa version modifiée - Condition 19 – Protection du réseau – Installations électriques CS‑1B - A9T0G0",4,4,4,293.3333333333333,1415,1461
4655326,C38532-1 Commission Letter - Enbridge Pipelines Inc. - Line 93 Optimization Project - A9T0H4,3,3,3,330.3333333333333,930,1017
4655328,OM2026-057 - Filing Receipt 2026-03-13 154407 - A9T0J1,2,2,2,195.5,368,390
4655330,C38537-1 Commission - Letter to Emera Brunswick Pipeline Company Ltd. - Assessment of Surety Bond for Abandonment Funding - A9T0J3,2,2,2,392.0,738,809
4655331,C38537-2 Commission - Lettre à Emera Brunswick Pipeline Company Ltd. - Évaluation du cautionnement pour le financement de la cessation d’exploitation - A9T0J2,3,3,3,318.0,887,978
4655411,C38520-1 Réponse de PTNI à la correspondance du 20 janvier de Sylvain Gougeon - A9T0E0,9,9,9,171.66666666666666,2022,2080
4655414,C38525-1 Imperial Oil Withdrawal of Letter Requesting Amendment to Proceeding Scheduledocx - A9T0F5,1,1,1,194.0,191,196
4655416,Filing Receipt 2026-03-13 130428 - A9T0G7,2,2,2,266.5,508,537
4655859,C38836-4 Commission - Ordonnance AO-002-XG-011-2025 - Doublement de la canalisation latérale au point de vente Leming Lake (section Sand) - Condition 8 - Mise à jour des caractéristiques techniques - A9T5A0,2,2,2,243.5,483,527
4656282,C38510-4 Commission - Ordonnance ZO-002-2026 - Westcoast Energy Inc. - La cessation d'exploitation du prolongement du pipeline Grizzly - A9S9Z4,6,6,6,339.0,2013,2012
4656834,C38565-2 F-noadop-eng-Draft.pdf - A9T0V4,2,2,2,268.5,538,541
4656837,C38571-1 IR Response 2026-03-18 132133 - A9T0Y2,2,2,2,259.0,518,518
4656838,OM2026-048 - Filing Receipt 2026-03-18 132138 - A9T0Y3,2,2,2,222.0,419,443
4656839,C38576-2 Commission - Lettre à Westover Express Pipeline - Demande visant le remplacement du fiduciaire de la fiducie constituée pour la cessation d’exploitation de la canalisation 10 - A9T0Z4,5,5,5,304.0,1828,1884
4656842,Filing Receipt 2026-03-18 153320 - A9T1A4,2,2,2,252.5,480,508
4656843,C38589-2 Commission - Ordonnance RO-ROE-004-2026 - MEG Energy Corp.- Exportation du pétrole brut léger et lourd ainsi que des produits pétroliers raffinés - A9T1E4,1,1,1,269.0,270,273
4656844,"C38590-6 REC – Lettre à Energy Transfer Operations GP LLC, au nom de Sunoco Pipeline L.P. - Avis d’audit au titre de la réglementation financière pour les années 2023 à 2025 - A9T1F1",8,8,8,384.6666666666667,2189,2331
4656845,C38590-7 CER – Letter to NorthRiver Midstream Canada Partner Limited as general partner and on behalf of NorthRiver Midstream Canada LP – Notification of Financial Regulatory Audit of Years 2023 to 2025 - A9T1F4,7,7,7,344.0,1969,2097
4656846,C38593-1 OM2026-067 - Notification of Operation and Maintenance Activities - Notification des activités d'exploitation et d'entretien - 2026-03-19 1516 - A9T1H2,5,5,5,263.0,1276,1281
4656847,OM2026-067 - Filing Receipt 2026-03-19 151615 - A9T1H3,2,2,2,189.5,354,378
4656849,C38596-1 Letter to CER re Condition 6 – Caribou Habitat Restoration Plan - A9T1H9,1,1,1,193.0,162,170
4656851,C38600-1 Letter to CER re Condition 8 - Forest Management and Old Growth Mitigation Plan - A9T1I8,1,1,1,200.0,169,177
4656852,C38600-2 Condition 8(a) - Forest Management Plan - A9T1I9,36,36,36,254.0,10867,11182
4656853,C38600-3 Condition 8(b) - Old Growth Mitigation Plan (Part 1 of 6) - A9T1J0,89,89,89,79.33333333333333,21744,22823
4656854,Filing Receipt 2026-03-20 120651 - A9T1K4,2,2,2,244.0,463,487
4656855,C38610-2 2026-03-20 - Pipelines Trans-Nord inc. - Rapport de contre-expertise M Bisaillon - A9T1R2,36,36,36,60.333333333333336,9557,9552
4656856,C38610-3 2026-03-20 - Lettre de PTNI au sujet du dépôt d une réponse caviardée - A9T1R3,3,3,3,273.6666666666667,860,852
4656858,C38628-1 MTL20 Reactivation and change of service application-EN - A9T1V9,23,23,23,128.33333333333334,3427,3444
4656861,C38632-1 2026-03-24 - Pipelines Trans-Nord inc. - Lettre au sujet de la demande de report de la conférence préparatoire du Propriétaire - A9T1X9,2,2,2,210.0,452,448
4656863,C38641-9 Condition 9 - Updated Environmental Protection Plan - Pipeline (Part 8 of 8) - A9T2D0,1,1,1,578.0,553,0
4656864,C38641-10 Condition 9 - Updated Environmental Protection Plan - Facilities (Part 1 of 2) - A9T2D1,207,207,207,516.3333333333334,73953,68702
4656865,C38641-11 Condition 9 - Updated Environmental Protection Plan - Facilities (Part 2 of 2) - A9T2D2,30,30,30,601.0,11795,7932
4656866,C38641-12 Condition 9 - Updated Environmental Protection Plan - Powerline (Part 1 of 2) - A9T2D3,253,253,253,267.0,91880,92192
4656867,C38641-13 Condition 9 - Updated Environmental Protection Plan - Powerline (Part 2 of 2) - A9T2D4,34,34,34,394.3333333333333,10251,10663
4656869,C38644-1 Letter - A9T2E1,2,2,2,206.5,334,355
4656872,C38646-1 2026.03.25 LT CER status update - A9T2E6,2,2,2,133.0,288,268
4656875,OM2026-072 - Filing Receipt 2026-03-26 152525 - A9T2L7,2,2,2,197.5,370,394
4656877,C38681-1 Buffalo Creek B3 and Goodfish A2 CS Unit Addition - Condition 10 CHROMMP - A9T2S9,101,101,101,221.33333333333334,30195,30885
4656878,Filing Receipt 2026-03-27 132930 - A9T2T0,2,2,2,270.0,515,539
4656880,C38682-1 North Central Corridor Remediation - Condition 8 CHOMMP - A9T2T1,101,101,101,221.33333333333334,30195,30885
4656885,C38704-1 Commission - Order GO-024-2026 - BP Canada Energy Group ULC - Exportation of Gas - A9T3C5,1,1,1,264.0,265,266
4656886,C38704-2 Commission - Ordonnance GO-024-2026 - BP Canada Energy Group ULC - exportation de gaz - A9T3C4,1,1,1,296.0,297,297
4656888,C38706-2 OM2026-063 - 10MTSRJ-02180-2025-MP-1.50-2025 CER IR - A9T3D0,8,8,8,11383.666666666666,2465,453
4656889,C38706-4 OM2026-063 - 10MTSRJ-12810-2025-MP-9.32-2025 CER IR - A9T3D2,1,1,1,712.0,23,0
4656890,C38706-5 OM2026-063 - 10SRJSMT5870-2026-MP-19.72-2026 CER IR - A9T3D3,1,1,1,8709.0,103,44
4656891,C38706-6 OM2026-063 - 10SRJSMT5870-2026-MP-19.74-2026 CER IR - A9T3D4,1,1,1,8670.0,0,44
4656892,C38706-7 OM2026-063 - 16MTSRJ03670-2024-ML-3.35-2024 CER IR - A9T3D5,1,1,1,374.0,17,0
4656893,OM2026-063 - Filing Receipt 2026-03-30 132516 - A9T3D6,2,2,2,267.5,510,535
4656895,C38710-1 Letter to CER re Westocast 2025 Decommissioning Expenditures Report - A9T3F3,1,1,1,161.0,139,146
4656896,C38710-2 Westcoast 2025 Decommissioning Expenditures Report - A9T3F4,1,1,1,62.0,62,61
4656898,C38717-1 Plains Midstream Canada ULC SIPP Filing March 2026 Cover Letter - A9T3H2,2,2,2,145.0,266,263
4656899,C38717-2 Plains Midstream Canada ULC 2026 SIPP - A9T3H3,20,20,20,87.33333333333333,4886,5436
4656901,C38718-1 Plains Canada Liquid Pipelines ULC SIPP Filing March 2026 Cover Letter - A9T3H5,1,1,1,171.0,160,158
4656902,C38718-2 Plains Canada Liquid Pipelines ULC 2026 SIPP - A9T3H6,20,20,20,88.33333333333333,4832,5470
4656905,C38732-3 Bear Island 6 Breakpoint Plans - A9T3Q2,62,62,62,128.66666666666666,23583,1681
4656918,C38747-1 NGTL 2025-2029 Settlement - Compliance to Order TG-009-2020 - A9T3U5,33,33,33,125.33333333333333,4432,4654
4656920,C38751-1 Trans Northern Pipeline Inc SIPP Cover Letter - A9T3W3,1,1,1,143.0,112,113
4656922,C38753-1 2026-03-31 TNPI April 2026 Toll Application and Attachments - A9T3W8,17,17,17,329.6666666666667,4344,4827
4656925,"C38756-1 Commission - Letter - Enbridge - Filing of Canadian Local Tolls Tariff CER Tariff No. 595, and International Joint Tolls Tariff CER Tariff No. 596 - Interim Toll Application - A9T3X5",2,2,2,220.5,439,460
4656926,C38756-2 Commission - Lettre - Enbridge - Dépôt des droits du tarif local canadien (tarif nº 595) et des droits du tarif conjoint international (tarif nº 596) - Demande d’approbation de droits provisoires - A9T3X4,2,2,2,264.0,555,554
4656927,"C38756-3 Commission - Order TOI-001-2026 - Enbridge - Filing of Canadian Local Tolls Tariff CER Tariff No. 595, and International Joint Tolls Tariff CER Tariff No. 596 - Interim Toll Application - A9T3X7",2,2,2,205.0,407,408
4656928,C38756-4 Commission-Ordonnance TOI-001-2026-Enbridge-Dépôt des droits du tarif local canadien (tarif nº 595) et des droits du tarif conjoint international (tarif nº 596)-Demande d’approbation de droits provisoires - A9T3X6,2,2,2,243.0,484,489
4656931,C38761-1 Application to Amend Abandonment Cost Estimate March 2026 - A9T3Z3,6,6,6,332.6666666666667,1874,2039
4656932,C38761-2 ACE Tables and Calculation - A9T3Z4,23,23,23,1398.3333333333333,3049,37956
4656935,C38764-1 01 Letter to CER re Condition 13 of Order XG-017-2024 - A9T4A3,2,2,2,147.0,267,268
4656936,C38764-2 02 Condition 13 - Indigenous Engagement Report - A9T4A4,31,31,31,439.6666666666667,14338,14407
4656937,Filing Receipt 2026-04-01 111554 - A9T4A5,2,2,2,310.5,596,610
4656938,C38765-3 Table 1 - A9T4A8,2,2,2,0.0,294,256
4656939,C38765-4 Certificate of Insurance - A9T4A9,2,2,2,0.0,232,258
4656941,C38777-1 Letter to CER re Notice of Motion to Strike Evidence - A9T4E8,1,1,1,211.0,190,189
4656942,C38539-1 OM2026-059 - Notification of Operation and Maintenance Activities - Notification des activités d'exploitation et d'entretien - 2026-03-13 2211 - A9T0J7,4,4,4,274.3333333333333,1012,1012
4656943,OM2026-059 - Filing Receipt 2026-03-13 221128 - A9T0J8,2,2,2,189.0,353,377
4656944,C38545-1 Statement of Concern - Coldwater Indian Band - A9T0L1,5,5,5,210.0,1431,1432
4656946,C38557-1 OM2026-061 - Surveys - A9T0T0,6,6,6,750.3333333333334,2771,3492
4656947,C38557-2 OM2026-061 - Notification of Operation and Maintenance Activities - Notification des activités d'exploitation et d'entretien - 2026-03-17 0951 - A9T0T1,4,4,4,223.33333333333334,852,850
4656948,OM2026-061 - Filing Receipt 2026-03-17 095133 - A9T0T2,2,2,2,190.5,358,380
4656950,C38562-1 CER – Letter - NGTL GP. Ltd. - Application for the Grande Prairie Mainline Loop No. 3 - Colt Section filed 12 February 2026 - Consultation pursuant to subsection 77(1) of the Species at Risk Act - A9T0U7,2,2,2,331.5,666,687
4656951,"C38562-2 REC - Lettre - NGTL GP Ltd. - Demande visant le projet de doublement no 3 de la canalisation principale Grande Prairie - Section Colt, présentée le 12 février 2026 - Consultation aux termes du paragraphe 77(1) de la Loi sur les e - A9T0U6",2,2,2,378.5,767,781
4656953,C38565-1 Fortis Inc Annual Report 2025.pdf - A9T0V3,89,89,89,527.3333333333334,50251,50781
4656956,C38572-1 Commission – Letter to Trans Mountain - Application under section 214 of the Canadian Energy Regulator Act - Drag Reducing Agent - Seeking response to statements of concern - A9T0Y4,2,2,2,131.0,260,287
4656959,Receipt - Accusé de réception - A9T1C4,2,2,2,151.5,303,304
4656960,C38586-1 Certificate of Status 1773932470422.pdf - A9T1D0,1,1,1,188.0,193,183
4656961,C38586-2 Application for Short-Term Natural Gas Export Orders - EN - A9T1D1,3,3,3,133.66666666666666,386,391
4656963,C38586-4 Demande d’ordonnance d’exportation de gaz naturel à court terme - FR - A9T1D3,3,3,3,162.66666666666666,476,471
4656967,C38590-1 CER - Letter to Campus Energy Partners Operations Inc. – Notification of Financial Regulatory Audit of Years 2023 to 2025 - A9T1E8,7,7,7,344.0,1969,2097
4656969,"C38594-1 MGM OA IR#2 Response CER File reference number 6489439 March 20, 2026 - A9T1H4",2,2,2,308.0,589,586
4656971,C38596-2 Condition 6 - Caribou Habitat Restoration Plan (Part 1 of 2) - A9T1I0,75,75,75,272.0,28387,29093
4656973,C38600-4 Condition 8(b) - Old Growth Mitigation Plan (Part 2 of 6) - A9T1J1,28,28,28,206.66666666666666,2575,3304
4656975,C38602-1 Letter to CER re Application for 2026 Final Tolls - A9T1J9,2,2,2,202.5,381,394
4656976,C38602-2 Attachment 1 - Issue Resolution Sheet - A9T1K0,17,17,17,347.0,5392,5629
4656977,C38602-3 Attachment 2 - Toll Schedules - A9T1K1,8,8,8,146.33333333333334,1692,1900
4656982,C38607-1 Commission Letter - Enbridge Pipelines Inc. - Line 1 Optimization Project - A9T1L7,3,3,3,343.0,967,1055
4656983,C38607-2 Commission Lettre - Enbridge Pipelines Inc. - Projet d’optimisation de la canalisation 1 - A9T1L8,3,3,3,392.6666666666667,1109,1201
4656984,C38607-3 Commission Order XO-002-2026 - Enbridge Pipelines Inc. - Line 1 Optimization Project - A9T1L9,3,3,3,220.0,653,660
4656985,C38607-4 Commission Ordonnance XO-002-2026 - Enbridge Pipelines Inc. - Projet d’optimisation de la canalisation 1 - A9T1Q0,3,3,3,249.0,741,750
4656986,Receipt - Accusé de réception - A9T1Q1,2,2,2,144.5,289,289
4656988,C38610-1 2026-03-20 - Pipelines Trans-Nord inc. - Réponse à la réclamation détaillée et annexes (version caviardée) - A9T1R1,122,122,121,237.66666666666666,40973,40121
4656991,C38616-1 2026-03-23 IESPL to CER Annual Permafrost Report Extension Request - A9T1S6,1,1,1,198.0,174,173
4656992,C38620-1 OM2026-069 - Notification of Operation and Maintenance Activities - Notification des activités d'exploitation et d'entretien - 2026-03-23 1501 - A9T1T6,4,4,4,297.0,1086,1086
4656993,OM2026-069 - Filing Receipt 2026-03-23 150121 - A9T1T7,2,2,2,198.0,371,395
4656999,"C38629-1 2015 12 30 Filed Certificate of Organization-Coleman Oil Company, LLC.pdf - A9T1W8",1,1,1,0.0,231,232
4657000,C38629-2 Application for Short-Term NGL Export Orders - EN - A9T1W9,2,2,2,202.0,396,401
4657002,C38629-4 Demande d’ordonnance d’exportation à court terme de LGN - FR - A9T1X1,2,2,2,242.5,472,479
4657004,C38633-4 04 Attachment 3 - Substation NGR Data Sheet - A9T1Y4,3,3,3,29.0,587,640
4657005,C38633-9 09 Attachment 7 - Compressor Station Power Study - Part 1 of 2 - A9T1Y9,224,224,224,256.3333333333333,78687,72497
4657006,C38633-10 10 Attachment 7 - Compressor Station Power Study - Part 2 of 2 - A9T1Z0,11,11,11,33.0,2258,981
4657007,C38633-11 11 Attachment 8a - Compressor Station MCC - A9T1Z1,194,194,194,66.0,70172,40681
4657008,Filing Receipt 2026-03-24 111155 - A9T1Z3,2,2,2,333.5,565,666
4657010,C38637-1 NGTL GP 2025 Abandonment Program Cond. 4 Updated Environmental Protection Plan - A9T2A4,212,212,212,164.66666666666666,56154,49982
4657011,Filing Receipt 2026-03-24 134431 - A9T2A5,2,2,2,246.5,468,493
4657013,C38640-1 IR Response 2026-03-24 151218 - A9T2C0,2,2,2,236.0,472,471
4657014,OM2026-048 - Filing Receipt 2026-03-24 151219 - A9T2C1,2,2,2,222.0,419,443
4657015,C38647-1 Commission – Letter – NGTL GP – Whiskey Jack Lake Ethane Extraction Plant Tie-in – condition 5 – Technical Specification Updates - A9T2E9,2,2,2,199.0,396,423
4657016,C38647-2 Commission – Lettre – NGTL GP – Raccordement à l’usine d’extraction d’éthane Whiskey Jack Lake – Condition 5 – Mises à jour des caractéristiques techniques - A9T2E8,2,2,2,231.5,461,482
4657017,C38647-3 Commission - Order AO-001-XG-007-2025 – NGTL GP – Whiskey Jack Lake Ethane Extraction Plant Tie-in – condition 5 – Technical Specification Updates - A9T2F1,2,2,2,219.0,402,403
4657018,C38647-4 Commission – Ordonnance AO-001-XG-007-2025 – NGTL GP – Raccordement à l’usine d’extraction d’éthane Whiskey Jack Lake – Condition 5 – Mises à jour des caractéristiques techniques - A9T2F0,2,2,2,239.5,432,433
4657021,C38649-1 Commission – Letter to NGTL GP Ltd - Pipestone Creek Receipt Meter Station Expansion - Order XG-009-2025 - Condition 5 – Technical Specification Updates - A9T2F7,2,2,2,162.5,323,350
4657022,C38649-2 Commission – Lettre à NGTL GP Ltd. – Agrandissement de la station de comptage au point de réception Pipestone Creek - Condition 5 – Mises à jour des caractéristiques techniques - A9T2F6,2,2,2,197.5,393,419
4657023,C38649-3 Commission – Order AO-001-XG-009-2025 to NGTL GP Ltd - Pipestone Creek Receipt Meter Station Expansion - Order XG-009-2025 - Condition 5 – Technical Specification Updates - A9T2F9,2,2,2,238.0,473,534
4657024,C38649-4 Commission – Ordonnance AO-001-XG-009-2025 à NGTL GP Ltd. – Agrandissement de la station de comptage au point de réception Pipestone Creek - Condition 5 – Mises à jour des caractéristiques techniques - A9T2F8,2,2,2,263.0,523,608
4657025,"C38659-1 Commission - Letter - AlbertaEx G.P. Inc., on behalf of AlbertaEx, L.P. - Application to vary the geographic scope of Permit EPE-498 - A9T2I3",2,2,2,182.0,352,390
4657026,"C38659-2 Commission - Lettre - AlbertaEx G.P. Inc., au nom d’AlbertaEx, L.P., - Demande visant à modifier la portée géographique du permis EPE-498 - A9T2I2",2,2,2,214.5,408,453
4657027,"C38659-3 Commission - Order AO-001-EPE-498 - AlbertaEx G.P. Inc., on behalf of AlbertaEx, L.P. - Application to vary the geographic scope of Permit EPE-498 - A9T2I5",2,2,2,266.5,530,531
4657028,"C38659-4 Commission - Ordonnance AO-001-EPE-498 - AlbertaEx G.P. Inc., au nom d’AlbertaEx, L.P., - Demande visant à modifier la portée géographique du permis EPE-498 - A9T2I4",2,2,2,273.5,541,548
4657029,C38660-1 CLT IJT Interim CER Nos 595 596 Transmittal Letter - A9T2I7,3,3,3,235.0,626,703
4657030,C38660-2 CLT Interim CER No. 595 - A9T2I8,5,5,5,340.6666666666667,1812,2549
4657031,C38660-3 IJT Interim CER No. 596 - FERC No. 45.46.0 - A9T2I9,8,8,8,268.6666666666667,2531,3022
4657032,C38660-4 Appendix A to Interim CER Tariff No. 596 - A9T2J0,5,5,5,932.3333333333334,4071,3676
4657033,C38660-5 Appendix B to Interim CER Tariff No. 596 - A9T2J1,7,7,7,780.0,4957,5726
4657034,C38660-6 Appendix C to Interim CER Tariff No. 595 - A9T2J2,6,6,6,342.0,1856,2669
4657036,C38665-3 Commission – Order MO-015-2026 – Leave for Trans Mountain to acquire yard piping from Imperial and PKM Canada (Jet Fuel) Inc. - A9T2K8,1,1,1,238.0,238,238
4657037,C38665-4 Commission – Ordonnance MO-015-2026 – Autorisation à Trans Mountain à acquérir la tuyauterie extérieure de L’Impériale et PKM Canada (Jet Fuel) Inc. - A9T2K7,1,1,1,262.0,263,263
4657038,C38665-5 Commission – Order AO-004-XO-T260-003-2017 – Acquisition of yard piping by Trans Mountain Pipeline ULC from Imperial and PKM Canada (Jet Fuel) Inc. - A9T2L0,2,2,2,233.0,463,464
4657039,C38665-6 Commission – Ordonnance AO-004-XO-T260-003-2017 – L’acquisition par Trans Mountain Pipeline ULC de la tuyauterie extérieure auprès de L’Impériale et PKM Canada (Jet Fuel) Inc - A9T2K9,2,2,2,253.5,504,503
4657044,C38674-1 MO-007-2026 Condition 1 Response 27032026 - A9T2R1,1,1,1,172.0,154,154
4657045,Filing Receipt 2026-03-27 092603 - A9T2R2,2,2,2,278.5,532,556
4657047,Filing Receipt 2026-03-27 133129 - A9T2T2,2,2,2,270.5,516,540
4657048,C38687-4 Cover Letter - Consumer Coalition of Alberta Letter - A9T2V2,1,1,1,96.0,97,96
4657049,Receipt - Accusé de réception - A9T2V3,3,3,3,179.66666666666666,538,537
4657051,C38696-1 Incorporation-Constitution (1).pdf - A9T2X8,6,6,6,180.33333333333334,1395,1397
4657055,C38556-1 Cancellation of CER Export Order ROE-004-2026 MEG Energy - A9T0S8,1,1,1,190.0,191,190
4657057,C38559-2 OM2026-063 - Notification of Operation and Maintenance Activities - Notification des activités d'exploitation et d'entretien - 2026-03-17 1124 - A9T0T7,4,4,4,221.0,853,851
4657058,OM2026-063 - Filing Receipt 2026-03-17 112411 - A9T0T8,2,2,2,191.0,359,381
4657060,C38563-1 Reply Evidence - A9T0U9,27,27,24,0.0,8063,1606
4657066,C38573-1 26-03-18 Condition 4 Volume Filing - A9T0Y6,2,2,2,0.0,380,368
4657068,C38574-1 Lettre de 9346-5508 Québec Inc. à la Régie de l énergie du Canada (2026-03-18) - A9T0Y8,3,3,3,348.0,1041,1048
4657071,C38579-1 Condition 12 Filing b - A9T1A3,1,1,1,207.0,194,194
4657072,C38583-2 Commission - Lettre émise à Niagara - Avis de projet concernant le déplacement de la station de contrôle Rockcliffe - Délai prescrit par la loi et décision quant au processus - A9T1C3,2,2,2,268.5,444,564
4657074,C38584-1 Hertel-New York - Échéancier intégrateur des travaux au 2026-03-17 - A9T1C5,1,1,1,294.0,301,295
4657075,C38584-2 2026-03-19 HNY Permis EP-306 cond 12b rapport trimestriel avancement construction - A9T1C6,1,1,1,226.0,227,227
4657076,Filing Receipt 2026-03-19 110434 - A9T1C7,2,2,2,258.0,493,516
4657079,C38588-1 Mar 26 CER letter - A9T1E1,1,1,1,144.0,139,125
4657080,C38588-2 20260317 Lake Erie Connector Commitments Tracking Table Mar 1-31 2026 V97 - A9T1E2,15,15,15,1562.0,23338,22932
4657081,Filing Receipt 2026-03-19 133158 - A9T1E3,2,2,2,254.0,483,508
4657082,C38592-1 Commission - Letter NGTL GP Ltd. – 2025 Meter Stations and Laterals Abandonment Program - A9T1G8,6,6,6,316.0,2445,2543
4657083,C38592-2 Commission - Lettre - NGTL GP Ltd. – programme de cessation d’exploitation de stations de comptage et de canalisations latérales de 2025 - A9T1G7,6,6,6,438.0,2930,3046
4657084,C38592-3 Commission – Order ZO-001-2026 to NGTL GP Ltd. – 2025 Meter Stations and Laterals Abandonment Program - A9T1H0,13,13,13,204.66666666666666,2928,3355
4657085,C38592-4 Commission - Ordonnance ZO-001-2026 émise à NGTL GP Ltd. – programme de cessation d’exploitation de stations de comptage et de canalisations latérales de 2025 - A9T1G9,14,14,14,244.66666666666666,3429,3960
4657088,"C38605-1 Commission Letter - NGTL GP Ltd., as general partner on behalf of NGTL Limited Partnership - Tremblay North Receipt Meter Station - A9T1K9",5,5,5,359.0,2023,2111
4657089,"C38605-2 Commission Lettre - NGTL GP Ltd., as general partner on behalf of NGTL Limited Partnership - Station de comptage au point de réception Tremblay North - A9T1L0",5,5,5,473.0,2429,2494
4657090,"C38605-3 Commission Order XG-003-2026 - NGTL GP Ltd., as general partner on behalf of NGTL Limited Partnership - Tremblay North Receipt Meter Station - A9T1L1",4,4,4,196.33333333333334,898,937
4657092,"C38617-1 Commission - Letter - NGTL GP Ltd., as general partner on behalf of NGTL Limited Partnership - Yellowhead Mainline Interconnect - Decision on assessment process - A9T1S8",2,2,2,387.0,771,798
4657093,"C38617-2 Commission - Information Request No. 1 - NGTL GP Ltd., as general partner on behalf of NGTL Limited Partnership - Yellowhead Mainline Interconnect - Decision on assessment process - A9T1S9",2,2,2,337.0,650,653
4657095,C38628-4 Appendix C ESA Interactions Table - A9T1W2,5,5,5,440.6666666666667,2512,2504
4657096,C38628-5 Appendix A Maps - A9T1W3,2,2,1,0.0,2,0
4657098,C38630-1 NGTL GP Application for the Sale of the Coaldale South Facilities - A9T1X4,21,21,21,267.6666666666667,4590,4797
4657100,C38633-5 05 Attachment 4a - Substation HV Circuit Breaker - A9T1Y5,10,10,10,219.66666666666666,2723,3148
4657101,C38633-6 06 Attachment 4b - Substation MV SWGR and MCC - A9T1Y6,7,7,7,355.0,1164,1314
4657103,C38635-1 Letter to CER re Vector 2025 Expenditures Report for Order XG-XO-100-2025 - A9T1Z9,1,1,1,177.0,159,177
4657106,C38638-1 NGTL GP 2025 Abandonment Program Program Update No. 2 and Error to Schedule A of the Order - A9T2A6,12,12,12,400.6666666666667,5786,8089
4657109,C38641-4 Condition 9 - Updated Environmental Protection Plan - Pipeline (Part 3 of 8) - A9T2C5,120,120,120,439.0,56204,51335
4657110,C38641-7 Condition 9 - Updated Environmental Protection Plan - Pipeline (Part 6 of 8) - A9T2C8,86,86,86,627.3333333333334,42358,35296
4657113,Filing Receipt 2026-03-25 151950 - A9T2H2,2,2,2,274.0,523,547
4657115,"C38662-1 Commission - Letter to NGTL GP Ltd., as general partner on behalf of NGTL Limited Partnership – Abandonment Funding Set-Aside Mechanism – Amended and Restated Trust Agreement - A9T2J8",2,2,2,248.5,495,522
4657116,C38662-2 Commission - Lettre à NGTL GP Ltd - Mécanisme de mise de côté de fonds en vue de la cessation d’exploitation - Convention de fiducie modifiée et mise à jour - A9T2J7,2,2,2,322.0,642,668
4657118,C38670-1 CER 2025 Production Safety Enviromental Report UGFI March 30 2026 - A9T2Q3,10,10,10,204.66666666666666,2478,2521
4657121,C38685-1 North Corridor Expansion - Condition 32 CHROMMP Hidden Lake North Compressor Station Unit Addition - A9T2T8,102,102,102,268.6666666666667,28650,29309
4657122,Filing Receipt 2026-03-27 140211 - A9T2T9,2,2,2,271.0,517,542
4657124,C38691-1 Trans Mountain - Application for Interim Commencement Date Tolls and Other Matters related to the Expanded Trans Mountain Pipeline System - RH-002-2023 Ruling No. 33 – Trans Mountain Pipeline ULC’s request for further abeyance- A9T2W4,1,1,1,331.0,332,349
4657127,C38692-1 LT CER re Request by Consent for Extension of Time to File Expert Evidence - A9T2W6,2,2,2,215.5,430,384
4657129,C38694-1 Application for Approval of Reimbursement for Original Coquihalla Crossing No. 10 Decommissioning Costs- Cover Letter - A9T2X0,1,1,1,214.0,175,175
4657130,C38694-2 Application for Approval of Reimbursement for Original Coquihalla Crossing No. 10 Decommissioning Costs - A9T2X1,5,5,5,557.3333333333334,965,2380
4657131,C38694-3 Attachment 1 - Completed Reporting Form - A9T2X2,5,5,5,347.0,1767,1796
4657132,C38694-4 Attachment 2 - Filing Manual Guide B.3 and Checklist K.2 - A9T2X3,1,1,1,566.0,479,489
4657135,C38703-1 Grande Prairie Mainline Loop No. 3 - Greenview Section application-EN - A9T2Z6,23,23,23,146.33333333333334,3627,3561
4657136,C38703-2 Grande Prairie Mainline Loop No. 3 - Greenview Section application-FR - A9T2Z7,24,24,24,214.33333333333334,4000,3954
4657137,C38703-3 Attachment 1 LTO Exemption Request - A9T2Z8,3,3,3,315.6666666666667,885,881
4657138,C38703-4 Attachment 2 Pipeline Technical Description - A9T2Z9,2,2,2,376.5,717,1592
4657139,C38713-2 Commission - Lettre - NGTL GP Ltd. - Projet de station de compression Emerson Creek - Condition 5 – Plan d’exploitation à zéro émission nette de gaz à effet de serre propre au projet - A9T3G3,3,3,3,343.6666666666667,963,1055
4657141,C38714-1 Commission – Ruling No. 1 - Compensation application from Peace River Greenhouses Ltd. - Westcoast Energy Inc. - Updated timetable of events - A9T3G6,3,3,3,239.0,714,741
4657144,C38720-1 01 S.214 DRA - CER IR No. 1 - Cover Letter 2026 - A9T3I1,1,1,1,168.0,133,133
4657145,C38720-2 02 TM Response to CER DRA IR1 - 2026-03-30 - A9T3I2,7,7,7,347.6666666666667,2612,2687
4657149,C38728-1 2026-03-31 IESPL to CER Annual Production Report 2025 - A9T3K7,4,4,4,132.66666666666666,781,804
4657151,C38729-1 Cover Letter Revised Statement of Investment Policies and Procedures - A9T3K9,3,3,3,240.33333333333334,674,682
4657152,C38729-2 Attachment 1 - Revised Statement of Investment Policies and Procedures (redline version) - A9T3L0,14,14,14,151.33333333333334,2330,2365
4657153,C38729-3 Attachment 2 - Revised Statement of Investment Policies and Procedures (clean version) - A9T3L1,9,9,9,212.66666666666666,2165,2165
4657154,C38729-4 Attachment 3 - Investment Policy Statement - ScotiaTrust - A9T3L2,12,12,12,149.0,3629,3596
4657157,C38738-1 2026-03-31 Montreal Pipe Line Limited - Revised SIPP and attachments - A9T3S0,37,37,37,495.0,10544,11682
4657159,C38741-1 2026-03-31-SIPP Filing-Pembina Group CL - A9T3T0,3,3,3,266.3333333333333,775,783
4657160,C38741-2 Schedule 1-Pembina Group 2026 SIPP - A9T3T1,15,15,15,161.0,4210,4247
4657161,C38741-3 Schedule 2-Blackline to Northern SIPP - A9T3T2,20,20,20,151.66666666666666,4820,4997
4657166,C38559-1 OM2026-063 - Location maps - A9T0T6,6,6,6,652.6666666666666,2417,3322
4657167,C38560-1 OM2026-064 - Attachment 1 - Aerial Image - A9T0T9,1,1,1,32.0,0,0
4657168,C38560-2 OM2026-064 - Attachment 3 - Waterbody Table - A9T0U0,1,1,1,228.0,192,230
4657169,OM2026-064 - Filing Receipt 2026-03-17 122515 - A9T0U3,2,2,2,207.5,390,415
4657171,C38561-1 Letter to CER re Condition 4 of Order MO-011-2026 - IJ Facility Deactivations - A9T0U4,1,1,1,216.0,197,202
4657172,C38565-3 F-noadop-fr-Draft.pdf - A9T0V5,2,2,2,302.5,594,607
4657173,C38565-4 ASO02 - Ltr to NB Power - Export Permit Renewal.pdf - A9T0V6,1,1,1,0.0,176,181
4657174,C38565-5 ASO04 - Ltr to COS - Export Permit Renewal.pdf - A9T0V7,1,1,1,0.0,177,179
4657175,C38565-6 Application for a Blanket Electricity Export Permit - EN - A9T0V8,7,7,7,327.6666666666667,2148,2143
4657177,C38565-8 Demande de permis général d’exportation d’électricité - FR - A9T0W0,7,7,7,327.3333333333333,2368,2462
4657181,C38568-2 Commission - Lettre - Enbridge Pipelines Inc. - Projet d’optimisation des canalisations 4 et 67 - A9T0X4,3,3,3,366.3333333333333,1039,1122
4657182,C38568-3 Commission - Order XO-004-2026 - Enbridge Pipelines Inc. - Line 4 and 67 Optimization Project - A9T0X5,4,4,4,192.0,785,840
4657183,C38568-4 Commission - Ordonnance XO-004-2026 - Enbridge Pipelines Inc. - Projet d’optimisation des canalisations 4 et 67 - A9T0X6,4,4,4,216.0,876,967
4657185,C38570-1 2026.03.18 LT CER cost abeyance - A9T0Y0,2,2,2,297.5,606,601
4657189,C38577-1 OM2026-066 - Attachment 1 - Aerial Image - A9T0Z7,1,1,1,26.0,0,0
4657190,C38577-2 OM2026-066 - Attachment 2 - Current Pipe Details - A9T0Z8,1,1,1,83.0,56,61
4657193,C38590-4 REC – Lettre à Canadian Natural Resources Limited – Avis d’audit au titre de la réglementation financière pour les années 2023 à 2025 - A9T1E9,8,8,8,384.6666666666667,2189,2331
4657194,"C38590-5 CER – Letter to Energy Transfer Operations GP LLC, on behalf of Sunoco Pipeline L.P. – Notification of Financial Regulatory Audit of Years 2023 to 2025 - A9T1F2",7,7,7,344.0,1969,2097
4657195,C38600-5 Condition 8(b) - Old Growth Mitigation Plan (Part 3 of 6) - A9T1J2,40,40,40,193.66666666666666,3929,3784
4657196,C38600-6 Condition 8(b) - Old Growth Mitigation Plan (Part 4 of 6) - A9T1J3,25,25,25,207.66666666666666,2495,2577
4657197,"C38606-1 Letter to CER re Condition 10 - Wildlife Species at Risk Mitigation Plan for Compressor Stations CS-7, CS-8A and CS-8B - A9T1L4",1,1,1,227.0,196,204
4657198,"C38606-2 Condition 10 - Wildlife Species at Risk Mitigation Plan for Compressor Stations CS-7, CS-8A and CS-8B - A9T1L5",27,27,27,478.3333333333333,10129,10466
4657200,Filing Receipt 2026-03-23 110928 - A9T1S7,2,2,2,257.0,489,514
4657202,C38621-1 Letter to CER re Condition 20 Notification of Energization of CS-1B Electrical Facilities - A9T1T8,1,1,1,295.0,252,283
4657204,C38622-1 CER - Letter - Twin Rivers Pulp Ltd. - Pipeline Replacement Project – de l’École‑Cormier Street - Receipt of Project Notification - A9T1U1,2,2,2,346.0,642,719
4657205,C38622-2 REC - Lettre - Projet de remplacement d’un pipeline – Rue L’École Cormier - Accusé de réception de l’avis de projet - A9T1U0,2,2,2,399.5,742,823
4657207,C38623-1 Commission – Letter – GPLO-003-2026 – NGTL GP Ltd. – Leming Lake Sales Lateral Loop – Application for Leave to Open - A9T1U4,1,1,1,134.0,145,160
4657209,C38624-1 01 Letter to CER re Condition 19 - CSN5 - Refile Attachment 2 - A9T1U8,1,1,1,154.0,132,131
4657210,C38624-2 02 Attachment 2 - Updated Substation Short Circuit Protection Coordination and Arc Flash Report - A9T1U9,87,87,87,171.0,18860,16231
4657211,Filing Receipt 2026-03-23 163458 - A9T1V0,2,2,2,285.5,546,570
4657212,C38628-6 Appendix C ESA Interactions Table 2 - A9T1W4,5,5,5,440.6666666666667,2512,2504
4657213,C38633-2 02 Attachment 1 - Substation SLDs - A9T1Y2,6,6,6,32.0,2614,669
4657214,C38633-12 12 Attachment 8b - Compressor Station SWGR TFS NGR - A9T1Z2,192,192,192,89.66666666666667,67659,42479
4657215,C38634-1 Letter to Saracen Power LP - Application for revocation of Electricity Export Permit EPE-434 - A9T1Z5,1,1,1,133.0,144,159
4657216,C38634-2 Lettre à Saracen Power LP - Demande visant l'annulation du permis d’exportation d'électricité EPE-434 - A9T1Z4,1,1,1,154.0,154,176
4657217,C38634-3 Order RO-EPE-434 to Saracen Power LP - A9T1Z7,1,1,1,198.0,199,199
4657218,C38634-4 Ordonnance RO-EPE-434 à Saracen Power LP - A9T1Z6,1,1,1,193.0,193,195
4657219,C38645-1 NM Cond 21 Commitment Tracking Table No 88 - A9T2E3,55,55,55,319.3333333333333,33472,32133
4657220,C38645-2 NM Cond 21 Commitment Tracking Table No 88 - A9T2E4,55,55,55,319.3333333333333,33472,32133
4657221,Filing Receipt 2026-03-25 105124 - A9T2E5,2,2,2,239.0,453,477
4657223,C38650-1 Letter re Status of Negotiations and Request for Further Abeyance of the Proceeding - A9T2G1,2,2,2,288.5,509,579
4657225,C38653-1 Commission - Letter to TransCanada PipeLines Limited – Application for the 2027 – 2030 Mainline Settlement – Comment Process - A9T2G9,2,2,2,329.0,656,682
4657226,C38653-2 Commission - Lettre à TransCanada PipeLines Limited – Demande visant l’entente de règlement sur les droits pour 2027 – 2030 – Processus de commentaires - A9T2G8,2,2,2,402.0,803,830
4657229,C38655-1 Pine Cliff Energy Finanical Resource Plan 2026 - A9T2H3,10,10,10,0.0,1251,1494
4657232,C38656-1 Pine Cliff Border Finanical Resource Plan 2026 - A9T2H5,16,16,16,0.0,3214,3399
4657235,C38679-1 s.214 Streamlining and s.45.1 Decommissioning 2025 Annual Report - A9T2S5,2,2,2,135.0,246,295
4657238,C38680-1 2021 NGTL System Expansion - Condition 33 CHROMMP Deep Valley North - A9T2S7,190,190,190,209.0,53025,55041
4657239,Filing Receipt 2026-03-27 132702 - A9T2S8,2,2,2,266.5,508,532
4657241,C38683-1 North Corridor Expansion - Condition 32 CHROMMP Red Earth Section 3 - A9T2T3,101,101,101,221.33333333333334,30195,30885
4657242,Filing Receipt 2026-03-27 133630 - A9T2T4,2,2,2,268.0,511,535
4657244,C38684-1 01 Pier 61 Decomm Project - C6 DFO Letter of Advice - Cover Letter - 2026-03-27 - A9T2T5,1,1,1,371.0,351,338
4657245,C38684-2 02 DFO Letter of Advice 25-HPAC-00933 - A9T2T6,4,4,4,303.3333333333333,1308,1305
4657247,C38686-8 Commission - Ordonnance AO-006-XO-T097-001-2003 - Astara Energy Corp. and Bonterra Energy Corp - Demande d’autorisation de transfert de propriété de pipelines - A9T2U6,3,3,3,224.0,668,665
4657249,C38689-1 Commission - Letter - Order MO-014-2026 - NGTL GP - Application for Approval to Decommission Pipelines and Associated Facilities on the NGTL System - A9T2V8,5,5,5,320.0,1873,1959
4657251,C38695-1 Commission - Procedural Update No. 3 - Saskatchewan Power - Southwest Power Pool to SaskPower Interconnection 230 kV - EHW-001-2025 Proceeding - Potential conditions for comment - A9T2X6,9,9,9,358.3333333333333,2667,2753
4657252,C38695-2 Commission - Mise à jour procédurale nº 3 - Saskatchewan Power-lignes d’interconnexion de 230 kV reliant les réseaux de Southwest Power Pool et de SaskPower-Conditions éventuelles aux fins de commentaires - A9T2X5,9,9,9,394.6666666666667,3155,3188
4657255,C38703-5 Attachment 3 Preliminary Pipeline Flow Gold Crk CS Connectivity - A9T3A0,2,2,2,172.5,378,8
4657256,C38703-6 Attachment 4 PC and OPP Summary - A9T3A1,2,2,2,270.5,491,491
4657257,C38703-7 Attachment 5 Engineering Design Standards - A9T3A2,2,2,2,237.5,420,431
4657258,C38721-1 Kingston Westspur Updated SIPP notice 31.03.2026 - A9T3I4,3,3,3,299.3333333333333,898,900
4657259,C38721-2 Westspur SIPP 17.03.2026 - A9T3I5,10,10,10,185.33333333333334,3344,3374
4657260,C38721-3 annual-contribution-amount-calculation-form 30.03.2026 - A9T3I6,3,3,3,283.6666666666667,638,817
4657262,C38723-1 Transmittal Letter - 2023-2024 Revised and 2025 EPI Line 3R Canada Income Summary and Average Rate Base - A9T3J0,1,1,1,286.0,235,291
4657263,C38723-2 Attachment 1 - Revised 2023 EPI Line 3R Canada Income Summary and Average Rate Base Schedules - A9T3J1,2,2,2,170.0,327,328
4657264,C38723-3 Attachment 2 - Revised 2024 EPI Line 3R Canada Income Summary and Average Rate Base Schedules - A9T3J2,2,2,2,171.0,329,330
4657265,C38723-4 Attachment 3 - 2025 EPI Line 3R Canada Income Summary and Average Rate Base Schedules - A9T3J3,2,2,2,165.5,333,339
4657268,C38726-2 2026-03-28 Current Milestone Schedule update - A9T3K2,1,1,1,134.0,129,8
4657269,C38726-3 Inuvialuit Energy Security Project - Parental Guarantee Update - Information Request No. 2 - A9T3K3,2,2,2,283.5,566,570
4657270,Filing Receipt 2026-03-31 105904 - A9T3K4,2,2,2,291.0,557,581
4657272,C38546-1 Letter to CER re Condition 5 and Request for Relief from Timing Requirements - A9T0L5,2,2,2,470.0,833,922
4657273,C38546-2 Condition 5 - Plan for notifying Indigenous Peoples of condition filings - A9T0L6,6,6,6,163.0,944,941
4657275,C38554-1 OM2026-060 - Attachment 1 - Water Body Table - A9T0S0,1,1,1,232.0,198,236
4657276,C38554-2 OM2026-060 - Notification of Operation and Maintenance Activities - Notification des activités d'exploitation et d'entretien - 2026-03-17 0901 - A9T0S1,4,4,4,299.3333333333333,1092,1092
4657277,OM2026-060 - Filing Receipt 2026-03-17 090141 - A9T0S2,2,2,2,201.5,380,402
4657278,C38555-1 Commission - Letter - South Bow - Application for approval of Final Adjusted Variable Tolls for 2025 - A9T0S4,2,2,2,205.5,409,437
4657279,C38555-2 Commission - Lettre - South Bow - Demande d’approbation des droits variables rajustés définitifs pour 2025 - A9T0S3,2,2,2,237.0,472,499
4657280,C38555-3 Commission – Order TO-001-2026 - South Bow - Application for approval of Final Adjusted Variable Tolls for 2025 - A9T0S6,1,1,1,304.0,305,304
4657281,C38555-4 Commission - ordonnance TO-001-2026 - South Bow - Demande d’approbation des droits variables rajustés définitifs pour 2025 - A9T0S5,2,2,2,176.0,349,352
4657283,C38560-3 OM2026-064 - Attachment 2 - Current Pipe Details - A9T0U1,1,1,1,88.0,55,60
4657284,C38560-4 OM2026-064 - Notification of Operation and Maintenance Activities - Notification des activités d'exploitation et d'entretien - 2026-03-17 1225 - A9T0U2,4,4,4,329.3333333333333,1192,1192
4657285,C38538-2 OM2026-058 - Notification of Operation and Maintenance Activities - Notification des activités d'exploitation et d'entretien - 2026-03-18 1112 - A9T0W6,4,4,4,285.6666666666667,1060,1060
4657286,OM2026-058 - Filing Receipt 2026-03-18 111256 - A9T0W7,2,2,2,186.0,349,371
4657287,C38567-1 Application for Short-Term Light and Heavy Crude and Refined Products Export Orders - EN - A9T0W8,2,2,2,186.0,364,369
4657289,C38567-3 Demande d’ordonnance d’exportation à court terme de pétroles bruts léger et lourd ou de produits pétroliers raffinés - FR - A9T0X0,2,2,2,223.5,436,441
4657290,C38568-1 Commission - Letter - Enbridge Pipelines Inc. - Line 4 and 67 Optimization Project - A9T0X3,3,3,3,326.6666666666667,919,1004
4657292,C38578-1 Commission – Letter - Compensation application from Peace River Greenhouses Ltd. - Westcoast Energy Inc. - Hearing deadlines - A9T1A1,2,2,2,162.0,322,348
4657295,C38581-1 TM Response to DRA SOCs -2026-03-18 - A9T1A7,2,2,2,409.0,794,781
4657299,C38595-1 Commission - Order ROE-156-2026 - Core Synergy LLC - Exportation of light and heavy crude oil and refined petroleum products - A9T1H7,1,1,1,334.0,335,336
4657300,C38595-2 Commission - Ordonnance ROE-156-2026 - Core Synergy LLC - Exportation du pétrole brut léger et lourd ainsi que des produits pétroliers raffinés - A9T1H6,1,1,1,366.0,367,367
4657302,C38600-8 Condition 8(b) - Old Growth Mitigation Plan (Part 6 of 6) - A9T1J5,39,39,39,210.0,4916,3547
4657305,C38603-1 XG-012-2025- GS-100 Upgrade - Schedule 20260320 - A9T1K3,4,4,4,123.0,508,533
4657306,"C38605-4 Commission Ordonnance XG-003-2026 - NGTL GP Ltd., as general partner on behalf of NGTL Limited Partnership - Station de comptage au point de réception Tremblay North - A9T1L2",4,4,4,217.33333333333334,989,998
4657307,Receipt - Accusé de réception - A9T1L3,2,2,2,177.5,355,355
4657311,C38615-1 2026 EPM EMP PublishedVerificationAOLetter Signed - A9T1S4,1,1,1,200.0,203,198
4657315,C38625-1 annual-financial-resources-reporting-form - 6845140 - A9T1V1,3,3,3,192.66666666666666,522,602
4657316,C38625-2 template-table1-financial-resources - 6845140 - A9T1V2,2,2,2,138.5,300,281
4657322,C38633-7 07 Attachment 5 - Substation Protection and Control Philosophy - A9T1Y7,39,39,39,202.33333333333334,10598,10371
4657323,C38633-8 08 Attachment 6 - Compressor Station SLDs - A9T1Y8,24,24,24,35.0,5482,1200
4657327,C38643-1 Utilities Kingston Submission in Support - TCPL 2027-2030 SETTLEMENT - A9T2D9,2,2,2,191.5,368,366
4657330,C38651-1 Commission - Letter - British Columbia Hydro and Power Authority - Application to vary Certificate EC-29 - A9T2G3,1,1,1,150.0,150,177
4657331,C38651-2 Commission - Information Request No. 3 - British Columbia Hydro and Power Authority - Application to vary Certificate EC-29 - A9T2G4,3,3,3,269.3333333333333,772,785
4657333,C38687-1 Statement of Concern - Consumers' Coalition of Alberta - A9T2U9,2,2,2,96.0,178,179
4657334,C38687-2 Énoncé de préoccupation - Consumers' Coalition of Alberta - A9T2V0,2,2,2,98.0,182,183
4657335,C38687-3 Consumers Coalition of Alberta Letter to CER - A9T2V1,4,4,4,216.66666666666666,909,951
4657339,C38698-1 Commission - Ruling No. 2 - Compensation Hearing Application from Sam Enterprises Ltd against Trans Mountain Pipeline ULC - Extension to file evidence - A9T2Y6,2,2,2,284.0,566,592
4657341,C38707-1 IR Response 2026-03-30 133224 - A9T3D7,1,1,1,524.0,524,524
4657342,C38707-2 OM2026-061 - 10HATOA-12990-2025-MP-372.81-2025 CER IR - A9T3D8,1,1,1,7888.0,61,46
4657343,C38707-3 OM2026-061 - 10HATOA-13050-2025-MP-372.78-2025 CER IR - A9T3D9,1,1,1,5921.0,70,46
4657344,C38707-4 OM2026-061 - 16OACLJ-04510-2025-OK-366.39-2025 CER IR - A9T3E0,1,1,1,590.0,583,0
4657345,C38707-5 OM2026-061 - 16OACLJ-044490-2025-OK-366.42-2025 CER IR - A9T3E1,1,1,1,810.0,810,0
4657346,C38707-6 OM2026-061 - 20CLJTAJ-15620-2025-LA-350.29-2025 CER IR - A9T3E2,1,1,1,181.0,185,0
4657347,C38707-7 OM2026-061 - 20CLJTAJ-15750-2025-LA-350.20-2025 CER IR - A9T3E3,1,1,1,234.0,237,0
4657348,C38707-8 OM2026-061 - 20CLJTAJ-19860-2025-LA-347.37-2025 CER IR - A9T3E4,1,1,1,239.0,242,0
4657349,OM2026-061 - Filing Receipt 2026-03-30 133227 - A9T3E5,2,2,2,270.5,516,541
4657351,C38708-1 Letter to CER re Enbridge SL 2025 Decommissioning Expenditures Report - A9T3E6,1,1,1,162.0,140,141
4657352,C38708-2 Enbridge SL 2025 Decommissioning Expenditures Report - A9T3E7,1,1,1,133.0,110,100
4657355,C38715-1 2025 Norman Wells Operations Annual Environmental Report - Final - A9T3G8,16,16,16,151.33333333333334,4249,4386
4657356,Filing Receipt 2026-03-30 145321 - A9T3G9,2,2,2,272.0,519,543
4657357,Filing Receipt 2026-03-30 151157 - A9T3H1,2,2,2,272.0,519,543
4657359,C38735-1 2026-03-31 IESPL OGOA Annual Safety and Environment Report (2025) - A9T3R1,10,10,10,264.6666666666667,3406,3412
4657361,C38740-2 Application for the Short-Term Heavy Crude Only Export Order - EN - A9T3S5,2,2,2,172.0,336,341
4657363,C38740-4 Demande d’ordonnance d’exportation à court terme de pétrole brut lourd uniquement - FR - A9T3S7,2,2,2,211.0,411,416
4657367,C38742-1 Commission - Order ROE-157-2026 - NORTHSTONE ENERGY LTD. - Exportation of light and heavy crude oil and refined petroleum products - A9T3T5,1,1,1,334.0,335,336
4657368,C38742-2 Commission - Ordonnance ROE-157-2026 - NORTHSTONE ENERGY LTD. - exporter du pétrole brut léger et lourd ainsi que des produits pétroliers raffinés - A9T3T4,1,1,1,366.0,367,366
4657371,C38752-1 C52 WMT Annual Air Emissions Report Cover Letter - 2026-03-31 - A9T3W6,1,1,1,363.0,372,328
4657373,C38762-1 CHAMPION Lettre Miseàjour MMU 1er avril 2026 - A9T3Z6,2,2,2,237.5,453,453
4657374,Filing Receipt 2026-04-01 144034 - A9T4D0,2,2,2,269.5,514,538
4657376,C38786-1 Commission – Letter to NGTL GP – IR No. 1 to NGTL GP - Section 335 Application filed by ATEC regarding NGTL GP - A9T4H1,2,2,2,152.0,292,329
4657377,C38786-2 Commission - IR No. 1 to NGTL GP - Section 335 Application filed by ATEC regarding NGTL GP - A9T4H2,1,1,1,357.0,345,345
4657381,C38798-1 REM2026-012 - Supplemental Information - Complément d’information - 2026-04-04 0008 - A9T4L3,2,2,2,280.5,561,558
4657387,OM2026-062 - Filing Receipt 2026-03-17 100200 - A9T0T5,2,2,2,191.0,359,381
4657389,C38580-1 Cancellation of CER Export Order ROE-004-2026 MEG Energy rev1 - A9T1A5,1,1,1,191.0,192,191
4657390,C38582-1 Commission - Letter - Imperial Oil Resources N.W.T. Limited - Operations Authorization 1210-001 - Artificial Island 5 Facility Deactivations - A9T1A9,2,2,2,305.5,609,636
4657391,C38582-2 Commission - IR No. 1 - Imperial Oil Resources N.W.T. Limited - Operations Authorization 1210-001 - Artificial Island 5 Facility Deactivations - A9T1C0,1,1,1,341.0,329,329
4657393,C38585-1 DFO File No. 25-HCAA-01243 Letter F2 - A9T1C8,5,5,5,267.6666666666667,1595,1596
4657395,C38590-2 REC – Lettre à Campus Energy Partners Operations Inc. – Avis d’audit au titre de la réglementation financière pour les années 2023 à 2025 - A9T1E7,8,8,8,384.6666666666667,2189,2331
4657396,C38590-3 CER – Letter to Canadian Natural Resources Limited – Notification of Financial Regulatory Audit of Years 2023 to 2025 - A9T1F0,7,7,7,344.0,1969,2097
4657397,C38590-8 REC – Lettre à NorthRiver Midstream Canada Partner Limited – Avis d’audit au titre de la réglementation financière pour les années 2023 à 2025 - A9T1F3,8,8,8,384.6666666666667,2189,2331
4657398,C38590-9 CER – Letter to NorthRiver Midstream G and P Canada Pipelines Inc. – Notification of Financial Regulatory Audit of Years 2023 to 2025 - A9T1F6,7,7,7,344.0,1969,2097
4657399,C38590-10 REC – Lettre à NorthRiver Midstream G and P Canada Pipelines Inc. - Avis d’audit au titre de la réglementation financière pour les années 2023 à 2025 - A9T1F5,8,8,8,384.6666666666667,2189,2331
4657400,C38590-11 CER – Letter to Pine Cliff Border Pipelines Limited – Notification of Financial Regulatory Audit of Years 2023 to 2025 - A9T1F8,7,7,7,344.0,1969,2097
4657401,C38590-12 REC – Lettre à Pine Cliff Border Pipelines Limited – Avis d’audit au titre de la réglementation financière pour les années 2023 à 2025 - A9T1F7,8,8,8,384.6666666666667,2189,2331
4657404,C38596-3 Condition 6 - Caribou Habitat Restoration Plan (Part 2 of 2) - A9T1I1,15,15,15,292.6666666666667,2563,2711
4657405,C38597-2 Condition 7 - Preliminary Caribou Habitat Offset Measures Plan - A9T1I4,90,90,90,100.66666666666667,33802,33478
4657407,C38600-7 Condition 8(b) - Old Growth Mitigation Plan (Part 5 of 6) - A9T1J4,36,36,36,212.66666666666666,4745,4367
4657409,C38601-1 CER2602 - A9T1J7,2,2,2,175.5,304,588
4657410,Filing Receipt 2026-03-20 113924 - A9T1J8,2,2,2,241.5,458,482
4657411,C38608-1 2026-03-20 Letter to CER regarding SaskPower Reply Evidence - A9T1Q2,1,1,1,183.0,195,198
4657412,C38608-2 2026-03-20 SaskPower Reply Evidence - A9T1Q3,18,18,18,201.0,4980,5591
4657413,C38608-3 2026-03-20 Saskpower Response to CER IR No. 3 - A9T1Q4,2,2,2,209.5,408,418
4657416,C38611-1 Letter to CER re Condition 11 - Plan for Indigenous Peoples Participation in Construction Monitoring - A9T1R5,1,1,1,236.0,204,214
4657417,C38611-2 Condition 11 - Plan for Indigenous Peoples Participation in Construction Monitoring - A9T1R6,36,36,36,199.66666666666666,11759,12078
4657421,C38619-1 Order GO-023-2026 to Westech Environmental LLC - A9T1T4,1,1,1,276.0,277,278
4657422,C38619-2 Ordonnance GO-023-2026 à Westech Environmental LLC - A9T1T3,1,1,1,308.0,309,308
4657425,Receipt - Accusé de réception - A9T1W7,3,3,3,192.33333333333334,576,575
4657427,C38633-3 03 Attachment 2 - Substation Short Circuit Protection Coordination and Arc Flash Report - A9T1Y3,81,81,81,156.33333333333334,18123,20072
4657429,C38648-1 Commission - Letter - Kitsault Energy Ltd. – Application for Licence to Export LNG – Incomplete Application - A9T2F4,4,4,4,299.3333333333333,1394,1420
4657430,C38648-2 Commission - Lettre - Kitsault Energy Ltd. – Demande de licence d’exportation de gaz naturel liquéfié – Demande incomplète - A9T2F3,4,4,4,353.0,1620,1634
4657434,C38654-1 2025 Norman Wells Operations Annual Production Report FINAL - A9T2H1,25,25,25,63.666666666666664,6374,5824
4657438,C38664-1 OM2026-070 - Notification of Operation and Maintenance Activities - Notification des activités d'exploitation et d'entretien - 2026-03-26 1345 - A9T2K3,4,4,4,289.3333333333333,1063,1063
4657439,OM2026-070 - Filing Receipt 2026-03-26 134533 - A9T2K4,2,2,2,198.0,371,395
4657441,C38675-1 LT Pouce Coupé Pipe Line Ltd. dated 27 March 2026 enclosing NorthRiver Confidentiality Undertaking Statutory Declaration of N. Earnest - A9T2R3,1,1,1,125.0,161,156
4657442,C38675-2 Statutory Declaration of Neil Earnest - A9T2R4,2,2,2,0.0,342,333
4657444,OM2026-047 - Filing Receipt 2026-03-27 141014 - A9T2V6,2,2,2,260.5,496,520
4657448,C38699-1 Dawson Creek No. 2 Expansion Receipt Meter Station - Condition 4 Construction Schedule - A9T2Y8,2,2,2,114.0,218,214
4657449,Filing Receipt 2026-03-30 105934 - A9T2Y9,2,2,2,283.5,542,567
4657450,Receipt - Accusé de réception - A9T3C3,4,4,4,166.66666666666666,706,705
4657451,C38713-1 Commission - Letter to NGTL GP Ltd. – Emerson Creek Compressor Station Project – Condition 5 – Project-specific Net-zero Operational Greenhouse Gas Emissions Plan - A9T3G4,3,3,3,284.3333333333333,780,878
4657454,CER March 2026 Condition 2 Cover Letter LL14081 - A9T3I8,1,1,1,171.0,156,164
4657455,"C38736-1 NGTL GP Gas Transportation Tariff Updates to the Table of Interim 2026 Rates, Tolls and Charges - A9T3R3",3,3,3,357.3333333333333,971,1479
4657457,C38748-1 2025 Flowline Integrity and Break Up Report Final - A9T3U7,23,23,23,172.0,5813,6152
4657458,C38748-3 Appendix B 2025 12 16 Norman Wells Scour Assessment Report FINAL - A9T3U9,64,64,64,12.666666666666666,10300,9791
4657459,Filing Receipt 2026-03-31 140959 - A9T3V0,2,2,2,288.5,552,576
4657461,C38749-1 CNRL to CER Annual Tolls Submission -2025 - A9T3V1,2,2,2,415.0,806,797
4657462,C38751-2 Trans Northern Pipeline Inc Abandonment Trust SIPP - A9T3W4,12,12,12,64.0,2703,3319
4657465,C38760-1 2026 Toll Adjustments - Cover Letter - A9T3Y7,1,1,1,423.0,384,383
4657466,C38760-2 2026 Toll Adjustments - Application - A9T3Y8,20,20,20,505.3333333333333,5905,11082
4657467,C38760-3 2026 Toll Adjustments - Attachment 1 - Interim Tariff No. 123 - A9T3Y9,11,11,11,230.66666666666666,2575,3177
4657468,C38760-4 2026 Toll Adjustments - Attachment 2 - Interim Tariff No. 123 - Blackline - A9T3Z0,11,11,11,264.0,3106,3728
4657469,C38760-5 2026 Toll Adjustments - Attachment 3 - Calculation and Reporting Schedules - A9T3Z1,42,42,42,154.66666666666666,11891,15021
4657471,C38765-1 Cover Letter - Financial Resource Requirements Annual Reporting - A9T4A6,1,1,1,149.0,111,147
4657472,C38765-2 Annual Financial Resources Requirements Reporting Form - A9T4A7,3,3,3,0.0,494,733
4657475,C38769-1 2021 NGTL System Expansion - Condition 33b Confirmation of Notice to Indigenous Groups - A9T4C9,1,1,1,213.0,208,214
4657476,C38782-1 Mount Valley Lateral - CER Notification DEO AO-001-XG-XO-200-2025 for Negligible Risk Projects - A9T4G1,2,2,2,279.5,493,537
4657477,C38784-1 OM2026-075 - Figure 1 - A9T4G5,1,1,1,52.0,35,54
4657478,C38784-2 OM2026-075 - Notification of Operation and Maintenance Activities - Notification des activités d'exploitation et d'entretien - 2026-04-02 1337 - A9T4G6,4,4,4,235.0,886,884
4657479,OM2026-075 - Filing Receipt 2026-04-02 133704 - A9T4G7,2,2,2,191.5,360,382
4657480,C38794-1 01 Application for Transfer of Ownership – Abandoned Piping Segment (Edmonton Terminal) - Cover letter - A9T4J8,1,1,1,399.0,390,367
4657481,C38794-2 02 Attachment 1 s.181 Guide R Checklist - A9T4J9,2,2,2,57.5,87,94
4657482,"C38794-3 03 Attachment 2 Transfer of Ownership, Lease, or Amalgamation Application Form - A9T4K0",4,4,4,253.33333333333334,1167,1201
4657483,C38794-4 04 Attachment 3 AER Documentation - A9T4K1,6,6,6,104.66666666666667,915,1440
4657484,C38794-5 05 Attachment 4 Survey Drawing - A9T4K2,2,2,2,62.5,92,120
4657486,C38799-1 Leming Lake Sales Lateral Loop Field Lake Section Cond. 11 Compliance by Accountable Officer - A9T4L5,1,1,1,223.0,222,223
4657488,C38803-1 C143 ILI Report MFL-C Ultra - NPS 36 Hope to MTN3 and MTN3 to Burnaby -2026-04-07 - A9T4Q6,10,10,10,227.66666666666666,2543,2697
4657490,C38805-1 IR Response 2026-04-07 131203 - A9T4R0,3,3,3,261.3333333333333,784,796
4657491,C38812-1 CER - Letter - All Companies Regulated by the Canada Energy Regulator - Pipeline Financial Resources Requirements - Reminder of mandatory annual filings and other filing requirements - A9T4T0,10,10,10,345.6666666666667,2880,3026
4657494,C38540-1 D 6474457 Observation Sylvain Gougeon 14 mars 2026 - A9T0K0,2,2,2,0.0,246,239
4657496,C38543-1 OM2026-031 Filing ID 38250 Notification Update Mar 16 2026 - A9T0K6,1,1,1,167.0,133,133
4657499,C38544-1 2026.03.16 Cover Letter Stoddart Creek HDD C12 Update - A9T0K8,1,1,1,246.0,233,233
4657500,C38544-2 Stoddart Creek HDD IFC Designs March 13 2026 - A9T0K9,3,3,3,1007.3333333333334,2061,1396
4657501,Filing Receipt 2026-03-16 130902 - A9T0L0,2,2,2,262.0,499,528
4657503,C38545-3 26-03-16 - Coldwater LT to CER - TM Pipeline Drag Reducing Agent Project - A9T0L3,6,6,5,0.0,2002,2108
4657504,Receipt - Accusé de réception - A9T0L4,3,3,3,177.0,530,529
4657506,C38547-1 NGTL GP Notification for the Decommissioning of Elk Point SMS - A9T0L8,2,2,2,220.5,402,452
4657509,C38548-1 Commission - Letter Decision - Canadian Association of Petroleum Producers complaint regarding tolls on the Enbridge Canadian Mainline- CER Tariff Nos. 571 and 572 - A9T0Q1,17,17,17,420.0,7337,8131
4657510,C38548-2 Commission - Lettre de décision - Plainte de l’Association canadienne des producteurs pétroliers sur les droits exigibles sur le réseau principal au Canada d’Enbridge - tarifs nos 571 et 572 de la Régie - A9T0Q0,18,18,18,478.3333333333333,8495,9479
4657512,C38549-1 Statement of Concern - Stk'emlupsemc te Secwepemc Nation - A9T0Q3,2,2,2,109.0,204,205
4657513,C38549-2 Énoncé de préoccupation - Stk'emlupsemc te Secwepemc Nation - A9T0Q4,2,2,2,111.0,208,209
4657514,C38549-3 Addendum to SSN CER SOI TMX DRA - A9T0Q5,3,3,3,351.0,1032,1058
4657515,Receipt - Accusé de réception - A9T0Q6,3,3,3,173.66666666666666,520,519
4657517,C38551-1 Statement of Concern - Tsleil-Waututh Nation - A9T0R1,2,2,2,81.5,149,150
4657518,C38551-2 Énoncé de préoccupation - Tsleil-Waututh Nation - A9T0R2,2,2,2,83.5,153,154
4657519,C38551-3 2026-03-16 TWN LT CER re TM Drag Reducing Agent Application - A9T0R3,2,2,2,429.0,811,876
4657520,Receipt - Accusé de réception - A9T0R4,3,3,3,172.0,515,514
4657522,C38552-1 Commission – Letter - Compensation application from Peace River Greenhouses Ltd. - Westcoast Energy Inc. - Comment process – Request regarding late service of evidence filing - A9T0R5,2,2,2,258.5,515,541
4657525,C38553-1 Commission – Letter - Trans Mountain Pipeline ULC – Application under section 214 – Drag Reducing Agent Project - A9T0R7,1,1,1,218.0,219,244
4657526,C38553-2 Commission – IR No. 1 – Trans Mountain Pipeline ULC – Application under section 214 – Drag Reducing Agent Project - A9T0R8,5,5,5,272.0,1409,1432
4657530,C38564-1 EDML Cond 13-12 Commitment Tracking Table No 29 - A9T0V1,49,49,49,375.3333333333333,23961,23398
4657532,"C38566-1 Letter to Westcoast Energy GP ULC on behalf of Westcoast Energy Limited Partnership - Aspen Point Program Order XG-017-2024, as amended - Request for Relief from Condition 20 - A9T0W3",1,1,1,216.0,199,240
4657533,"C38566-2 Information Request No. 1 to Westcoast Energy GP ULC on behalf of Westcoast Energy Limited Partnership - Aspen Point Program Order XG-017-2024, as amended - Request for Relief from Condition 20 - A9T0W4",4,4,4,199.0,958,957
4657535,C38569-1 ATAP Update - A9T0X8,46,46,46,309.3333333333333,23141,23177
4657537,C38576-1 Commission - Letter to Westover Express Pipeline Limited – Application to Replace Trustee of Line 10 Abandonment Trust - A9T0Z5,4,4,4,334.0,1447,1488
4657539,C38583-1 Commission - Letter to Niagara - Rockcliffe Control Station Relocation Project - Legislated Time Limit and Decision on Process - A9T1C2,2,2,2,245.0,409,517
4657540,C38587-1 M-NP Cover Letter for Final 2026 Test Period Tolls - March 19-2026 - A9T1D6,2,2,2,223.5,413,420
4657541,C38587-2 Schedule A - Adjusted Test Period 2026 Revenue Requirement - A9T1D7,1,1,1,366.0,366,286
4657542,C38587-3 S.0 - Tariff Control Sheet R25 - A9T1D8,2,2,2,288.0,568,589
4657543,C38587-4 Revised Forward Haul and Backhaul Toll Schedules S.1.5-1 and S.1.5-2 - A9T1D9,2,2,2,80.5,127,125
4657546,C38589-1 Commission - RO-ROE-004-2026 - MEG Energy Corp. - Exportation of light and heavy crude oil and refined petroleum products - A9T1E5,1,1,1,241.0,242,241
4657547,C38590-13 CER – Letter to Pouce Coupé Pipe Line Ltd. – Notification of Financial Regulatory Audit of Years 2023 to 2025 - A9T1G0,7,7,7,344.0,1969,2097
4657548,C38590-14 REC – Lettre à Pouce Coupé Pipe Line Ltd – Avis d’audit au titre de la réglementation financière pour les années 2023 à 2025 - A9T1F9,8,8,8,384.6666666666667,2189,2331
4657549,C38590-15 CER – Letter to Veresen Energy Pipeline Inc. – Notification of Financial Regulatory Audit of Years 2023 to 2025 - A9T1G2,7,7,7,344.0,1969,2097
4657550,C38590-16 REC – Lettre à Veresen Energy Pipeline Inc. – Avis d’audit au titre de la réglementation financière pour les années 2023 à 2025 - A9T1G1,8,8,8,384.3333333333333,2189,2331
4657553,C38597-1 Letter to CER re Condition 7 - Preliminary Caribou Habitat Offset Measures Plan - A9T1I3,1,1,1,197.0,166,174
4657555,C38609-1 IR Response 2026-03-20 144721 - A9T1Q7,2,2,2,218.5,438,434
4657556,C38609-2 2026.03.20 Cover Letter Response to CER IR 1 Project Update - A9T1Q8,1,1,1,128.0,115,115
4657557,C38609-3 2026.03.20 Response to CER IR 1 Project Update - A9T1Q9,4,4,4,148.33333333333334,664,692
4657558,Filing Receipt 2026-03-20 144724 - A9T1R0,2,2,2,262.0,499,524
4657560,C38613-1 CER Annual Report Cover Letter - Compliance Confirmation 2025 Signed - A9T1S0,3,3,3,279.0,799,809
4657561,C38623-2 Commission – Lettre – GPLO-003-2026 - NGTL GP Ltd. – doublement de la canalisation latérale au point de vente Leming Lake – demande d’autorisation de mise en service - A9T1U3,1,1,1,160.0,161,184
4657562,C38623-3 Commission – Order GPLO-003-2026 – NGTL GP Ltd. – Leming Lake Sales Lateral Loop – Application for Leave to Open - A9T1U6,1,1,1,228.0,228,228
4657563,C38623-4 Commission – Ordonnance GPLO-003-2026 – NGTL GP Ltd. – doublement de la canalisation latérale au point de vente Leming Lake – demande d’autorisation de mise en service - A9T1U5,1,1,1,256.0,257,257
4657567,C38626-1 Plains Streamlining Order and Decommissioning Exemption Order Notification Report (2025 Year-End) - A9T1V4,1,1,1,184.0,173,171
4657570,C38628-2 MTL20 Reactivation and change of service application-FR - A9T1W0,25,25,25,79.33333333333333,3793,3822
4657573,C38633-1 01 Letter to CER re Condition 19 of Order XG-017-2024 - CS16 - A9T1Y1,4,4,4,313.3333333333333,1250,1254
4657575,C38639-1 Commission - Letter - Robert Prevost and Nicole Coutts-Prevost and Trans Mountain Pipeline ULC – Cost Application – Application in abeyance - A9T2A8,2,2,2,370.0,743,765
4657577,C38641-1 Letter to CER re Condition 9 - Updated Environmental Protection Plans - A9T2C2,3,3,3,312.3333333333333,675,823
4657578,C38641-2 Condition 9 - Updated Environmental Protection Plan - Pipeline (Part 1 of 8) - A9T2C3,281,281,281,217.33333333333334,95873,93834
4657579,C38641-3 Condition 9 - Updated Environmental Protection Plan - Pipeline (Part 2 of 8) - A9T2C4,257,257,257,319.3333333333333,86252,86756
4657580,C38641-5 Condition 9 - Updated Environmental Protection Plan - Pipeline (Part 4 of 8) - A9T2C6,89,89,89,448.3333333333333,40718,34972
4657581,C38641-6 Condition 9 - Updated Environmental Protection Plan - Pipeline (Part 5 of 8) - A9T2C7,83,83,83,411.0,36517,30714
4657586,"C38661-1 Commission – Order EPR-112-2026 to Coleman Oil Company, LLC – Exportation of propane - A9T2J5",1,1,1,259.0,260,262
4657587,"C38661-2 Commission – Ordonnance EPR-112-2026 à Coleman Oil Company, LLC – Exportation de propane - A9T2J4",1,1,1,291.0,292,293
4657590,C38663-1 CER - Letter - IESPL - Inuvialuit Energy Security Project - OA-1414-001 - Early Site Works Authorization Approval - Condition 19 - Permafrost Monitoring and Protection Report - Request for Timing Relief - A9T2K1,2,2,2,316.5,631,652
4657591,C38663-2 REC – Lettre - IESPL. - Projet de sécurité énergétique des Inuvialuit - OA-1414-001 - Autorisation de travaux préliminaires - Condition 19 - Rapport de surveillance et de protection du pergélisol - Demande d’exemption de l’exigen - A9T2K0,2,2,2,369.0,736,758
4657593,C38666-1 OM2026-071 - Notification of Operation and Maintenance Activities - Notification des activités d'exploitation et d'entretien - 2026-03-26 1417 - A9T2L2,4,4,4,288.6666666666667,1059,1059
4657594,OM2026-071 - Filing Receipt 2026-03-26 141711 - A9T2L3,2,2,2,189.0,353,377
4657595,C38669-1 CER No. 597 - Transmittal Letter - A9T2L8,2,2,2,0.0,405,408
4657596,C38669-2 CER No. 597 - A9T2L9,9,9,9,192.33333333333334,2030,3177
4657597,C38669-3 Appendix A - A9T2Q0,2,2,2,550.5,1074,1459
4657598,C38669-4 Appendix B - A9T2Q1,1,1,1,276.0,272,430
4657601,C38672-1 Alliance Pipeline Ltd - 2025 Streamlining Decommissioning Report - 27032026 - A9T2Q7,2,2,2,161.0,298,296
4657606,C38545-2 Énoncé de préoccupation - Coldwater Indian Band - A9T0L2,5,5,5,211.66666666666666,1435,1436
4657608,C38558-1 OM2026-062 - Location maps - A9T0T3,4,4,4,654.6666666666666,1411,2418
4657609,C38558-2 OM2026-062 - Notification of Operation and Maintenance Activities - Notification des activités d'exploitation et d'entretien - 2026-03-17 1002 - A9T0T4,4,4,4,303.3333333333333,1117,1112
4657610,Filing Receipt 2026-03-17 122930 - A9T0U5,2,2,2,264.0,503,528
4657611,Filing Receipt 2026-03-17 144616 - A9T0V2,2,2,2,239.5,454,478
4657612,Receipt - Accusé de réception - A9T0X7,2,2,2,149.0,298,298
4657615,C38575-1 OM2026-065 - Attachment 1 - Aerial Image - A9T0Z0,1,1,1,26.0,0,0
4657616,C38575-2 OM2026-065 - Attachment 2 - Current Pipe Details - A9T0Z1,1,1,1,82.0,55,60
4657617,C38575-3 OM2026-065 - Notification of Operation and Maintenance Activities - Notification des activités d'exploitation et d'entretien - 2026-03-18 1443 - A9T0Z2,4,4,4,235.66666666666666,909,907
4657618,OM2026-065 - Filing Receipt 2026-03-18 144356 - A9T0Z3,2,2,2,195.5,366,390
4657619,C38577-3 OM2026-066 - Notification of Operation and Maintenance Activities - Notification des activités d'exploitation et d'entretien - 2026-03-18 1526 - A9T0Z9,4,4,4,235.66666666666666,909,907
4657620,OM2026-066 - Filing Receipt 2026-03-18 152600 - A9T1A0,2,2,2,195.5,366,390
4657624,C38591-1 Westcoast Energy GP Inc. on behalf of Westcoast Energy Limited Partnership Birch Grove Program Receipt of Project Notification - A9T1G5,3,3,3,303.6666666666667,862,919
4657625,C38591-2 Westcoast Energy GP Inc. au nom de Westcoast Energy Limited Partnership - Programme Birch Grove - Accusé de réception de l’avis de projet - A9T1G4,3,3,3,347.0,983,1059
4657628,C38604-1 OM2026-068 - Fisheries Self-Assessment BIA ME6.5 - A9T1K5,113,113,113,86.0,32181,32030
4657629,C38604-2 OM2026-068 - Supplemental Information - A9T1K6,1,1,1,300.0,281,284
4657630,C38604-3 OM2026-068 - Notification of Operation and Maintenance Activities - Notification des activités d'exploitation et d'entretien - 2026-03-20 1221 - A9T1K7,5,5,5,256.0,1274,1272
4657631,OM2026-068 - Filing Receipt 2026-03-20 122132 - A9T1K8,2,2,2,192.0,361,383
4657637,Filing Receipt 2026-03-23 083139 - A9T1S1,2,2,2,245.0,465,489
4657639,Filing Receipt 2026-03-23 150501 - A9T1T9,2,2,2,281.0,537,555
4657641,C38636-1 IR Response 2026-03-24 120639 - A9T2A1,2,2,2,132.5,266,265
4657642,C38636-2 MO-027-2021 Cond 2.b.ii Marten Hills Rehabilitation Project IR No1 2026-03-24 - A9T2A2,1,1,1,196.0,171,171
4657643,Filing Receipt 2026-03-24 120642 - A9T2A3,2,2,2,266.5,508,533
4657644,C38641-8 Condition 9 - Updated Environmental Protection Plan - Pipeline (Part 7 of 8) - A9T2C9,82,82,82,668.0,32892,28113
4657645,C38642-1 Enbridge (NW) 2025 AFCOS Transmittal Letter - A9T2D6,2,2,2,0.0,323,330
4657646,C38642-2 Enbridge (NW) 2025 AFCOS Annual Report and Supplemantary Statements - A9T2D7,24,24,24,150.0,3638,3847
4657649,"C38652-1 TC Energy Code of Conduct Compliance Report for the Year Ended December 31, 2025 - A9T2G6",29,29,29,166.0,4027,3955
4657652,C38657-1 Commission - Lettre - Demande d’indemnisation déposée par 9346-5508 Québec Inc. contre Pipelines Trans-Nord Inc. - Requête de PTNI en vue d’obtenir des documents et conférence préparatoire - A9T2H7,3,3,3,401.0,1211,1225
4657655,C38658-1 Line 8 Firm Service Toll - Transmittal Letter 2026 - A9T2H9,1,1,1,136.0,109,122
4657656,C38658-2 Line 8 Firm Service Toll 2026 - A9T2I0,23,23,23,163.33333333333334,3497,3543
4657659,"C38665-1 Commission – Letter- Trans Mountain, Imperial and PKM Canada (Jet Fuel) Inc. – Notice of historical acquisition of yard piping within Burnaby Terminal - A9T2K6",2,2,2,271.5,541,568
4657660,"C38665-2 Commission – Lettre Trans Mountain, L’Impériale et PKM Canada (Jet Fuel) Inc. – Avis d’acquisition historique de la tuyauterie extérieure au terminal Burnaby - A9T2K5",2,2,2,303.0,604,625
4657662,C38667-1 Grande Prairie Mainline Loop No. 3 - Colt Section Response to Statement of Concern from MMF - A9T2L4,4,4,4,481.6666666666667,1756,1894
4657665,C38668-1 OM2026-072 - Notification of Operation and Maintenance Activities - Notification des activités d'exploitation et d'entretien - 2026-03-26 1525 - A9T2L6,4,4,4,318.3333333333333,1147,1138
4657667,C38671-1 Eastward Energy (CER) TCPL 2027-2030 Mainline Settlement Application (Ref File- 691083)- Letter of Support (27 March 2026) - A9T2Q5,2,2,2,237.5,463,464
4657669,C38673-1 SGY Financial Resources Plan - CER Pipeline - March 2026 - Final - A9T2Q9,9,9,9,160.66666666666666,1664,1899
4657671,C38686-1 Commission - Letter - Astara Energy Corp. and Bonterra Energy Corp - Application for leave to transfer ownership of pipelines - A9T2U1,3,3,3,399.6666666666667,1196,1223
4657672,C38686-2 Commission - Lettre - Astara Energy Corp. and Bonterra Energy Corp - Demande d’autorisation de transfert de propriété de pipelines - A9T2U0,4,4,4,287.0,1396,1417
4657673,C38686-3 Commission - Order MO-013-2026 - Astara Energy Corp. and Bonterra Energy Corp - Application for leave to transfer ownership of pipelines - A9T2U3,2,2,2,205.5,408,408
4657674,C38686-4 Commission - Ordonnance MO-013-2026- Astara Energy Corp. and Bonterra Energy Corp - Demande d’autorisation de transfert de propriété de pipelines - A9T2U2,2,2,2,227.0,451,451
4657675,C38686-5 Commission - Order AO-006-XG-T097-009-2003 - Astara Energy Corp. and Bonterra Energy Corp - Application for leave to transfer ownership of pipelines - A9T2U5,3,3,3,208.33333333333334,618,618
4657676,C38686-6 Commission - Ordonnance AO-006-XG-T097-009-2003 - Astara Energy Corp. and Bonterra Energy Corp - Demande d’autorisation de transfert de propriété de pipelines - A9T2U4,3,3,3,224.33333333333334,668,666
4657677,C38686-7 Commission - Order AO-006-XO-T097-001-2003 - Astara Energy Corp. and Bonterra Energy Corp - Application for leave to transfer ownership of pipelines - A9T2U7,3,3,3,205.66666666666666,610,611
4657679,C38689-2 Commission - Lettre - ordonnance MO-014-2026 - NGTL GP - Demande visant l’approbation de la désaffectation de pipelines et d’installations connexes du réseau de NGTL - A9T2V7,5,5,5,420.6666666666667,2339,2434
4657680,C38689-3 Commission - Order MO-014-2026 – NGTL GP - Application for Approval to Decommission Pipelines and Associated Facilities on the NGTL System - A9T2W0,4,4,4,294.3333333333333,1079,1105
4657681,C38689-4 Commission - Ordonnance MO-014-2026 - NGTL GP - Demande visant l’approbation de la désaffectation de pipelines et d’installations connexes du réseau de NGTL - A9T2V9,4,4,4,324.3333333333333,1192,1230
4657683,C38693-1 CER Notification of Material Change to FRP - A9T2W8,1,1,1,256.0,222,256
4657685,C38702-1 Letter to CER re Condition 6 - Commitments Tracking Table for All Projects - A9T2Z4,1,1,1,221.0,201,210
4657688,C38709-1 Letter to CER re EPI 2025 Decommissioning Expenditures Report - A9T3E9,1,1,1,232.0,228,217
4657689,C38709-2 EPI 2025 Decommissioning Expenditures Report - A9T3F0,1,1,1,174.0,201,173
4657690,C38709-3 EPI 2022 Revised Decommissioning Expenditures Report - A9T3F1,1,1,1,69.0,69,68
4657694,C38716-1 2026 Norman Wells Operations Annual Safety Report - Final - A9T3H0,9,9,9,171.66666666666666,2543,2542
4657696,Filing Receipt 2026-03-31 093110 - A9T3I9,2,2,2,284.5,544,568
4657697,C38725-1 IR Response 2026-03-31 103137 - A9T3J8,2,2,2,191.0,382,382
4657698,C38726-1 IR Response 2026-03-31 105857 - A9T3K1,3,3,3,321.0,964,961
4657700,C38733-1 PMC CER AO-001-MO-006-2016 and AO-001-MO-002-2017 Filing Letter 2026 - A9T3Q4,2,2,2,163.5,315,283
4657704,C38745-1 2025 Norman Wells Operations Annual Environmental Report - Final - A9T3U1,16,16,16,151.33333333333334,4249,4386
4657705,Filing Receipt 2026-03-31 133305 - A9T3U2,2,2,2,272.0,519,543
4657706,C38750-4 Appendix 3 - ACA Calculation Form - Clean - A9T3V6,4,4,4,265.0,963,933
4657707,C38750-5 Appendix 4 - ACA Calculation Form - Blackline - A9T3V7,6,6,6,279.3333333333333,1184,1267
4657708,C38750-6 Appendix 5 - Abandonment Surcharge - CER Tariff No. 81 - Clean - A9T3V8,4,4,4,113.0,315,326
4657709,C38750-7 Appendix 6 - Abandonment Surcharge - CER Tariff No. 81 - Blackline - A9T3V9,4,4,4,118.66666666666667,333,335
4657710,C38750-8 Appendix 7 - 2025 WTW Analysis - Keystone Pipeline Abandonment Trust Expected Return - A9T3W0,9,9,9,293.3333333333333,3294,3472
4657711,C38750-9 Appendix 8 - Abandonment Trust - 2024 WTW Asset Liability Study - A9T3W1,32,32,32,33.0,5550,5575
4659365,C38676-1 TQM 2026 Final Tolls and Abandonment Surcharges Application - A9T2R6,23,23,23,281.6666666666667,3260,3504
4659368,C38677-1 NGTL West Path Delivery 2022 Cond. 10 Commitments Tracking Table No. 9 - A9T2R8,12,12,12,348.6666666666667,5818,5701
4659369,Filing Receipt 2026-03-27 094321 - A9T2R9,2,2,2,269.5,514,538
4659370,C38678-1 Application for Short-Term Natural Gas Export Orders - EN - A9T2S0,3,3,3,138.33333333333334,400,407
4659372,C38678-3 Demande d’ordonnance d’exportation de gaz naturel à court terme - FR - A9T2S2,3,3,3,166.66666666666666,488,485
4659375,C38688-1 IR Response 2026-03-27 141012 - A9T2V4,2,2,2,340.5,666,681
4659376,C38688-2 OM2026-047 - IR1 Response - A9T2V5,3,3,3,402.3333333333333,1144,1154
4659378,C38690-1 2026 SCL Pipeline - Abandonment Funding Reporting - A9T2W2,2,2,2,316.5,488,838
4659382,C38703-9 Attachment 7 Engagement Summary - A9T3A4,2,2,2,375.5,685,707
4659383,C38703-10 Attachment 8 Engineering Matters Summary - A9T3A5,1,1,1,298.0,276,276
4659384,C38703-11 Attachment 9 Environmental Assessment Summary 20250919 - A9T3A6,9,9,9,325.3333333333333,2081,2327
4659385,C38703-12 Attachment 10 Environmental Obligations Summary 20250919 - A9T3A7,3,3,3,363.3333333333333,1030,1048
4659386,C38703-13 Attach 11 HRA Clearance - A9T3A8,4,4,4,186.66666666666666,1445,891
4659387,C38703-14 Attachment 12 Land Matters Summary - A9T3A9,5,5,5,255.66666666666666,1354,1347
4659388,C38703-15 Attach 13 Global and Regional Maps - A9T3C0,4,4,4,380.3333333333333,477,3
4659389,C38703-16 Attach 14 Aerial Overview and Access Overview Maps - A9T3C1,3,3,3,710.6666666666666,1164,1410
4659390,C38703-17 Attachment 15 Interactions Table - A9T3C2,60,60,60,674.0,28828,30197
4659392,C38705-1 Commission – Letter - Robert Prevost and Nicole Coutts-Prevost - Trans Mountain Pipeline ULC - Application from Robert Prevost and Nicole Coutts-Prevost for a review or rehearing of Reasons for Decision MH-001-2025 and Order CM-0 - A9T3C7,2,2,2,125.5,260,276
4659394,C38706-1 IR Response 2026-03-30 132513 - A9T3C9,1,1,1,434.0,434,434
4659397,C38724-1 2026-03-31-SIPP Filing-Alliance CL - A9T3J5,3,3,3,249.66666666666666,718,733
4659398,C38724-2 Schedule 1-Alliance 2026 SIPP - A9T3J6,14,14,14,82.66666666666667,3861,3864
4659400,C38725-2 OM2026-058 - OM2025-058 IR Response due Apr 01 2026 - A9T3J9,1,1,1,187.0,178,178
4659401,OM2026-058 - Filing Receipt 2026-03-31 103142 - A9T3K0,2,2,2,251.0,479,501
4659402,C38731-1 CER letter - A9T3L6,1,1,1,147.0,149,147
4659403,C38731-2 Articles of Incorporation EN - A9T3L7,3,3,3,245.66666666666666,584,674
4659404,C38731-3 Certificate of Incorporation - A9T3L8,1,1,1,146.0,140,137
4659410,C38743-1 Toll Filing - A9T3T7,5,5,5,210.66666666666666,906,998
4659414,C38754-1 MRPL SIPP 2026 - A9T3X0,30,30,30,246.33333333333334,8907,9347
4659417,C38757-1 SIPP Update Letter - 2026 03 31 - A9T3X9,3,3,3,254.0,759,728
4659427,C38775-1 Letter to CER re Niagara Gas Response to CER IR No. 1 - A9T4E3,1,1,1,127.0,105,106
4659428,C38775-2 Niagara Gas Response to CER IR No. 1 - A9T4E4,2,2,2,353.5,689,693
4659432,C38781-1 Commission - Order ROE-158-2026 - DG Global Inc. - Exportation of heavy crude oil only - A9T4F9,1,1,1,319.0,320,321
4659433,C38781-2 Commission - Ordonnance ROE-158-2026 - DG Global Inc. - exporter du pétrole brut lourd seulement - A9T4F8,1,1,1,345.0,346,345
4659437,C38785-1 Commission – Letter to ATEC – IR No. 1 to ATEC - Section 335 Application filed by ATEC regarding NGTL GP - A9T4G8,2,2,2,160.5,309,347
4659438,C38785-2 Commission - IR No. 1 to ATEC - Section 335 Application filed by ATEC regarding NGTL GP - A9T4G9,1,1,1,308.0,297,299
4659442,C38801-1 2026-04-06 IESPL to CER Bi-weekly Project Update March 16 to 31 2026 - A9T4Q0,2,2,2,151.0,294,355
4659443,C38801-2 2026-03-31 IESPL to CER Bi-weekly Project Update March 1 to 15 2026 - A9T4Q1,2,2,2,138.5,269,330
4659444,Filing Receipt 2026-04-06 161648 - A9T4Q2,2,2,2,292.0,559,583
4659445,C38809-3 Guardian Proof of Publication - A9T4S1,1,1,1,1969.0,2025,1986
4659446,C38809-4 La Voix Acadienne Proof of Publication - A9T4S2,1,1,1,0.0,1345,1902
4659451,C38815-1 Cover Letter - A9T4T6,1,1,1,132.0,139,133
4659452,C38815-2 Annual Financial Resources Requirements Reporting Form - A9T4T7,2,2,2,322.5,373,392
4659453,C38815-3 Table 1 - Financial Resources Plan - A9T4T8,1,1,1,227.0,190,148
4659454,C38815-4 Financial Statements - Year Ended December 31 2025 - A9T4T9,14,14,14,206.0,3746,3730
4659455,C38815-5 Certificate of Insurance - A9T4U0,2,2,2,220.5,372,399
4659461,C38823-2 2026.04.08 Cover Letter Response to CER IR 3 Conditon 12 - Final Geotechnical and Geophysics Investigation Report - A9T4W3,1,1,1,157.0,144,145
4659462,C38823-3 Response to CER IR 3 - Condition 12 Final Geotechnical and Geophysics Investigation Report - A9T4W4,2,2,2,171.0,214,301
4659463,C38696-2 Application for Short-Term Light and Heavy Crude and Refined Products Export Orders - EN - A9T2X9,2,2,2,193.5,379,389
4659465,C38696-4 Demande d’ordonnance d’exportation à court terme de pétroles bruts léger et lourd ou de produits pétroliers raffinés - FR - A9T2Y1,2,2,2,231.5,461,457
4659469,C38700-1 Dawson Creek No. 2 Expansion Receipt Meter Station - Project Update Temporary Workspace Requirements - A9T2Z0,1,1,1,299.0,294,299
4659472,C38701-1 Tremblay North Receipt Meter Station - Project Update Temporary Workspace Requirements - A9T2Z2,6,6,6,657.0,743,357
4659475,C38706-3 OM2026-063 - 10MTSRJ-04950-2025-MP-3.40-2025 CER IR - A9T3D1,1,1,1,12532.0,3,45
4659476,C38711-1 Cover Letter CTHI SIPP March 30 2026 - A9T3F6,3,3,3,379.6666666666667,1135,1090
4659477,C38711-2 CTHI SIPP March 2026 - A9T3F7,17,17,17,199.33333333333334,4591,5427
4659478,C38711-3 CTHI SIPP Jan 2026 Black line - A9T3F8,17,17,17,209.0,4720,5501
4659481,C38712-1 OM2026-073 - Attachment 1 - Water Body Table - A9T3G0,3,3,3,269.0,726,936
4659482,C38712-2 OM2026-073 - Notification of Operation and Maintenance Activities - Notification des activités d'exploitation et d'entretien - 2026-03-30 1426 - A9T3G1,4,4,4,300.3333333333333,1099,1099
4659483,OM2026-073 - Filing Receipt 2026-03-30 142622 - A9T3G2,2,2,2,193.5,362,386
4659487,C38719-1 Aurora Pipeline Company Ltd. SIPP Filing March 2026 Cover Letter - A9T3H8,2,2,2,149.5,275,272
4659488,C38719-2 Aurora Pipeline Company Ltd. 2026 SIPP - A9T3H9,20,20,20,87.0,5020,5454
4659491,C38730-1 PCLP CER AO-001-MO-006-2016 and AO-001-MO-002-2017 Filing Letter 2026 - A9T3L4,1,1,1,295.0,283,282
4659496,C38750-3 Appendix 2 - SIPP Change Log and Blackline - A9T3V5,35,35,35,404.0,6699,6646
4659497,C38758-1 2026 03 31 CER CPCN EC29 IRES 3 - A9T3Y1,7,7,7,146.33333333333334,1723,1773
4659501,C38766-1 Commission - Letter to TAQA NORTH by its managing partner TAQA NORTH Ltd. – Letter of Credit Replacement - A9T4C2,1,1,1,197.0,213,220
4659502,"C38766-2 Commission - Lettre à TAQA NORTH, par son associé directeur TAQA NORTH Ltd. – Lettre de crédit de remplacement - A9T4C1",1,1,1,226.0,256,251
4659505,C38770-1 North Corridor Expansion - Condition 32b Confirmation of Notice to Indigenous Groups Hidden Lake North - A9T4D1,1,1,1,191.0,186,183
4659506,C38770-2 North Corridor Expansion - Condition 32b Confirmation of Notice to Indigenous Groups Red Earth Section - A9T4D2,1,1,1,209.0,204,201
4659507,Filing Receipt 2026-04-01 144257 - A9T4D3,2,2,2,280.0,535,560
4659508,C38780-1 IR Response 2026-04-02 131718 - A9T4F5,2,2,2,208.5,436,431
4659509,C38780-2 Attachment CER 32.1 - A9T4F6,4,4,4,155.66666666666666,596,600
4659510,Filing Receipt 2026-04-02 131722 - A9T4F7,2,2,2,273.0,521,546
4659511,C38790-7 07 Appendix E - Test Package PT-008 CS-N4 area piping and approximately 180 metres of pipeline loop - A9T4I9,35,35,35,45.333333333333336,9625,11326
4659512,Filing Receipt 2026-04-02 144625 - A9T4J0,2,2,2,349.0,665,689
4659514,OM2026-080 - Filing Receipt 2026-04-06 094618 - A9T4L9,2,2,2,193.5,362,386
4659515,C38802-1 Commission - Letter to Kinder Morgan Utopia Ltd. – Request for Extension to Filing Revised Statement of Investment Policies and Procedures - A9T4Q4,1,1,1,296.0,305,322
4659516,C38802-2 Commission - Lettre à Kinder Morgan Utopia Ltd. – Demande de report de la date de dépôt – version révisée de l’énoncé de politique et procédures de placement - A9T4Q3,2,2,2,178.0,383,379
4659518,Filing Receipt 2026-04-07 093755 - A9T4Q7,2,2,2,282.0,539,563
4659520,C38804-1 Annual Abandonment Funding Reporting VEI 2026 Executed - A9T4Q8,2,2,2,279.0,466,844
4659523,C38811-1 CER Submission 2026 Signed - A9T4S6,2,2,2,275.5,532,600
4659527,C38820-1 2026-04-08 - Letter to CER with unredacted materials - A9T4V4,1,1,1,277.0,257,259
4659528,C38820-2 2026-04-08 - RM of Peel - Notice of Motion to Compel Documents - A9T4V5,11,11,11,186.0,3301,3571
4659530,C38832-1 Shekilie PL Deactivation Complete letter - A9T4Y6,1,1,1,0.0,135,136
4659531,C38832-2 Pesh Creek Deactivation Complete letter - A9T4Y7,1,1,1,0.0,136,137
4659536,C38843-1 2026-04-09 Trans-Northern Pipelines Inc - Application for Revised 2026 Tolls File 6843410 - A9T5E3,2,2,2,145.0,260,261
4659538,C38848-1 Letter NorthRiver NEBC Connector Project Further Request for Stage Relief - Condition 21 - A9T5F7,2,2,2,316.0,632,632
4659541,C38849-1 TCPL 2027-2030 Mainline Settlement Application - Tenaska Marketing Canada s Letter of Comment - A9T5F9,2,2,2,267.5,515,533
4659543,C38850-1 2026-04-10 IGUA Letter re Comment re TC Pipelines Application re 2027-2030 Mainline Settlement - A9T5G1,2,2,2,152.0,288,293
4659546,C38853-1 Commissioner - Procedural Update No. 1 - Powell River Energy Inc. - Application for a 30-year contract-specific electricity export licence - EH-001-2026 proceeding - Licensing procedure - A9T5G8,10,10,10,348.0,3808,4087
4659547,C38853-2 Commission - Mise à jour procédurale no1 - Powell River Energy Inc. - Demande de licence d’exportation d’électricité de 30 ans liée à un contrat - Instance EH-001-2026 - Procédure d’octroi de licence - A9T5G7,11,11,11,320.6666666666667,4380,4799
4659549,C38856-1 Commission - Letter - Chevron - Application to transfer and vary Export Licence GL-343 - A9T5H7,2,2,2,143.0,284,311
4659550,C38856-2 Commission - Lettre - Chevron - Demande de transfert et de modification de la licence d’exportation GL-343 - A9T5H6,2,2,2,154.0,306,332
4659551,C38856-3 Commission – Order AO-001-GL-343 - Chevron - Application to transfer and vary Export Licence GL-343 - A9T5H9,2,2,2,198.5,394,395
4659553,C38858-1 2026-04-10 Avis de requête pour communication de documents par PTNI et demande de report de la date pour le dépôt des commentaires du Propriétaire - A9T5I4,5,5,5,296.3333333333333,1543,1588
4659560,C38878-1 Letter encl Response to CER Information Request No. 1 - A9T5Q7,1,1,1,224.0,204,232
4659561,C38878-2 NGTL GP Ltd. - Response to CER Information Request No. 1 - A9T5Q8,3,3,3,313.0,864,863
4659564,C38727-1 Grand Prairie Mainline Loop No. 3-Greenview Section Confirmation of Service of Notice of Application - A9T3K5,1,1,1,291.0,283,284
4659568,C38732-1 03-2026 -File 3430830 - Island 5 Facility Deactivations - IR 1 Imperial Response - A9T3Q0,9,9,9,249.0,2074,2113
4659569,C38732-2 Bear Island 6 Purge Plans - A9T3Q1,51,51,51,183.33333333333334,23026,1573
4659573,C38739-1 KM Utopia LT CER re Request for Extension to Compliance Filing signed - A9T3S2,1,1,1,315.0,317,315
4659575,C38740-1 Certificate Of Incorporation.pdf - A9T3S4,1,1,1,0.0,132,131
4659576,C38750-1 Cover Letter - SIPP Update - South Bow Keystone Pipeline Trust - A9T3V3,3,3,3,389.0,843,1136
4659582,C38768-1 Annual Abandonment Funding Report 2026 April - A9T4C6,2,2,2,279.0,462,839
4659586,C38771-1 Demande d’indemnisation de Sylvain Gougeon - Pipelines Trans-Nord Inc. - Demande de renseignements supplémentaires - A9T4D4,2,2,2,352.5,704,721
4659589,C38773-1 C62 Construction Schedule - 2026-04-01 - A9T4D9,4,4,4,149.0,737,794
4659590,Filing Receipt 2026-04-01 153009 - A9T4E0,2,2,2,285.5,537,561
4659591,C38774-1 Trans Mountain Pipeline ULC - Application for Approval of the 2026 Toll Adjustments contained in Interim Tariff No. 123 - Comment Process - A9T4E1,2,2,2,153.0,304,325
4659594,C38776-1 Marten Hills Producer Tie-in Rehabilitation Condition 2(a)(ii) Aerial Surveys - A9T4E6,3,3,3,164.66666666666666,468,622
4659597,C38783-1 Commission - Letter - TNPI - Application for revised 2026 Tolls - Comment Process - A9T4G3,2,2,2,204.0,390,433
4659602,C38788-1 IR Response 2026-04-02 143204 - A9T4H7,3,3,3,332.3333333333333,986,1010
4659603,C38790-5 05 Appendix C - Test Package PT-006 main test section - A9T4I7,52,52,52,66.66666666666667,13735,11284
4659605,C38791-1 OM2026-076 - Notification of Operation and Maintenance Activities - Notification des activités d'exploitation et d'entretien - 2026-04-02 1455 - A9T4J1,4,4,4,275.3333333333333,1015,1013
4659606,OM2026-076 - Filing Receipt 2026-04-02 145551 - A9T4J2,2,2,2,188.5,354,376
4659608,C38796-1 OM2026-079 - Attachment 1 - Aerial Image - A9T4K7,1,1,1,26.0,0,0
4659609,C38796-2 OM2026-079 - Attachment 2 - Current Pipe Details - A9T4K8,1,1,1,81.0,54,59
4659610,C38796-3 OM2026-079 - Notification of Operation and Maintenance Activities - Notification des activités d'exploitation et d'entretien - 2026-04-02 1659 - A9T4K9,4,4,4,316.0,1172,1166
4659611,OM2026-079 - Filing Receipt 2026-04-02 165958 - A9T4L0,2,2,2,195.5,366,390
4659613,C38806-1 Yellowhead Mainline Interconnect - Information Request Response No.1 - A9T4R3,9,9,9,251.66666666666666,2451,2673
4659618,C38817-1 CB - Incorporation Documents.pdf - A9T4U4,8,8,8,0.0,1516,1590
4659619,OM2026-082 - Filing Receipt 2026-04-09 075110 - A9T4X7,2,2,2,198.0,371,395
4659620,C38831-1 ÉNERGIR Lettre commentaires Entente 2027-2030 9avril2026 - A9T4Y4,2,2,2,193.5,367,368
4659625,C38852-1 2026 CER TVE Reflex Lake Annual Abandonment Funding Form (signed) - A9T5G5,2,2,2,279.0,494,854
4659628,C38855-1 IR Response 2026-04-10 151839 - A9T5H2,2,2,2,246.0,495,489
4659630,C38874-1 OM2026-090 - Notification of Operation and Maintenance Activities - Notification des activités d'exploitation et d'entretien - 2026-04-13 1529 - A9T5L9,4,4,4,230.66666666666666,928,928
4659631,OM2026-090 - Filing Receipt 2026-04-13 152935 - A9T5Q0,2,2,2,197.0,371,393
4659632,C38876-1 Letter to CER re GTM Companies Confirmation of Publication of EMP - A9T5Q3,1,1,1,216.0,197,208
4659634,C38877-1 Letter to CER re GTM Companies Confirmation of Publication of ERP - A9T5Q5,1,1,1,228.0,211,207
4659638,C38881-1 Line 10 Abandonment Trust - Letter to CER concerning Reporting Form and Audited Financial Statements - A9T5R5,1,1,1,176.0,178,176
4659639,C38881-2 Attachment 1-Line 10 Abandonment Trust- 2025 Reporting Form-trust as set-aside mechanism - A9T5R6,3,3,3,283.0,912,1098
4659640,C38881-3 Attachment 2-Line 10 Abandonment Trust - Audited Financial Statements - A9T5R7,11,11,11,121.66666666666667,3152,3156
4659643,C38884-1 OM2026-091 - Figure 1 - A9T5S7,1,1,1,13.0,0,23
4659644,C38884-2 OM2026-091 - Notification of Operation and Maintenance Activities - Notification des activités d'exploitation et d'entretien - 2026-04-14 1223 - A9T5S8,5,5,5,215.66666666666666,1186,1188
4659645,OM2026-091 - Filing Receipt 2026-04-14 122331 - A9T5S9,2,2,2,199.0,375,397
4659646,C38886-1 Plains Midstream Canada ULC - CER Audited Financial Statements 2025 Cover Letter - A9T5T2,1,1,1,200.0,187,176
4659650,C38930-1 LBX Pipeline FRP Annual Update Cover Letter 2026 - A9T6I7,2,2,2,230.0,456,461
4659651,C38939-1 Letter to Commission regarding Comments on Sam Enterprises Missed Evidence Deadline - A9T6L4,6,6,6,338.0,2032,2300
4659654,"C38942-1 Commission - Letter - Imperial Oil Resources N.W.T. Limited - Operations Authorization 1210-001 - Island 5, Island 6 and Bear Island Facility Activities - Decision - A9T6Q1",4,4,4,204.33333333333334,1166,1193
4659657,C38945-1 Réplique Sylvain Gougeon 19 avril 2026 - A9T6R0,2,2,2,0.0,389,387
4659660,C38952-1 2026-04-20 Trans-Northern Response to Toll Application Comments - A9T6S9,8,8,8,354.3333333333333,2835,3024
4659663,C38955-1 Letter to CER re Enbridge Confirmation of Publication of the Emergency Procedures Manuals - A9T6T5,1,1,1,243.0,216,214
4659667,C38744-1 2025 Streamlining Order Report - A9T3T9,2,2,2,114.0,216,217
4659670,C38746-1 Genesis Pipeline Canada Ltd - SIPP - A9T3U3,1,1,1,222.0,178,211
4659672,C38748-2 Appendix A - IOL Norman Wells 2025 Bathymetric Survey Memo 26 Nov 2025 FINAL - A9T3U8,38,38,38,405.0,11937,8837
4659674,C38750-2 Appendix 1 - SIPP - South Bow Keystone Pipeline Trust. - A9T3V4,16,16,16,116.0,3046,3048
4659675,Filing Receipt 2026-03-31 153348 - A9T3W7,2,2,2,278.5,532,556
4659676,C38755-1 C79 Annual Air Emissions Report Cover Letter - 2026-03-31 - A9T3X2,1,1,1,358.0,367,321
4659677,Filing Receipt 2026-03-31 160428 - A9T3X3,2,2,2,283.0,541,565
4659678,C38759-1 CER Financial Resources Plan Update Cover Letter - Aurora - A9T3Y3,2,2,2,307.0,592,590
4659679,C38759-2 CER Annual Financial Resources Requirements Reporting Form - Aurora - A9T3Y4,3,3,3,181.33333333333334,708,641
4659680,C38759-3 Table 1 Financial Resource Plan (Aurora) - A9T3Y5,2,2,2,303.5,563,542
4659682,C38763-1 Cover Letter - Sunoco LP 2026 Emergency Procedure Manual Updates - A9T3Z8,2,2,2,161.5,290,304
4659683,C38763-2 Sunoco L.P -2026 Letter from Accountable Officer re Posting of EPM and EMP on Public Website - A9T3Z9,1,1,1,324.0,323,320
4659690,C38789-1 Letter to CER re Westcoast Response to CER IR No. 1 re Request for Relief from Condition 20 - A9T4I0,1,1,1,141.0,114,113
4659691,C38789-2 Westcoast Response to CER IR No. 1 re Request for Relief from Condition 20 - A9T4I1,7,7,7,301.0,2447,2657
4659692,Filing Receipt 2026-04-02 144208 - A9T4I2,2,2,2,321.5,610,634
4659693,C38790-1 01 Letter to CER re Leave to Open Application for Aitken Creek Pipeline Loop - A9T4I3,1,1,1,260.0,232,246
4659694,C38790-2 02 Leave to Open Application for Aitken Creek Pipeline Loop - A9T4I4,6,6,6,338.0,1932,2165
4659695,C38790-3 03 Appendix A - Colour-Coded Piping and Instrumentation Diagrams - A9T4I5,3,3,3,728.0,1283,2123
4659696,C38790-4 04 Appendix B - Test Package PT-005 pretested pipe - A9T4I6,12,12,12,37.333333333333336,2533,2798
4659698,C38792-1 OM2026-077 - Notification of Operation and Maintenance Activities - Notification des activités d'exploitation et d'entretien - 2026-04-02 1505 - A9T4J3,4,4,4,273.3333333333333,988,984
4659699,OM2026-077 - Filing Receipt 2026-04-02 150546 - A9T4J4,2,2,2,188.5,354,376
4659700,C38795-1 OM2026-078 - Attachment 1 - Water Body Table - A9T4K4,1,1,1,366.0,336,521
4659701,C38805-2 OM2026-067 - Fish and Fish Habitat Information - A9T4R1,40,40,40,139.33333333333334,12974,4006
4659704,C38818-1 Liberty Utilities Tinker Transmission - Line 6904 Schedule rev3 -20260408 - A9T4V0,1,1,1,141.0,137,131
4659705,Filing Receipt 2026-04-08 122743 - A9T4V1,2,2,2,288.0,551,576
4659709,C38833-1 BPCEG Letter of Comment - TCPL Mainline Settlement - A9T4Y9,1,1,1,0.0,176,174
4659712,C38835-1 CER No. 598 - Transmittal Letter - A9T4Z3,3,3,3,258.3333333333333,739,766
4659713,C38835-2 IJT CER No. 598 - A9T4Z4,6,6,6,227.66666666666666,1514,1936
4659714,C38835-3 Appendix A - A9T4Z5,2,2,2,773.0,1517,2168
4659715,C38835-4 Appendix B - A9T4Z6,1,1,1,782.0,808,2132
4659717,C38837-4 NOA DOP - French [FINAL].pdf - A9T5A6,2,2,2,334.5,669,672
4659718,C38838-3 OM2026-084 - Notification of Operation and Maintenance Activities - Notification des activités d'exploitation et d'entretien - 2026-04-09 1328 - A9T5C5,4,4,4,236.66666666666666,912,910
4659720,C38846-1 Econo Petroleum Articles of Incorporation.pdf - A9T5E9,7,7,7,0.0,1344,1323
4659723,C38870-1 2026-04-13 - Cover Letter enclosing IR Response - A9T5L0,2,2,2,199.0,360,374
4659724,C38870-2 2026-04-13 - IR No. 1 Response with Attachments (Redacted) - A9T5L1,7,7,7,92.66666666666667,1788,3185
4659727,C38887-1 2026-04-14 - Letter re NGTL IR responses - A9T5U1,2,2,2,278.5,552,562
4659729,REM2018-042 - Filing Receipt 2026-04-15 000812 - A9T5W3,2,2,2,180.0,335,359
4659731,REM2020-021 - Annual Update - Compte rendu annuel - 2026-04-15 0008 - A9T5W4,2,2,2,194.5,389,389
4659732,REM2020-021 - Filing Receipt 2026-04-15 000814 - A9T5W5,2,2,2,179.5,334,358
4659734,REM2025-020 - Annual Update - Compte rendu annuel - 2026-04-15 0008 - A9T5W6,2,2,2,214.5,429,429
4659735,REM2025-020 - Filing Receipt 2026-04-15 000817 - A9T5W7,2,2,2,180.5,336,360
4659738,C38906-4 Commission - Ordonnance AO-001-MO-030-2015 à Emera Brunswick Pipeline Company Ltd. – Approbation du cautionnement pour le financement de la cessation d’exploitation - A9T5Y8,2,2,2,319.0,636,638
4659740,C38911-1 OM2026-092 - PKMCochinULC- Integrity Dig Information relating to amphibians 2026-04-14 - A9T6A5,2,2,2,210.0,401,401
4659741,C38911-2 OM2026-092 - PKMCochinULC- Integrity Dig Mapping- 2026-04-14 - A9T6A6,1,1,1,536.0,350,336
4659742,C38911-3 OM2026-092 - Notification of Operation and Maintenance Activities - Notification des activités d'exploitation et d'entretien - 2026-04-15 1413 - A9T6A7,4,4,4,229.0,863,863
4659743,OM2026-092 - Filing Receipt 2026-04-15 141346 - A9T6A8,2,2,2,198.0,373,395
4659746,C38922-1 OM2026-093 - Attachment 1 - Aerial Image - A9T6G1,1,1,1,26.0,0,0
4659748,C38928-1 Commission – Letter – Prairie Thunder Resources Ltd and Pentacor Energy Corp. - Northend to Green Glades Oil Pipeline – Erratum for Administrative Error in Order AO-004-XG-R56-44-97 - A9T6I0,1,1,1,124.0,135,150
4659749,C38928-2 Commission – Lettre – Prairie Thunder Resources Ltd et Pentacor Energy Corp. – Northend à Green Glades - Correction d’une erreur administrative dans l’ordonnance AO-004-XG-R56-44-97 - A9T6H9,1,1,1,131.0,161,156
4659750,C38928-3 Commission – Erratum – Prairie Thunder Resources Ltd and Pentacor Energy Corp. - Northend to Green Glades Oil Pipeline – Erratum for Administrative Error in Order AO-004-XG-R56-44-97 - A9T6I2,1,1,1,55.0,56,55
4659751,C38929-1 BC Hydro Confirmation of Participation - A9T6I4,1,1,1,142.0,160,164
4659752,C38929-2 BC Hydro Confirmation of Participation - A9T6I5,1,1,1,142.0,160,164
4659755,C38951-1 2026 Genesis Financial Resources Plan cover letter - A9T6S4,1,1,1,370.0,335,370
4659757,C38953-1 TCPL Reply Comments 2027-2030 Mainline Settlement Application File 6913083 - A9T6T1,11,11,11,355.3333333333333,5209,5495
4659760,C38966-1 2026.04.21 CER Letter for Emergency Management Program - Montreal Pipe Line Limited - A9T6W0,1,1,1,272.0,254,256
4659763,C38968-1 Shell Extension Request for Information Request of TNPI Application for 2026 Tolls - A9T6W4,1,1,1,149.0,150,152
4659765,C38973-1 TNPI Financial Resources Plan 2025 - A9T6X7,1,1,1,235.0,206,204
4659768,C38778-1 OM2026-074 - Notification of Operation and Maintenance Activities - Notification des activités d'exploitation et d'entretien - 2026-04-02 1210 - A9T4F1,4,4,4,285.0,1035,1035
4659769,OM2026-074 - Filing Receipt 2026-04-02 121048 - A9T4F2,2,2,2,189.5,354,378
4659770,C38790-6 06 Appendix D - Test Package PT-007 piping in area of connection at KP 8.9 - A9T4I8,31,31,31,113.33333333333333,9160,10585
4659772,C38793-1 Commission – Letter - Trans Mountain Pipeline ULC – Application under section 214 – Drag Reducing Agent Project - A9T4J5,3,3,3,291.6666666666667,872,899
4659773,C38793-2 Commission – IR No. 2 – Trans Mountain Pipeline ULC – Application under section 214 – Drag Reducing Agent Project - A9T4J6,4,4,4,184.0,872,905
4659776,C38797-1 2026-4 MPLL Monthly Letter to CER regarding March Capacity - A9T4L1,1,1,1,232.0,201,215
4659780,C38807-1 C106 Construction Progress Report Cover Letter - 2026-04-07 - A9T4R5,1,1,1,235.0,196,208
4659781,Filing Receipt 2026-04-07 153913 - A9T4R6,2,2,2,281.5,538,562
4659782,"C38809-1 AFFIDAVIT-Maritime Electric Company, Limited - A9T4R9",1,1,1,191.0,219,192
4659783,"C38809-2 Canada Gazette, Part I - A9T4S0",2,2,2,1092.5,1345,7557
4659786,C38817-2 Application for Short-Term Light and Heavy Crude and Refined Products Export Orders - EN - A9T4U5,2,2,2,185.0,362,367
4659788,C38817-4 Demande d’ordonnance d’exportation à court terme de pétroles bruts léger et lourd ou de produits pétroliers raffinés - FR - A9T4U7,2,2,2,223.0,435,440
4659791,C38822-1 Letter encl Notice of Motion regarding Prudence Review - A9T4V9,2,2,2,117.5,212,242
4659792,C38823-1 IR Response 2026-04-08 153938 - A9T4W2,2,2,2,152.0,305,304
4659793,C38839-1 OM2026-085 - Attachment 1 - Aerial Image - A9T5C7,1,1,1,26.0,0,0
4659794,C38839-2 OM2026-085 - Attachment 2 - Current Pipe Details - A9T5C8,1,1,1,83.0,56,61
4659795,C38839-3 OM2026-085 - Notification of Operation and Maintenance Activities - Notification des activités d'exploitation et d'entretien - 2026-04-09 1341 - A9T5C9,4,4,4,226.66666666666666,872,872
4659796,OM2026-085 - Filing Receipt 2026-04-09 134145 - A9T5D0,2,2,2,195.5,368,390
4659797,C38841-1 Commission – Letter to Prairie Thunder Resources Ltd. and Pentacor Energy Corp. – Change of ownership of Northend to Green Glades Oil Pipeline - A9T5D4,3,3,3,389.3333333333333,1180,1193
4659798,C38841-4 Commission – Ordonnance MO-016-2026 – Prairie Thunder Resources Ltd. et Pentacor Energy Corp. - Transfert de propriété de l’oléoduc reliant Northend à Green Glades - A9T5D5,2,2,2,217.5,432,433
4659799,C38841-5 Commission – Order AO-004-XG-R56-44-97 – Prairie Thunder Resources Ltd. and Pentacor Energy Corp.- Change of ownership of Northend to Green Glades Oil Pipeline - A9T5D8,3,3,3,260.3333333333333,774,774
4659800,C38841-6 Commission – Ordonnance AO-004-XG-R56-44-97 – Prairie Thunder Resources Ltd. et Pentacor Energy Corp. - Transfert de propriété de l’oléoduc reliant Northend à Green Glades - A9T5D7,3,3,3,276.0,821,823
4659802,C38846-2 Application for Short-Term Light and Heavy Crude and Refined Products Export Orders - EN - A9T5F0,2,2,2,186.5,365,370
4659804,C38846-4 Demande d’ordonnance d’exportation à court terme de pétroles bruts léger et lourd ou de produits pétroliers raffinés - FR - A9T5F2,2,2,2,224.5,438,444
4659807,C38856-4 Commission – Ordonnance AO-001-GL-343 - Chevron - Demande de transfert et de modification de la licence d’exportation GL-343 - A9T5H8,2,2,2,217.0,431,431
4659810,C38863-1 OM2026-087 - Notification of Operation and Maintenance Activities - Notification des activités d'exploitation et d'entretien - 2026-04-13 0957 - A9T5J5,4,4,4,288.0,1057,1057
4659811,OM2026-087 - Filing Receipt 2026-04-13 095704 - A9T5J6,2,2,2,189.0,353,377
4659812,C38864-1 OM2026-088 - Notification of Operation and Maintenance Activities - Notification des activités d'exploitation et d'entretien - 2026-04-13 1154 - A9T5J7,4,4,4,282.6666666666667,1028,1027
4659813,OM2026-088 - Filing Receipt 2026-04-13 115435 - A9T5J8,2,2,2,189.0,353,377
4659815,C38865-1 Letter to CER re Confirmation of Publication of Emergency Management Program - A9T5J9,1,1,1,286.0,283,288
4659821,C38899-1 Issuance of ACE for Plains Midstream Canada ULC - A9T5W8,2,2,2,184.5,353,355
4659823,C38901-1 Letter to CER re Enbridge SL Resposne to CER IR No. 1 - Line 13 Expansion Project - A9T5X5,1,1,1,162.0,140,155
4659824,C38901-2 Enbridge SL Response to CER IR No. 1 - A9T5X6,2,2,2,363.0,701,693
4659828,C38906-1 Commission – Letter to Emera Brunswick Pipeline Company Ltd. – Approval of Surety Bond for Abandonment Funding - A9T5Y7,3,3,3,271.6666666666667,821,839
4659829,C38906-2 Commission - Lettre à Emera Brunswick Pipeline Company Ltd. – Approbation du cautionnement pour le financement de la cessation d’exploitation - A9T5Y6,3,3,3,316.0,953,968
4659830,C38906-3 Commission – Order AO-001-MO-030-2015 to Emera Brunswick Pipeline Company Ltd. – Approval of Surety Bond for Abandonment Funding - A9T5Y9,2,2,2,270.0,537,538
4659831,C38907-1 AOC Docs-04-15-2026-CanadaFiling.pdf - A9T5Z1,24,24,24,140.66666666666666,9260,9131
4659833,C38908-1 Commission - Letter - Compensation Hearing Application from Sam Enterprises Ltd against Trans Mountain Pipeline ULC - MH-004-2025 - Missed evidence deadline – Comment process - A9T5Z7,2,2,2,173.5,360,373
4659836,"C38910-1 Commission - Letter - NGTL GP Ltd., as general partner, on behalf of NGTL Limited Partnership - Yellowhead Mainline Interconnect Project - Information Request No. 2 - A9T6A2",1,1,1,235.0,236,261
4659837,"C38910-2 Commission - Information Request No. 2 - NGTL GP Ltd., as general partner, on behalf of NGTL Limited Partnership - Yellowhead Mainline Interconnect Project - A9T6A3",2,2,2,237.5,451,454
4659839,C38912-2 Westspur April 2025 Toll Adjustment Basis - A9T6C0,5,5,5,146.66666666666666,871,968
4659840,C38912-3 Westspur August 2025 Toll Adjustment Basis - A9T6C1,3,3,3,221.66666666666666,663,666
4659841,C38912-4 2025 Affiliate Code of Conduct Compliance Plan - A9T6C2,7,7,7,251.66666666666666,2082,2087
4659842,C38912-5 KM 2025 Affiliate Code of Conduct - Compliance Report - A9T6C3,6,6,6,314.3333333333333,1846,1851
4659843,C38912-6 KM 2025 Affiliate Code of Conduct - Compliance Certificate 2026 - A9T6C4,1,1,1,165.0,168,168
4659844,C38912-7 Westspur transactions with affiliates 2025 - A9T6C5,1,1,1,118.0,118,121
4659849,C38920-3 Commission - Order EBU-073-2026 - ATLAS OIL COMPANY - exportation of butanes - A9T6F7,1,1,1,257.0,258,260
4659851,C38930-2 LBX Pipeline FRP Annual FR Requirements Reporting Form 2026 - A9T6I8,3,3,3,201.66666666666666,452,590
4659852,C38930-3 LBX Pipeline FRP Annual Update Table 1 2026 - A9T6I9,2,2,2,138.5,276,303
4659857,C38934-1 2026.04.17 Cover Letter McMahon Slope HDD C12 Update - A9T6K3,2,2,2,158.5,304,291
4659858,C38934-2 McMahon Slope HDD IFC Designs April 13 2026 - A9T6K4,5,5,5,978.6666666666666,2928,2062
4659859,Filing Receipt 2026-04-17 112749 - A9T6K5,2,2,2,289.5,554,582
4659860,"C38937-1 DRA - TM Letter re Coldwater Supplemental Filing - Cover Letter April 17, 2026 - A9T6L0",1,1,1,168.0,189,134
4659864,C38947-1 Copton Creek Receipt Meter Station - Measure 3 Offset Confirmation Timing - A9T6R4,3,3,3,345.6666666666667,869,1021
4659867,C38777-2 Notice of Motion to Strike Evidence - A9T4E9,6,6,6,252.0,1438,1565
4659870,C38779-1 Letter to CER re Consolidated Financial Statements GH-5-98 - A9T4F3,19,19,19,329.3333333333333,6654,6654
4659873,C38787-1 Commission - Letter to NGTL GP Ltd. – Copton Creek Receipt Meter Station Access Road and Smoky River Lateral Loop – Timing Relief for Condition 9 - A9T4H5,2,2,2,438.0,852,902
4659874,C38787-2 Commission-Lettre-NGTL GP Ltd.–Chemin d’accès menant à la station de comptage au point de réception Copton Creek et la canalisation latérale Smoky–Exemption de l’exigence temporelle de la condition 9 - A9T4H4,3,3,3,370.3333333333333,1083,1137
4659876,C38788-2 OM2026-057 - TCPL Response to CER 1 for OM2026-057 - A9T4H8,3,3,3,242.66666666666666,677,677
4659877,OM2026-057 - Filing Receipt 2026-04-02 143209 - A9T4H9,2,2,2,254.0,483,507
4659879,C38795-2 OM2026-078 - Notification of Operation and Maintenance Activities - Notification des activités d'exploitation et d'entretien - 2026-04-02 1637 - A9T4K5,4,4,4,297.0,1075,1073
4659880,OM2026-078 - Filing Receipt 2026-04-02 163702 - A9T4K6,2,2,2,192.5,360,384
4659881,Filing Receipt 2026-04-06 091010 - A9T4L6,2,2,2,282.0,539,564
4659883,C38800-1 OM2026-080 - Attachment 1 - Water Body Table - A9T4L7,2,2,2,232.0,408,517
4659884,C38800-2 OM2026-080 - Notification of Operation and Maintenance Activities - Notification des activités d'exploitation et d'entretien - 2026-04-06 0946 - A9T4L8,4,4,4,300.3333333333333,1102,1102
4659885,OM2026-067 - Filing Receipt 2026-04-07 131212 - A9T4R2,2,2,2,253.5,482,506
4659888,C38821-1 Commission – Letter - Compensation application from Peace River Greenhouses Ltd. - Westcoast Energy Inc. - MH-001-2026 - Hearing deadlines and comment process on motion by Westcoast Energy Inc. - A9T4V7,2,2,2,261.5,521,548
4659890,C38822-2 Notice of Motion re Prudence of Costs Incurred - A9T4W0,5,5,5,202.33333333333334,1376,1502
4659893,C38829-1 2026 Confirmation of Publication of EPM Kingston Midstream - A9T4Y0,1,1,1,235.0,236,237
4659895,C38837-1 OPG Annual Report (2024).pdf - A9T5A3,199,199,199,211.0,81263,79372
4659896,C38837-5 Utility Letters [FINAL].pdf - A9T5A7,5,5,5,174.33333333333334,837,863
4659897,C38837-6 Application for a Blanket Electricity Export Permit - EN - A9T5A8,7,7,7,355.0,2201,2203
4659899,C38837-8 Demande de permis général d’exportation d’électricité - FR - A9T5C0,7,7,7,352.3333333333333,2424,2522
4659903,C38838-1 OM2026-084 - Attachment 1 - Aerial Image - A9T5C3,1,1,1,26.0,0,0
4659904,C38840-1 OM2026-086 - Notification of Operation and Maintenance Activities - Notification des activités d'exploitation et d'entretien - 2026-04-09 1357 - A9T5D1,4,4,4,299.3333333333333,1081,1079
4659905,OM2026-086 - Filing Receipt 2026-04-09 135749 - A9T5D2,2,2,2,192.0,359,383
4659906,C38842-1 Order – ROE-159-2026 to Consolidated Biofuels – Exportation of refined petroleum products - A9T5E1,1,1,1,316.0,317,318
4659907,C38842-2 Ordonnance – ROE-159-2026 to Consolidated Biofuels – Exportation des produits pétroliers raffinés - A9T5E0,1,1,1,342.0,343,342
4659909,C38844-1 2026-04-09 LT CER re Transfer of Licence GL-343 re Closing - A9T5E5,2,2,2,0.0,240,234
4659911,C38860-1 Correction Request - A9T5I9,2,2,2,108.5,215,209
4659913,C38867-1 Application for the Sale of a Portion of the Dunvegan Lateral - A9T5K3,18,18,18,281.0,4247,4082
4659916,C38869-1 2026-04-13- Coldwater Letter to CER re DRA Project Process - A9T5K8,6,6,6,0.0,2198,2392
4659920,C38872-1 Central AB System Mainline Modifications Condition 5 Compliance by Accountable Officer - A9T5L5,1,1,1,220.0,219,219
4659921,Filing Receipt 2026-04-13 143715 - A9T5L6,2,2,2,280.5,538,561
4659922,C38894-1 Réponse de PTNI à l Avis de requête du Propriétaire (avec Annexe A) - A9T5V8,18,18,18,90.0,5121,4924
4659926,C38913-4 Attachment - 2.2 b.1) 5 Year Reduction - A9T6D0,3,3,3,284.3333333333333,719,844
4659927,C38913-5 Attachment - 2.2 b.2) 10 Year Reduction - A9T6D1,3,3,3,284.3333333333333,718,843
4659928,C38913-6 Attachment - 2.2 b.3) 15 Year Reduction - A9T6D2,3,3,3,284.3333333333333,640,843
4659929,C38915-1 Réponse de PTNI à la correspondance du 1er avril de la Régie - A9T6E0,16,16,16,99.66666666666667,2394,2349
4659931,C38918-1 Letter to CER re Mainline Force Majeure Reports Q1 2026 - A9T6E6,1,1,1,161.0,131,148
4659932,C38918-2 Attachment 1 - Enbridge Mainline Force Majeure Application - January 2026 - A9T6E7,1,1,1,24.0,532,574
4659933,C38918-3 Attachment 2 - Enbridge Mainline Force Majeure Application - February 2026 - A9T6E8,1,1,1,24.0,526,538
4659934,C38918-4 Attachment 3 - Enbridge Mainline Force Majeure Application - March 2026 - A9T6E9,1,1,1,24.0,472,503
4659936,C38920-1 Commission - Order EPR-113-2026 - ATLAS OIL COMPANY - exportation of propane - A9T6F5,1,1,1,257.0,258,260
4659937,C38920-2 Commission - Ordonnance EPR-113-2026 - ATLAS OIL COMPANY - exportation de propane - A9T6F4,1,1,1,286.0,287,287
4659939,C38923-1 Order – ROE-160-2026 to Econo Petroleum Inc. – Exportation of heavy and light crude oil and refined petroleum products - A9T6G6,1,1,1,334.0,335,336
4659940,C38923-2 Ordonnance – ROE-160-2026 to Econo Petroleum Inc. – Exportation du pétrole brut léger et lourd ainsi que des produits pétroliers raffinés - A9T6G5,1,1,1,365.0,366,365
4659943,C38932-1 2026 LBX CER EPM - EM Program Info Notification - A9T6J9,1,1,1,269.0,256,254
4659949,C38954-1 Letter to CER re Enbridge Confirmation of Publication of the Emergency Management Program - A9T6T3,1,1,1,233.0,207,214
4659951,C38965-1 2026-04-21-Pembina Group SIPP Update re Shipper Feedback - A9T6V8,1,1,1,185.0,159,167
4659955,C38972-1 20260421 Trans-Northern Extension Request File 6843410 IR#1 - A9T6X5,1,1,1,147.0,117,117
4659957,C38982-1 Application for Short-Term Natural Gas Export Orders - EN - A9T7A4,3,3,3,140.33333333333334,412,413
4659959,C38982-3 Demande d’ordonnance d’exportation de gaz naturel à court terme - FR - A9T7A6,3,3,3,168.66666666666666,494,491
4659962,C38983-1 Letter to CER re Enbridge Bakken 2025 Audited Financial Statements - A9T7A9,1,1,1,152.0,127,130
4659966,C39008-1 CTHI Trust Financial Statements CER Submission 2025 - A9T7I0,16,16,16,223.66666666666666,3586,3714
4659968,REM2026-012 - Filing Receipt 2026-04-04 000803 - A9T4L4,2,2,2,179.0,335,357
4659970,C38808-1 CER Interim Compensation Letter - A9T4R7,1,1,1,115.0,115,115
4659973,C38810-1 Pipestone Creek Receipt Meter Station Expansion - Condition 6 30-day Compliance - A9T4S4,1,1,1,228.0,223,228
4659974,Filing Receipt 2026-04-08 081746 - A9T4S5,2,2,2,280.5,536,561
4659976,C38824-1 Set-aside Mechanism - Appendix XVI Abandonment Liability - A9T4W7,2,2,2,279.0,463,610
4659978,"C38825-1 Commission - Letter - Imperial Oil Resources N.W.T. Limited - Operations Authorization 1210-001 - Island 5, Island 6 and Bear Island Facility Activities - A9T4W9",2,2,2,263.0,525,551
4659979,"C38825-2 Commission - IR No. 2 - Imperial Oil Resources N.W.T. Limited - Operations Authorization 1210-001 - Island 5, Island 6 and Bear Island Facility Activities - A9T4X0",2,2,2,269.0,514,514
4659981,C38837-2 OPG Financial Results (MD&A and FS) (2025).pdf - A9T5A4,159,159,159,330.0,76005,74054
4659982,C38837-3 NOA DOP - English [FINAL].pdf - A9T5A5,2,2,2,299.5,599,604
4659986,C38847-1 EGI Letter of Comment regarding Application for Approval of the Mainline 2027-2030 Settlement - A9T5F5,3,3,3,278.3333333333333,777,836
4659988,C38851-1 2026-04-10 - Notice of Opposition - A9T5G3,15,15,15,268.0,5321,6105
4659990,C38855-2 OM2026-075 - Information Request No. 1 Response - A9T5H3,5,5,5,192.33333333333334,907,907
4659991,C38855-3 OM2026-075 - Utilities Map - A9T5H4,4,4,4,535.3333333333334,2094,3389
4659992,OM2026-075 - Filing Receipt 2026-04-10 151841 - A9T5H5,2,2,2,255.5,486,510
4659994,C38862-1 Leming Lake Sales Lateral Loop Sand Section - Cond. 9 30-day Compliance - A9T5J3,1,1,1,225.0,224,219
4659995,Filing Receipt 2026-04-13 093452 - A9T5J4,2,2,2,272.0,519,543
4659998,C38868-1 OM2026-089 - Figure 1 - A9T5K5,1,1,1,13.0,0,22
4659999,C38868-2 OM2026-089 - Notification of Operation and Maintenance Activities - Notification des activités d'exploitation et d'entretien - 2026-04-13 1347 - A9T5K6,5,5,5,223.66666666666666,1190,1193
4660001,C38875-1 C38825-2 Commission -IR No. 2 13.04.2026 -IOR Response File 3430830 Final x - A9T5Q1,11,11,8,503.6666666666667,5855,5856
4660003,C38880-1 AO-001-MO-006-2016 EPM - A9T5R2,1,1,1,0.0,112,110
4660004,C38880-2 AO-001-MO-002-2017 – Compelling publication of Emergency Management Program Information - A9T5R3,1,1,1,0.0,111,109
4660007,C38885-1 Letter - A9T5T0,1,1,1,201.0,201,178
4660009,C38892-1 Compensation Hearing Application signed LEROUX MOORE - TRANSMOUNTAIN PIPELINE ULC - A9T5V3,5,5,5,0.0,1145,1104
4660011,C38893-1 2023-04-14 Réponse de PTNI à l Avis de requête du Propriétaire - A9T5V6,4,4,4,272.3333333333333,1385,1382
4660014,C38914-1 Commission – Letter to Westcoast – Application for the Sunrise Expansion Program – GH-001-2024 - A9T6D6,2,2,2,178.5,364,385
4660015,C38914-2 Commission - Lettre à Westcoast – Demande visant le programme d’agrandissement Sunrise – GH-001-2024 - A9T6D5,2,2,2,191.0,421,406
4660016,C38914-3 Commission - Order AO-001-XG-002-2026 to Westcoast – Application for the Sunrise Expansion Program – GH-001-2024 - A9T6D8,2,2,2,225.0,416,449
4660017,C38914-4 Commission - Ordonnance AO-001-XG-002-2026 – Westcoast – Demande visant le programme d’agrandissement Sunrise – GH-001-2024 - A9T6D7,2,2,2,268.0,503,535
4660020,C38919-1 Letter to CER re Niagara Gas Response to CER IR No. 2 - A9T6F1,1,1,1,128.0,105,104
4660021,C38919-2 Niagara Gas Response to CER IR No. 2 - A9T6F2,1,1,1,252.0,248,249
4660022,Filing Receipt 2026-04-16 131559 - A9T6G0,2,2,2,272.0,519,544
4660023,C38922-3 OM2026-093 - Notification of Operation and Maintenance Activities - Notification des activités d'exploitation et d'entretien - 2026-04-16 1556 - A9T6G3,4,4,4,318.6666666666667,1158,1156
4660024,OM2026-093 - Filing Receipt 2026-04-16 155607 - A9T6G4,2,2,2,195.5,368,390
4660025,C38931-1 CEI Articles of Incorporation.pdf - A9T6J3,6,6,6,0.0,1860,1859
4660027,"C38933-1 NGTL GP - Application for Approval of Final 2026 Rates, Tolls, Charges and Final 2026 Abandonment Surcharges for the NGTL System - A9T6K1",105,105,105,1176.3333333333333,121161,133883
4660030,C38935-1 Commission - Letter - Compensation application Irvin Leroux and Jill Moore against Trans Mountain Pipeline ULC - Receipt of compensation application - A9T6K6,1,1,1,180.0,181,206
4660032,C38936-1 LT CER - PREI Confirmation of Service of Procedural Update No. 1 - A9T6K8,1,1,1,146.0,166,162
4660035,C38984-1 Letter to CER re Enbridge SL 2025 Audited Financial Statements - A9T7C2,1,1,1,151.0,126,134
4660037,C38994-1 2026-04-22 - RM of Peel Response to TCPL Notice of Motion for Prudency - A9T7E6,6,6,6,374.6666666666667,2439,2684
4660039,C39001-3 OM2026-101 - Notification of Operation and Maintenance Activities - Notification des activités d'exploitation et d'entretien - 2026-04-23 1121 - A9T7G4,4,4,4,235.66666666666666,909,907
4660040,OM2026-101 - Filing Receipt 2026-04-23 112142 - A9T7G5,2,2,2,195.5,368,390
4660041,C39002-1 CER - Letter – Otipemisiwak Métis Government – NGTL Grande Prairie Mainline Loop No. 3 – Colt Section – Notice of consultation - A9T7G7,2,2,2,327.5,523,683
4660042,C39002-2 REC - Lettre– Gouvernement métis d’Otipemisiwak – NGTL - doublement no 3 de la canalisation principale Grande Prairie (section Colt) – Avis de consultation - A9T7G6,2,2,2,384.0,608,791
4660044,C39012-1 OM2026-102 - PouceCoupe-Myotis Mitigation Memo 2026-04-23 - A9T7I8,1,1,1,370.0,351,351
4660046,C39021-1 NorthRiver Midstream Canada Partner Limited Cover Letter 2026 Financial Resources Plan Annual Report - A9T7Q0,2,2,2,147.0,268,269
4660047,C39021-4 Attachment 2-2 - AM Besting Ratings (Redacted) - A9T7Q3,1,1,1,400.0,377,398
4660048,C39023-2 Attachment 1 - Table 1 - Financial Resources Plan - A9T7R0,2,2,2,169.0,262,277
4660049,C39023-3 Attachment 2-1 - NorthRiver 2026 COI (Redacted) - A9T7R1,2,2,2,0.0,565,875
4660050,C39023-4 Attachment 2-2 - AM Besting Ratings (Redacted) - A9T7R2,1,1,1,400.0,377,398
4660051,Receipt - Accusé de réception - A9T7S0,2,2,2,149.5,299,299
4660069,C38812-2 REC - Lettre - Toutes les sociétés réglementées par la Régie de l’énergie du Canada - Rappel sur les dépôts annuels obligatoires et autres exigences de dépôt - A9T4S9,11,11,11,364.6666666666667,3587,3781
4660072,C38816-1 Letter - A9T4U2,1,1,1,160.0,121,119
4660077,C38826-1 OM2026-081 - Attachment 1 - Aerial Image - A9T4X2,1,1,1,26.0,0,0
4660078,C38826-2 OM2026-081 - Attachment 2 - Current Pipe Details - A9T4X3,1,1,1,82.0,55,57
4660079,C38826-3 OM2026-081 - Notification of Operation and Maintenance Activities - Notification des activités d'exploitation et d'entretien - 2026-04-08 1820 - A9T4X4,4,4,4,234.33333333333334,898,896
4660080,OM2026-081 - Filing Receipt 2026-04-08 182037 - A9T4X5,2,2,2,195.5,366,390
4660082,C38828-1 OM2026-083 - Notification of Operation and Maintenance Activities - Notification des activités d'exploitation et d'entretien - 2026-04-09 0754 - A9T4X8,4,4,4,275.3333333333333,1021,1019
4660083,OM2026-083 - Filing Receipt 2026-04-09 075446 - A9T4X9,2,2,2,198.0,371,395
4660085,C38830-1 2026 ERP Accountable Officer Filing Website Cover Letter - A9T4Y2,1,1,1,272.0,273,277
4660088,C38838-2 OM2026-084 - Attachment 2 - Current Pipe Details - A9T5C4,1,1,1,83.0,56,61
4660089,OM2026-084 - Filing Receipt 2026-04-09 132829 - A9T5C6,2,2,2,195.5,366,390
4660091,C38845-1 Repsol Letter of Support 10Apr26 - A9T5E7,1,1,1,366.0,348,337
4660094,C38854-1 Letter - A9T5H0,3,3,3,178.66666666666666,472,474
4660098,C38873-1 Kainai Interconnect Project - Information Request Response No. 1 - A9T5L7,10,10,10,333.0,3091,3090
4660100,C38879-1 CER2603 - A9T5R0,2,2,2,243.0,441,682
4660101,Filing Receipt 2026-04-14 083732 - A9T5R1,2,2,2,269.0,513,537
4660104,REM2018-031 - Filing Receipt 2026-04-15 000809 - A9T5W1,2,2,2,183.0,341,365
4660105,REM2018-042 - Annual Update - Compte rendu annuel - 2026-04-15 0008 - A9T5W2,2,2,2,194.5,389,389
4660106,C38903-1 Imperial Letter of Comment Regarding TNPI 2026 Revised Tolls Application - A9T5Y0,2,2,2,300.0,464,609
4660110,C38912-1 Cover Letter Westspur Group 2 additional reporting 15 April 2026 - A9T6A9,1,1,1,225.0,227,227
4660111,C38913-1 2026-04-15 Trans-Northern ACE Funding IR 2 Response - Letter - A9T6C7,1,1,1,179.0,149,150
4660112,C38913-2 2026-04-15 Trans-Northern File 3433568 ACE Funding IR 2 Response - A9T6C8,13,13,13,232.0,4485,4596
4660113,C38913-3 Attachment -2.2 a) Support - A9T6C9,3,3,3,284.3333333333333,718,842
4660114,C38913-7 Attachment - 2.2 b.4) 20 Year Reduction - A9T6D3,3,3,3,284.3333333333333,718,843
4660118,C38920-4 Commission - Ordonnance EBU-073-2026 - ATLAS OIL COMPANY - exportation de butanes - A9T6F6,1,1,1,286.0,287,287
4660122,C38960-1 20260420 Lake Erie Connector Commitments Tracking Table Apr 1-30 2026 V98 - A9T6U7,15,15,15,1368.3333333333333,23339,23044
4660123,C38960-2 Apr 26 CER letter - A9T6U8,1,1,1,144.0,139,118
4660124,C38967-1 2026.04.21 CER Letter for Emergency Procedures Manual - Montreal Pipe Line Limited - A9T6W2,1,1,1,261.0,243,245
4660127,"C38971-1 C38837 - Cover Letter - Proof of Publication and Service on Utilities (April 21, 2026) - A9T6X1",2,2,2,123.0,229,238
4660128,"C38971-2 C38837 - Proof of Service on Utilities (April 21, 2026) - A9T6X2",76,76,76,56.666666666666664,19203,18587
4660129,"C38971-3 C38837 - Proof of Publication (April 21, 2026) - A9T6X3",9,9,9,1321.0,7382,7336
4660131,C38975-1 Letter to CER re Niagara Gas 2025 Financial Statements - A9T6Y5,2,2,2,138.5,255,262
4660132,C38975-2 Niagara Gas 2025 Financial Statements - A9T6Y6,6,6,6,101.66666666666667,617,646
4660137,C38990-1 Fortis LNG - Application for Minor Variation of Export Licence - GL-310 - A9T7D6,4,4,4,363.6666666666667,1359,1526
4660142,C38995-1 Letter encl Response to Peel’s Notice of Motion to Compel Disclosure of Records - A9T7E8,4,4,4,261.6666666666667,1047,1184
4660145,C39001-1 OM2026-101 - Attachment 1 - Aerial Image - A9T7G2,1,1,1,35.0,9,9
4660146,C39001-2 OM2026-101 - Attachment 2 - Current Pipe Details - A9T7G3,1,1,1,79.0,55,60
4660149,C39015-1 Burnt River South Receipt Meter Station - Project Notification - A9T7J9,8,8,8,171.66666666666666,1195,1207
4660151,C39018-1 SaskPower - Template For Comments on Conditions April 24 2026 - A9T7L0,7,7,7,408.0,2807,2755
4660153,C39019-1 2026.04.24 NorthRiver Cover Letter Abandonment Funding Reporting - A9T7L2,1,1,1,149.0,136,135
4660154,C39019-2 Abandonment Funding Reporting Form West Doe-Pouce Coupe Pipeline - A9T7L3,3,3,3,385.0,900,895
4660155,C39019-3 Reclamation Trust- 2025 Audited Financial Statements - A9T7L4,13,13,13,208.33333333333334,3550,3636
4660158,C39021-2 Attachment 1 - Table 1 - Financial Resources Plan - A9T7Q1,2,2,2,167.0,279,265
4660159,C39021-3 Attachment 2-1 - NorthRiver 2026 COI (Redacted) - A9T7Q2,2,2,2,0.0,565,875
4660160,C39023-1 NorthRiver Midstream G and P Canada Pipelines Inc. Cover Letter 2026 Financial Resources Plan Annual Report - A9T7Q9,2,2,2,155.0,297,288
4660162,C39020-1 IR Response 2026-04-24 123942 - A9T7L6,2,2,2,267.5,527,535
4660163,C39025-1 Commission - Letter to NGTL GP - Grande Prairie Mainline Loop No. 3 - Greenview Section - Legislated Time Limit and Decision on Process - A9T7R8,2,2,2,317.5,566,661
4660164,C39025-2 Commission - Lettre émise à NGTL GP - Grande Prairie Mainline Loop No. 3 - Greenview Section - Délai prescrit par la loi et décision quant au processus - A9T7R9,2,2,2,365.0,651,758
4660170,C38823-4 Attachment CER 3.1-1 Remaining Trenchless Crossings - A9T4W5,1,1,1,78.0,78,113
4660171,Filing Receipt 2026-04-08 153946 - A9T4W6,2,2,2,298.5,572,596
4660173,C38827-1 OM2026-082 - Notification of Operation and Maintenance Activities - Notification des activités d'exploitation et d'entretien - 2026-04-09 0751 - A9T4X6,4,4,4,290.0,1064,1064
4660174,C38834-1 26-04-09 Condition 4 Volume Filing - A9T4Z1,2,2,2,0.0,407,396
4660177,C38836-1 Commission – Letter - NGTL GP Ltd. – Leming Lake Sales Lateral Loop (Sand Section) – Condition 8 – Technical Specification Update - A9T4Z9,1,1,1,291.0,292,317
4660178,C38836-2 Commission-Lettre - NGTL GP Ltd.– Doublement de la canalisation latérale au point de vente Leming Lake (section Sand) - Condition 8 – Mise à jour des caractéristiques techniques - A9T4Z8,1,1,1,341.0,338,365
4660179,C38836-3 Commission - Order AO-002-XG-011-2025 – NGTL GP Ltd. - Leming Lake Sales Lateral Loop (Sand Section) – Condition 8 – Technical Specification Update - A9T5A1,2,2,2,213.0,423,457
4660182,C38841-2 Commission – Lettre à Prairie Thunder Resources Ltd. et Pentacor Energy Corp. –Transfert de propriété de l’oléoduc reliant Northend à Green Glades - A9T5D3,4,4,4,290.3333333333333,1325,1351
4660183,C38841-3 Commission – Order MO-016-2026 – Prairie Thunder Resources Ltd. and Pentacor Energy Corp. - Change of ownership of Northend to Green Glades Oil Pipeline - A9T5D6,2,2,2,199.0,395,395
4660185,C38857-1 2026-04-10 Letter to CER regarding SaskPower Written Argument - A9T5I1,1,1,1,174.0,192,196
4660186,C38857-2 2026-04-10 SaskPower Written Argument - A9T5I2,23,23,23,329.3333333333333,7469,8558
4660189,C38859-1 01 S.214 DRA - CER IR No. 2 - Cover Letter 2026 - A9T5I6,1,1,1,203.0,178,169
4660190,C38859-2 02 DRA Project – Trans Mountain Response to CER IR No. 2 - A9T5I7,7,7,7,368.6666666666667,2230,2261
4660192,C38861-1 Letter to CER re Westcoast Streamlining Notification - A9T5J1,2,2,2,176.0,327,345
4660194,C38866-1 Letter to CER re Confirmation of Publication of the Emergency Procedures Manual - A9T5K1,1,1,1,30.0,335,42
4660196,OM2026-089 - Filing Receipt 2026-04-13 134703 - A9T5K7,2,2,2,199.0,375,397
4660198,C38871-1 File OF-GEN-06 FRR Enercapita Energy Ltd. Financial Resources Plan 2026 - A9T5L3,4,4,4,290.3333333333333,1083,1068
4660201,C38886-2 Statements of Operations - Aurora Pipeline - 2025 (signed) - A9T5T3,8,8,8,172.0,1654,1772
4660202,C38886-3 Statements of Operations - Bodo Pipeline - 2025 (signed) - A9T5T4,8,8,8,176.0,1653,1773
4660203,C38886-4 Statements of Operations - Eastern Delivery Pipeline System - 2025 (signed) - A9T5T5,8,8,8,222.66666666666666,1837,1922
4660204,C38886-5 Statements of Operations - Kalkaska Pipeline - 2025 (signed) - A9T5T6,8,8,8,193.66666666666666,1776,1924
4660205,C38886-6 Statements of Operations - Sarnia Downstream Pipeline System - 2025 (signed) - A9T5T7,9,9,9,127.66666666666667,1823,1913
4660206,C38886-7 Statements of Operations - Windsor Storage Facility - 2025 (signed) - A9T5T8,8,8,8,179.33333333333334,1775,1857
4660207,C38886-8 Statements of Operations - Windsor-Sarnia Pipeline - 2025 (signed) - A9T5T9,8,8,8,194.0,1792,1956
4660210,C38891-1 2026-04-15 IESP Commitment Register to CER ESW and WW - A9T5V1,44,44,44,330.3333333333333,24742,24505
4660211,Filing Receipt 2026-04-14 163748 - A9T5V2,2,2,2,284.0,543,567
4660213,REM2018-031 - Annual Update - Compte rendu annuel - 2026-04-15 0008 - A9T5W0,2,2,2,194.5,389,389
4660215,C38900-1 Commission - Letter - Westcoast Energy GP Inc. on behalf of Westcoast Energy Limited Partnership - Aspen Point Program - Order XG-017-2024 - Leave to Open Aitken Creek Pipeline Loop - A9T5X1,1,1,1,128.0,155,154
4660216,C38900-2 Commission - Lettre - Westcoast Energy GP Inc. au nom de Westcoast Energy Limited Partnership - Programme Aspen Point - Ordonnance XG-017-2024 - Demande d’autorisation de mise en service du doublement du pipeline Aitken Creek - A9T5X0,1,1,1,148.0,149,172
4660217,C38900-3 Commission – Order GPLO-004-2026 - Westcoast Energy GP Inc. on behalf of Westcoast Energy Limited Partnership - Aspen Point Program - Order XG-017-2024 - Leave to Open Aitken Creek Pipeline Loop - A9T5X3,1,1,1,269.0,269,269
4660218,C38900-4 Commission – Ordonnance GPLO-004-2026 - Westcoast Energy GP Inc. au nom de Westcoast Energy Limited Partnership - Programme Aspen Point - Ordonnance XG-017-2024 - Demande d’autorisation de mise en service du doublement du pipelin - A9T5X2,1,1,1,284.0,285,284
4660222,C38902-1 Shell Letter of Comment to TNPI Revised Application for 2026 Tolls - A9T5X8,3,3,3,296.0,761,892
4660225,C38904-1 LT CER re Suncor Comments on Interim Toll Order - A9T5Y2,1,1,1,279.0,311,306
4660227,C38905-1 2026 Westover Express Pipeline Limited - Financial Resources Plan - A9T5Y4,11,11,11,111.33333333333333,2512,2721
4660229,C38907-2 Application for Short-Term NGL Export Orders - EN - A9T5Z2,2,2,2,195.5,383,388
4660231,C38907-4 Demande d’ordonnance d’exportation à court terme de LGN - FR - A9T5Z4,2,2,2,236.0,459,466
4660234,C38909-1 Cover Letter NorthRiver NEBC Connector Project Condition 33 Report No. 8 - A9T5Z9,1,1,1,139.0,126,126
4660235,C38909-2 Construction Progress Report No. 8 - A9T6A0,8,8,8,240.0,1754,1733
4660236,Filing Receipt 2026-04-15 133238 - A9T6A1,2,2,2,293.0,561,585
4660238,C38917-1 shíshálh Participation Confirmation - A9T6E4,1,1,1,0.0,201,182
4660241,Eastern Alberta System Mainline Modifications - Condition 9 and 5 30-day Compliance - A9T6G8,1,1,1,199.0,192,199
4660242,Filing Receipt 2026-04-17 074705 - A9T6G9,2,2,2,270.0,515,540
4660243,"C38925-1 Commission - Letter - NGTL GP Ltd., as general partner, on behalf of NGTL Limited Partnership - Grande Prairie Mainline Loop No. 3 - Colt Section - Information Request No. 1 - A9T6H0",1,1,1,194.0,195,220
4660244,"C38925-2 Commission - Information Request No. 1 - NGTL GP Ltd., as general partner, on behalf of NGTL Limited Partnership - Grande Prairie Mainline Loop No. 3 - Colt Section - A9T6H1",12,12,12,230.66666666666666,3811,3893
4660247,C38927-1 Bonterra AB ERP-15Apr26 CER - A9T6H6,333,333,307,426.3333333333333,83488,87671
4660248,C38927-2 Instrument AO-006-XO-T097-001-2003 Submission - A9T6H7,1,1,1,169.0,167,168
4660249,Filing Receipt 2026-04-17 093258 - A9T6H8,2,2,2,274.0,523,548
4660252,C38931-4 Demande d’ordonnance d’exportation de gaz naturel à court terme - FR - A9T6J6,3,3,3,161.66666666666666,473,470
4660257,C38938-1 Commission - Lettre - Demande d’indemnisation de 9346-5508 Québec Inc. contre PTNI - Requête de 9346-5508 Québec Inc. pour communication de documents et report de la date de dépôt des commentaires - A9T6L2,3,3,3,386.0,1047,1180
4660260,C38941-1 Prophet River First Nation - Greenview Section - CER Statement of Concern Form - A9T6L9,7,7,7,165.0,1560,1651
4660262,C38943-1 Letter-Annual Trust Reporting - A9T6Q3,1,1,1,176.0,164,163
4660263,C38943-2 Trust Reporting Form - A9T6Q4,3,3,3,308.6666666666667,750,986
4660264,C38943-3 Trust Financial Statements - A9T6Q5,11,11,11,123.33333333333333,3037,3076
4660266,C38948-1 Genesis Pipeline Canada Ltd - Audited financial statement filing cover letter - A9T6R6,1,1,1,133.0,101,133
4660267,C38948-2 2025.12.31 Genesis Pipeline Canada Financial Statements - A9T6R7,17,17,17,477.6666666666667,7410,7473
4660269,C38950-1 Statement of Concern - Manitoba Métis Federation on GPML Loop No.3 Greenview Section - A9T6S1,6,6,6,246.0,983,1050
4660270,C38950-2 Appendix A - Manitoba Métis Federation Statement of Concern on GPML Loop No.3 Greenview Section - A9T6S2,12,12,12,281.0,4626,5130
4660278,C38883-1 Tla amin Participation Confirmation - A9T5S5,1,1,1,0.0,199,184
4660280,C38888-1 2026-04-14 LT CER re Sam Enterprises Evidence Deadline - A9T5U3,2,2,2,282.0,562,518
4660283,"C38889-1 Commission - Letter - TNPI - Application for Approval of 2026 Tolls, Revised Incentive Toll Settlement, and Ottawa Firm Toll Settlement Agreements - A9T5U5",1,1,1,238.0,249,264
4660284,"C38889-2 Commission - IR No. 1 - TNPI - Application for Approval of 2026 Tolls, Revised Incentive Toll Settlement, and Ottawa Firm Toll Settlement Agreements - A9T5U6",7,7,7,244.66666666666666,2122,2142
4660287,"C38890-1 Commission - Letter to Shell - TNPI - Application for Approval of 2026 Tolls, Revised Incentive Toll Settlement, and Ottawa Firm Toll Settlement Agreements - A9T5U8",1,1,1,269.0,280,295
4660288,"C38890-2 Commission - IR No. 1 to Shell - TNPI - Application for Approval of 2026 Tolls, Revised Incentive Toll Settlement, and Ottawa Firm Toll Settlement Agreements - A9T5U9",3,3,3,306.0,882,880
4660290,C38916-1 2025 Decom Program - Program Update No. 1 - A9T6E2,17,17,17,437.3333333333333,9922,11255
4660293,C38921-1 NGTL GP 2025 Abandonment Program Condition 5 Detailed Schedules - A9T6F9,10,10,10,463.3333333333333,6623,7216
4660294,C38922-2 OM2026-093 - Attachment 2 - Current Pipe Details - A9T6G2,1,1,1,83.0,56,61
4660296,C38926-1 Bonterra AB ERP-15Apr26 CER - A9T6H3,1,1,1,45.0,71,57
4660297,C38926-2 Instrument AO-006-XG-T097-009-2003 Submission - A9T6H4,1,1,1,169.0,167,168
4660298,Filing Receipt 2026-04-17 092932 - A9T6H5,2,2,2,274.0,523,548
4660299,C38928-4 Commission – Erratum - Prairie Thunder Resources Ltd et Pentacor Energy Corp. – Northend à Green Glades - Correction d’une erreur administrative dans l’ordonnance AO-004-XG-R56-44-97 - A9T6I1,1,1,1,67.0,67,68
4660301,C38931-2 Application for Short-Term Natural Gas Export Orders - EN - A9T6J4,3,3,3,133.0,384,389
4660305,C38940-1 01 Letter to CER re Westcoast Response to CER IR No. 1 - Condition 19 - A9T6L6,1,1,1,135.0,113,112
4660306,C38940-2 02 Westcoast Response to CER IR No. 1 - Condition 19 - A9T6L7,8,8,8,281.0,2497,2527
4660307,Filing Receipt 2026-04-17 154234 - A9T6L8,2,2,2,315.0,597,621
4660309,C38944-1 MRPL Annual Financial Statements - A9T6Q7,1,1,1,135.0,122,121
4660310,C38944-2 MRPL Financial Statements - A9T6Q8,7,7,7,153.0,1452,1490
4660312,C38946-1 Smoky River Lateral Loop - Condition 9 CHOMIR Status Update - A9T6R2,3,3,3,345.6666666666667,869,1021
4660313,Filing Receipt 2026-04-20 082015 - A9T6R3,2,2,2,272.5,520,544
4660314,"C38949-1 Commission – Ruling No. 1 and Procedural Update No. 1 - Cost apportionment application by His Majesty in Right of Alberta, as represented by ATEC, involving NGTL, Foothills, TC Energy and TCPL - A9T6R9",4,4,4,367.3333333333333,1640,1683
4660316,C38951-4 Genesis - table 1- financial-resources - A9T6S7,2,2,2,139.5,328,321
4660320,C38959-1 2025 Decommissioning Program - Condition 4 Detailed Schedules - A9T6U5,7,7,7,330.6666666666667,3027,3291
4660322,C38962-1 OM2026-095 - Notification of Operation and Maintenance Activities - Notification des activités d'exploitation et d'entretien - 2026-04-20 1503 - A9T6V2,4,4,4,312.3333333333333,1119,1116
4660323,OM2026-095 - Filing Receipt 2026-04-20 150310 - A9T6V3,2,2,2,197.5,370,394
4660325,C38964-1 Decommissioning Schedule - A9T6V6,1,1,1,101.0,121,123
4660326,Filing Receipt 2026-04-21 081849 - A9T6V7,2,2,2,280.5,536,561
4660328,C38980-1 20260421 CER SBGV617666 LOC - A9T6Z7,6,6,6,0.0,2185,1922
4660329,C38980-2 BNE Financial Resource Plan signed - A9T6Z8,5,5,5,64.66666666666667,397,451
4660330,C38980-3 Canada Energy Regulator 26-27 CER Certificate of Insurance- NOC - A9T7A0,1,1,1,487.0,488,503
4660331,Filing Receipt 2026-04-22 104126 - A9T7A1,2,2,2,286.5,548,572
4660333,C38988-1 CER - Letter –Compensation Application from Irvin Leroux and Jill Moore against Trans Mountain Pipeline ULC – Compensation hearing application - preliminary comment process - A9T7D2,2,2,2,248.0,494,520
4660334,C38991-1 Commission - Letter to Coldwater Indian Band – TM Drag Reducing Agent – Response to letter from Coldwater Indian Band - A9T7D8,4,4,4,249.33333333333334,1188,1296
4660339,C39005-1 Tla amin Comments on Confidential Filings - A9T7H3,4,4,4,0.0,1155,1224
4660344,C39020-3 OM2026-102 - PouceCoupe Gully PE25606 Location Area - A9T7L8,1,1,1,0.0,0,0
4660345,OM2026-102 - Filing Receipt 2026-04-24 123950 - A9T7L9,2,2,2,268.5,514,536
4660348,C39033-1 WBFN Final Argument - A9T7T5,30,30,30,184.0,9110,12010
4660351,C39034-1 Letter - Trans Mountain Pipeline ULC - Application for Approval of the 2026 Toll Adjustments contained in Interim Tariff No. 123 - A9T7T9,2,2,2,332.0,662,675
4660352,"C39034-2 Lettre - Trans Mountain Pipeline ULC, au nom de Trans Mountain Pipeline L.P. Demande d’approbation de rajustement des droits pour 2026 - A9T7T8",2,2,2,373.0,743,775
4660353,C39034-3 Order AO-002-TOI-004-2023 - Trans Mountain Application for Approval of the 2026 Toll Adjustments contained in Interim Tariff No. 123 - A9T7U1,2,2,2,225.5,448,448
4660356,C39035-1 TC Energy Code of Conduct Quarterly Exception Report Q1 2026 - A9T7U3,2,2,2,238.5,477,477
4660376,C39049-1 Notification of Beiseker Compressor Station Unit A1 Decommissioning - A9T7Y1,5,5,5,255.33333333333334,907,526
4660931,"C39183-1 EPBC Financial Resource Plan Update April 30, 2026 (Executed) - A9T9Z5",15,15,15,139.66666666666666,2674,3219
4661172,C39077-4 Attachment 2 - St. Clair 2025 Appendix XV Reporting Form - A9T8I6,2,2,2,386.0,684,950
4661173,C39067-3 Attachment 1 - Westcoast 2025 Audited Financial Statements - A9T8E9,14,14,14,240.66666666666666,3915,4004
4661252,C38958-1 Commission - Letter - Powell River Energy Inc. - Application for a 30-year contract-specific electricity export licence - EH-001-2026 proceeding - List of Parties - A9T6U2,5,5,5,118.66666666666667,631,631
4661253,C38958-2 Commission - List of Parties - Powell River Energy Inc. - Application for a 30-year contract-specific electricity export licence - EH-001-2026 proceeding - A9T6U3,4,4,4,136.0,535,535
4661255,Filing Receipt 2026-04-20 140541 - A9T6U6,2,2,2,285.0,545,570
4661257,C38963-1 OM2026-096 - Notification of Operation and Maintenance Activities - Notification des activités d'exploitation et d'entretien - 2026-04-20 1601 - A9T6V4,4,4,4,257.6666666666667,1010,1010
4661258,OM2026-096 - Filing Receipt 2026-04-20 160128 - A9T6V5,2,2,2,198.0,373,395
4661259,OM2026-097 - Filing Receipt 2026-04-21 125147 - A9T6W8,2,2,2,188.0,353,375
4661262,C38983-2 Enbridge Bakken 2025 Audited Financial Statements - A9T7C0,18,18,18,320.3333333333333,5522,5521
4661266,C38987-1 Commission - Letter to ATEC and NGTL GP - s. 335 Application filed by ATEC regarding NGTL GP Ltd. - Request for confidentiality and opportunity for reply - A9T7D0,2,2,2,373.0,744,771
4661269,C38993-1 OM2026-100 - Figure 1 Dig ID 36260 - A9T7E2,1,1,1,53.0,36,15
4661270,C38993-2 OM2026-100 - Figure 1 Dig ID 36261 - A9T7E3,1,1,1,52.0,35,59
4661272,C38996-1 FinancialResourcesPlanAnnualUpdate 2026 File 6845140 - A9T7F0,40,40,40,72.66666666666667,13618,13954
4661277,C39006-1 Centra Transmission Holdings Inc Financial Statements 20251231 - A9T7H5,22,22,22,199.66666666666666,4572,4692
4661279,C39007-2 REC - Lettre à Gouvernement métis d’Otipemisiwak – NGTL GP Ltd - Demande d’approbation du doublement no 3 de la canalisation principale Grande Prairie (section Greenview) – Avis de consultation - A9T7H7,2,2,2,388.5,577,808
4661282,C39010-1 Cenovus Energy Inc. Financial Resources Plan CER Submission 2026 - A9T7I4,13,13,13,213.33333333333334,3274,3507
4661285,C39011-1 2026-04-23 - LT CER re BC Hydro Comments on Confidential Filings 1 and 2 - A9T7I6,7,7,7,276.0,2339,2857
4661291,C39016-1 Order – GO-025-2026 to Rochester Gas and Electric Corporation – Exportation of gas - A9T7K6,1,1,1,264.0,265,266
4661292,C39016-2 Ordonnance – GO-025-2026 to Rochester Gas and Electric Corporation – Exportation du gaz - A9T7K5,1,1,1,296.0,297,296
4661295,C39021-6 Attachment 4 - Annual Financial Resources Requirements Reporting Form - A9T7Q5,3,3,3,204.33333333333334,379,536
4661297,C39022-1 OM2026-103 - Notification of Operation and Maintenance Activities - Notification des activités d'exploitation et d'entretien - 2026-04-24 1252 - A9T7Q7,4,4,4,272.3333333333333,1010,1008
4661298,C39024-1 CTHI Trust Annual Reporting CER Submission 2025 - A9T7R6,3,3,3,61.333333333333336,1243,2128
4661299,OM2026-104 - Filing Receipt 2026-04-24 151145 - A9T7S8,2,2,2,197.5,372,394
4661355,C38951-2 Genesis - 2026 Financial Resources Plan - A9T6S5,5,5,5,272.3333333333333,1298,1298
4661356,C38951-3 NOVA Chemicals - Corporate Structure Chart (BGI AG) - A9T6S6,1,1,1,104.0,18,14
4661358,C38957-1 Supplemental Letter Submission re Application for Transfer of Export Permit EPE-432 - A9T6U0,28,28,27,105.0,3851,3940
4661360,Filing Receipt 2026-04-20 144548 - A9T6U9,2,2,2,281.0,537,562
4661362,C38970-1 IR Response 2026-04-21 131308 - A9T6W9,2,2,2,292.0,579,584
4661363,OM2026-061 - Filing Receipt 2026-04-21 131309 - A9T6X0,2,2,2,249.5,474,498
4661366,C38977-1 OM2026-099 - Notification of Operation and Maintenance Activities - Notification des activités d'exploitation et d'entretien - 2026-04-21 1651 - A9T6Z1,4,4,4,273.6666666666667,1017,1021
4661367,OM2026-099 - Filing Receipt 2026-04-21 165104 - A9T6Z2,2,2,2,186.5,350,372
4661369,"C38978-1 Commission - Letter to TNPI and Shell - Application for Approval of 2026 Tolls, Revised Incentive Toll Settlement, and Ottawa Firm Toll Settlement Agreements - IR No. 1 deadline extension requests - A9T6Z3",2,2,2,163.0,324,351
4661372,C38979-1 Condition 12 Filing b - A9T6Z5,1,1,1,209.0,209,196
4661373,Filing Receipt 2026-04-22 101327 - A9T6Z6,2,2,2,280.0,535,563
4661376,C38984-2 Enbridge SL 2025 Audited Financial Statements - A9T7C3,19,19,19,223.66666666666666,5804,5800
4661380,C38989-1 Commission - Ruling No. 3 - Compensation Hearing Application from Sam Enterprises Ltd against Trans Mountain Pipeline ULC - MH-004-2025 proceeding - Request for revised hearing schedule - A9T7D4,4,4,4,345.3333333333333,1550,1654
4661383,C39000-1 Tremblay North Receipt Meter Station - Condition 4 Construction Schedule - A9T7G0,2,2,2,112.0,214,209
4661385,C39003-1 Letter to CER re EGI Companies Confirmation of Publication of Emergency Management Program - A9T7G9,1,1,1,196.0,188,187
4661388,"C39007-1 CER - Letter to Otipemisiwak Métis Government – NGTL GP Ltd – Application for approval of Grande Prairie Mainline Loop No. 3, Greenview Section - Notice of Consultation - A9T7H8",2,2,2,336.0,507,700
4661391,C39014-1 Commission - Letter – ATCO Gas and Pipelines Ltd. – Application for Existing Distribution Pipeline Compliance – Legislated Time Limit and Decision on Process - A9T7J7,2,2,2,298.0,573,621
4661392,C39014-2 Commission - Lettre - ATCO Gas and Pipelines Ltd. – Demande relative à la conformité d’un gazoduc de distribution existant - Délai prescrit par la loi et décision quant au processus - A9T7J6,2,2,2,312.5,599,650
4661393,OM2026-102 - Filing Receipt 2026-04-23 150810 - A9T7J0,2,2,2,203.0,383,405
4661397,C39026-1 2026.04.24 NorthRiver Midstream Canada Partner Limited Confirmation AO-001-MO-006-2016 AO-001-MO-002-2017 - A9T7S1,2,2,2,143.0,261,258
4661399,C39032-1 OM2026-105 - Notification of Operation and Maintenance Activities - Notification des activités d'exploitation et d'entretien - 2026-04-24 1540 - A9T7T3,4,4,4,286.3333333333333,1027,1039
4661400,OM2026-105 - Filing Receipt 2026-04-24 154020 - A9T7T4,2,2,2,198.5,372,396
4661402,C39033-2 WBFN Comments on Draft Potential Conditions - A9T7T6,7,7,7,342.0,2642,2640
4661404,C39036-1 Letter re Sam Enterprises – Missed Revised Disclosure Deadline - A9T7U5,3,3,3,326.0,856,975
4661455,C38956-1 IR Response 2026-04-20 125203 - A9T6T7,2,2,2,245.5,494,488
4661456,C38956-2 OM2026-089 - Westcoast Response to CER IR No. 1 - OM2026-089 - A9T6T8,4,4,4,302.3333333333333,1331,1330
4661457,OM2026-089 - Filing Receipt 2026-04-20 125205 - A9T6T9,2,2,2,262.5,502,524
4661459,C38961-1 OM2026-094 - Notification of Operation and Maintenance Activities - Notification des activités d'exploitation et d'entretien - 2026-04-20 1447 - A9T6V0,4,4,4,312.3333333333333,1119,1116
4661460,OM2026-094 - Filing Receipt 2026-04-20 144719 - A9T6V1,2,2,2,197.5,372,394
4661461,C38969-1 OM2026-097 - Self-Assessment Attachment - A9T6W6,72,72,72,158.66666666666666,19190,19300
4661462,C38969-2 OM2026-097 - Notification of Operation and Maintenance Activities - Notification des activités d'exploitation et d'entretien - 2026-04-21 1251 - A9T6W7,6,6,6,314.6666666666667,1820,1827
4661464,C38974-1 OM2026-098 - Attachment 1 - Water Body Table - A9T6Y2,1,1,1,238.0,202,254
4661465,C38974-2 OM2026-098 - Notification of Operation and Maintenance Activities - Notification des activités d'exploitation et d'entretien - 2026-04-21 1505 - A9T6Y3,4,4,4,287.3333333333333,1056,1056
4661466,OM2026-098 - Filing Receipt 2026-04-21 150520 - A9T6Y4,2,2,2,192.5,360,384
4661468,C38976-1 Letter to CER re St. Clair 2025 Financial Statements - A9T6Y8,2,2,2,135.5,249,248
4661469,C38976-2 St. Clair 2025 Financial Statements - A9T6Y9,5,5,5,120.66666666666667,624,619
4661471,"C38981-1 NGTL Application for Reimbursement for Reclamation Obligations Costs Incurred to February 28, 2026 - A9T7A2",49,49,49,323.6666666666667,12031,13196
4661473,C38992-1 Yellowhead Mainline Interconnect Response to Information Request No. 2 - A9T7E0,4,4,4,290.0,1136,1145
4661474,C38993-3 OM2026-100 - Notification of Operation and Maintenance Activities - Notification des activités d'exploitation et d'entretien - 2026-04-22 1532 - A9T7E4,4,4,4,244.33333333333334,921,919
4661475,OM2026-100 - Filing Receipt 2026-04-22 153208 - A9T7E5,2,2,2,196.5,370,392
4661479,C39004-1 Letter to CER re EGI Companies Confirmation of Publication of the Emergency Procedures Manuals - A9T7H1,1,1,1,176.0,168,176
4661483,C39012-2 OM2026-102 - Notification of Operation and Maintenance Activities - Notification des activités d'exploitation et d'entretien - 2026-04-23 1508 - A9T7I9,5,5,5,294.6666666666667,1461,1458
4661555,C38973-2 TNPI Certificate of Insurance 2026 - A9T6X8,5,5,5,218.0,844,855
4661556,C38973-3 Trans Northern Pipelines Inc-Table1-financial-resources December 31 2025 - A9T6X9,2,2,2,138.5,378,369
4661557,C38973-4 Trans-Northern Pipelines Inc-Annual-Financial-Resources-Reporting 2025 - A9T6Y0,3,3,3,192.66666666666666,470,592
4661559,C38985-1 Letter to CER re Express 2025 Audited Financial Statements - A9T7C5,1,1,1,145.0,120,123
4661560,C38985-2 Express 2025 Audited Financial Statements - A9T7C6,20,20,20,342.6666666666667,6541,6561
4661562,C38986-1 260422 CER MO-006-2016 - MO-002-2017 - 2026 HIPCO EPM - EMP Confirmation FF - A9T7C8,2,2,2,174.0,297,332
4661565,C38997-1 Letter-Annual Financial Resource Plan - A9T7F2,2,2,2,182.5,340,386
4661566,C38997-2 Financial Resource Plan Form - A9T7F3,3,3,3,197.66666666666666,394,652
4661567,C38997-3 Certificate of Insurance - Redacted - A9T7F4,6,6,5,163.0,939,930
4661570,C39015-2 Burnt River South Receipt Meter Station - Avis de projet - A9T7K0,8,8,8,186.66666666666666,1315,1329
4661571,C39015-3 Attachment 1 - Route Selection Methodology - A9T7K1,1,1,1,109.0,89,89
4661572,C39015-4 Attachment 2 - Global and Regional Maps - A9T7K2,3,3,3,298.3333333333333,448,1
4661573,C39015-5 Attachment 3 - Indigenous Groups Engagement Summary - A9T7K3,1,1,1,405.0,386,384
4661574,Receipt - Accusé de réception - A9T7K4,3,3,3,185.0,554,553
4661575,C39017-1 shíshálh LT CER re PREI Confidentiality Requests - A9T7K8,3,3,3,360.0,1075,1070
4661577,OM2026-103 - Filing Receipt 2026-04-24 125208 - A9T7Q8,2,2,2,191.0,359,381
4661578,C39020-2 OM2026-102 - Canfor April 23 Hydrotechnical Temp Mitigation Sketches - A9T7L7,1,1,1,387.0,229,391
4661580,C39027-1 2026.04.24 NorthRiver Midstream G and P Canada Pipelines Inc. Confirmation AO-001-MO-006-2016 AO-001-MO-002-2017 - A9T7S3,2,2,2,151.5,275,275
4661582,C39029-1 OM2026-104 - Notification of Operation and Maintenance Activities - Notification des activités d'exploitation et d'entretien - 2026-04-24 1511 - A9T7S7,4,4,4,312.3333333333333,1119,1116
4661583,"C39034-4 Ordonnance AO-002-TOI-004-2023 - Trans Mountain Pipeline ULC, au nom de Trans Mountain Pipeline L.P. Demande d’approbation de rajustement des droits pour 2026 prévus dans le tarif provisoire no 123 - A9T7U0",3,3,3,179.0,530,536
4661656,C39009-1 2026 Cenovus Energy Inc. Publication of EM Program Information Notification - A9T7I2,1,1,1,306.0,314,310
4661658,C39013-1 Commission – Letter - NGTL GP Ltd. – 2025 Meter Stations and Laterals Abandonment Program – Program Update No. 2 and Schedule A Update - A9T7J2,2,2,2,378.5,755,781
4661659,C39013-2 Commission-Lettre - NGTL GP Ltd.– Programme de cessation d’exploitation de stations de comptage et de canalisations latérales de 2025 - Mise à jour n° 2 et annexe A - A9T7J1,2,2,2,460.5,919,951
4661660,C39013-3 Commission - Order AO-001-ZO-001-2026 - NGTL GP Ltd. – 2025 Meter Stations and Laterals Abandonment Program – Program Update No. 2 and Schedule A Update - A9T7J4,8,8,8,201.0,1502,1900
4661661,C39013-4 Commission - Ordonnance AO-001-ZO-001-2026 - NGTL GP Ltd.– Programme de cessation d’exploitation de stations de comptage et de canalisations latérales de 2025 - Mise à jour n° 2 et annexe A - A9T7J3,9,9,9,229.33333333333334,1861,2347
4661664,C39021-5 Attachment 3 - Unaudited Financial Statements - A9T7Q4,12,12,12,0.0,2708,2738
4661665,C39023-5 Attachment 3 - Unaudited Financial Statements - A9T7R3,12,12,12,0.0,2950,2949
4661666,C39023-6 Attachment 4 - Annual Financial Resources Requirements Reporting Form - A9T7R4,3,3,3,204.0,378,625
4661670,C39028-1 Marten Hills Producer Tie-in Rehabilitation - Condition 4 Segment Rehabilitation Plan - A9T7S5,22,22,22,228.66666666666666,7102,7275
4661672,C39031-1 Manitoba Métis Federation - Written Argument SaskPower Southwest Power Pool - A9T7T1,28,28,28,292.3333333333333,10361,11073
4662188,C39041-2 map of property - A9T7W0,1,1,1,0.0,42,42
4662189,C39041-3 owner s sketch - A9T7W1,1,1,1,0.0,174,281
4662190,"C39041-4 photo of Schedule D notes on flip chart taken at ADR for SOO on January 28, 2020 - A9T7W2",1,1,1,45.0,71,57
4662191,"C39041-5 Attachment 1 diagram included in TM February 11, 2026 ADR response - A9T7W3",1,1,1,0.0,4,0
4662194,C39059-1 Letter to CER re Westcoast Annual Update to Financial Resources Plan - A9T8C1,1,1,1,127.0,105,116
4662196,C39066-1 Letter to CER re M-NP Annual Trust and Financial Statements - A9T8E4,1,1,1,104.0,92,100
4662197,C39067-2 Attachment 2 - Westcoast 2025 Appendix XV Reporting Form - A9T8F0,2,2,2,377.0,722,868
4662199,"C39070-1 Letter encl NGTL Reply to ATEC April 14, 2026 Letter - A9T8F8",21,21,21,106.0,6802,7884
4662200,C39078-3 Attachment 2 - Vector 2025 Appendix XV Reporting Form - A9T8J1,2,2,2,361.5,634,802
4662202,C39109-1 OM2026-114 - Notification of Operation and Maintenance Activities - Notification des activités d'exploitation et d'entretien - 2026-04-28 1704 - A9T8W7,4,4,4,288.0,1057,1057
4662203,OM2026-114 - Filing Receipt 2026-04-28 170432 - A9T8W8,2,2,2,189.0,353,377
4662205,C39113-1 OM2026-117 - Location maps - A9T8X6,12,12,12,669.0,4658,6383
4662206,C39113-2 OM2026-117 - Notification of Operation and Maintenance Activities - Notification des activités d'exploitation et d'entretien - 2026-04-29 0912 - A9T8X7,4,4,4,303.3333333333333,1117,1112
4662207,OM2026-117 - Filing Receipt 2026-04-29 091224 - A9T8X8,2,2,2,191.0,359,381
4662210,C39117-1 Accountable Officer Confirmation AO-001-MO-006-2017 - Clause 1.g (part 1) - signed - A9T8Y8,1,1,1,347.0,334,336
4662213,C39126-1 CER (2026 Accountable Officer) AO-001-MO-006-2016 LL10856 - A9T9C2,2,2,2,265.0,524,520
4662219,C39136-1 2026-04-29 Tsleil-Waututh Nation supplemental filing to CER RE Trans Mountain Pipeline ULC Drag Reducing Agent Project application - A9T9G2,4,4,4,353.0,1338,1473
4662222,C39137-1 2026 Signed TC Energy Accountable Officer Letter - EM - A9T9G4,1,1,1,0.0,303,316
4662224,C39141-1 PNLP AFS 2025 Cover Letter - A9T9H2,1,1,1,133.0,133,135
4662225,C39141-2 PNLP AFS 2025 - FINAL - A9T9H3,16,16,16,191.33333333333334,4579,4592
4662228,C39142-1 Plains Midstream Canada Cover Letter Abandonment Funding Reporting (File 6256059) - A9T9H5,1,1,1,174.0,161,150
4662229,C39142-2 Abandonment Funding Reporting Form - Wascana Pipeline - A9T9H6,3,3,3,358.3333333333333,962,869
4662230,C39142-3 Abandonment Funding Reporting Form - Sarnia Downstream System - A9T9H7,3,3,3,358.3333333333333,977,903
4662231,C39142-4 Abandonment Funding Reporting Form - PTC Pipeline - A9T9H8,3,3,3,358.3333333333333,968,875
4662232,C39144-2 Condition 13 - CS-2B to CS-3 Pipeline Loop Watercourse Crossings Inventory - A9T9I9,27,27,27,371.6666666666667,13375,20156
4662233,C39144-3 Condition 13 - CS-3 to CS-4A Pipeline Loop Watercourse Crossings Inventory - A9T9J0,35,35,35,421.0,18449,25319
4662235,C39146-1 260429 CER FinReq HIPCO Financial Resource Plan FF - A9T9K4,10,10,10,199.66666666666666,1592,1781
4662240,C39173-1 Cochin 2025 SAM Trust Cover Letter - A9T9W5,1,1,1,121.0,121,123
4662241,C39173-2 Cochin 2025 SAM Trust Filing - A9T9W6,17,17,17,204.33333333333334,4546,4703
4662246,C39187-1 2025 EBPC Audited Trust Financials and Reporting Form Filing - A9U0A3,22,22,22,82.66666666666667,6719,13803
4662251,Filing Receipt 2026-05-01 121117 - A9U0H6,2,2,2,322.5,612,635
4662253,C39213-1 Commission - Letter to Montreal Pipe Line Limited - Application to Change Set-Aside and Collection Mechanism with Surety Bond - A9U0I7,1,1,1,211.0,229,237
4662254,C39213-2 Commission - Information Request No. 1 to Montreal Pipe Line Limited - Application to Change Set-Aside and Collection Mechanism with Surety Bond - A9U0I8,5,5,5,181.0,1264,1272
4662256,C39215-1 CER 599 - Transmittal Letter - A9U0J2,2,2,2,0.0,421,424
4662257,C39215-2 CER No. 599 FERC No. 46.1.0 - A9U0J3,7,7,7,199.66666666666666,1588,1973
4662258,C39215-3 Appendix A - A9U0J4,2,2,2,479.5,954,1383
4662259,C39215-4 Appendix B - A9U0J5,1,1,1,176.0,176,383
4662260,C39220-2 OM2026-119 - Notification of Operation and Maintenance Activities - Notification des activités d'exploitation et d'entretien - 2026-05-01 1618 - A9U0L2,5,5,5,259.3333333333333,1364,1363
4662261,OM2026-119 - Filing Receipt 2026-05-01 161822 - A9U0L3,2,2,2,192.5,362,384
4662264,C39232-1 Commission – Letter - Trans Québec & Maritimes Pipeline Inc. – Application for Approval of 2026 Final Tolls and Abandonment Surcharges - A9U0T4,2,2,2,177.5,353,382
4662265,C39232-2 Commission - Lettre - Gazoduc Trans Québec & Martimes Inc. – Demande d’appropriation des droits définitifs et des suppléments au titre de la cessation d’exploitation pour 2026 - A9U0T3,2,2,2,200.0,398,423
4662266,C39232-3 Commission - Order TG-002-2026 – Trans Québec & Maritimes Pipeline Inc. – Application for Approval of 2026 Final Tolls and Abandonment Surcharges - A9U0T6,2,2,2,168.5,334,334
4662267,C39232-4 Commission - Ordonnance TG-002-2026 - Gazoduc Trans Québec & Martimes Inc. – Demande d’appropriation des droits définitifs et des suppléments au titre de la cessation d’exploitation pour 2026 - A9U0T5,2,2,2,221.0,439,443
4662270,C39235-1 ATEC - Notice of Motion for Confidential Treatment - A9U0U2,6,6,6,312.0,2051,2226
4662273,C39248-2 OM2026-122 - Notification of Operation and Maintenance Activities - Notification des activités d'exploitation et d'entretien - 2026-05-05 1345 - A9U0X9,5,5,5,235.33333333333334,1282,1281
4662274,C39248-3 OM2026-122 - Accusé de réception 2026-05-05 134523 - A9U0Y0,2,2,2,194.0,363,387
4662276,"C39253-1 Commission – Letter – Cost apportionment application by ATEC, involving NGTL, Foothills, TC Energy and TCPL - ATEC Notice of Motion – Confidential treatment of redacted portions of application - A9U0Z2",2,2,2,158.5,315,341
4662279,C39255-12 Attach 11 Environmental Obligations Summary - A9U1A7,3,3,3,382.3333333333333,1096,1119
4662280,C39255-13 Attach 10 Environmental Assessment Summary - A9U1A8,2,2,2,343.5,649,649
4662281,C39255-14 Attach 12 Land Matters Summary - A9U1A9,1,1,1,218.0,199,199
4662283,C39256-1 2026-05-06 TN Comment Letter - Abandonment Funding Review - A9U1D1,3,3,3,307.6666666666667,821,888
4662286,C39265-1 OM2026-128 - Attachment 1 - Fish and Fish Habitat Repor - A9U1F3,46,46,46,193.66666666666666,11313,11473
4662288,C39268-1 Request to Intervene - ED4BC - PREI Export License - A9U1G5,1,1,1,250.0,257,257
4662291,C39269-1 Commission - Letter - Westcoast - Sunrise Expansion Program - Certificate GC-135 - Compliance to Condition 11 - Plan for Indigenous Peoples’ participation in construction monitoring - A9U1G7,1,1,1,299.0,273,325
4662292,C39269-2 Commission - IR No. 1 - Westcoast – Sunrise Expansion Program - Certificate GC-135 - Compliance to Condition 11 - Plan for Indigenous Peoples’ participation in construction monitoring - A9U1G8,3,3,3,191.66666666666666,539,541
4662295,C39272-1 TM Response to Supplemental Filings - 2026-05-07 - A9U1H5,4,4,4,410.0,1759,1768
4662296,C39272-2 Attachment 1 - Potential Environmental Effects of Drag Reducting Agents in Oil Pipelines - A9U1H6,11,11,11,172.0,3040,3148
4662299,C39043-1 2026 Confirmation Letter AO-001-006-2016 AO-001-MO-002-2017 - A9T7W7,1,1,1,0.0,215,217
4662302,C39045-1 Financial Resources Plan - A9T7X2,5,5,5,210.66666666666666,814,948
4662303,C39045-2 CNRL to CER letter - A9T7X3,1,1,1,144.0,120,122
4662306,C39051-1 Enbridge Southern Lights LP - Annual Compliance Filing 2025 - A9T7Y6,2,2,2,132.0,253,314
4662312,C39061-1 IR Response 2026-04-27 133214 - A9T8C9,2,2,2,231.0,462,461
4662313,C39061-2 OM2026-045 - Groundwood Section OM information - A9T8D0,1,1,1,89.0,154,128
4662314,C39061-3 OM2026-045 - Pipeline Projects Modeling and Design - Replacement of Groundwood Pipeline section - A9T8D1,5,5,5,344.0,1345,1529
4662316,C39067-1 Letter to CER re Westcoast Annual Trust and Financial Statements - A9T8E8,1,1,1,103.0,81,92
4662320,C39076-1 Letter to CER re Niagara Annual Trust and Financial Statements - A9T8I0,1,1,1,104.0,82,93
4662321,C39076-2 Attachment 1 - Niagara 2025 Audited Financial Statements - A9T8I1,14,14,14,219.0,3766,3851
4662322,C39076-3 Attachment 2 - Niagara 2025 Appendix XV Reporting Form - A9T8I2,2,2,2,355.0,658,864
4662324,C39078-1 Letter to CER re Vector Annual Trust and Financial Statements - A9T8I9,1,1,1,105.0,87,105
4662325,C39078-2 Attachment 1 - Vector 2025 Audited Financial Statements - A9T8J0,14,14,14,244.33333333333334,3804,3858
4662327,C39082-1 Letter to CER re St. Clair Annual Update to Financial Resources Plan - A9T8K5,1,1,1,139.0,117,128
4662328,C39082-2 Attachment 1 - St. Clair Annual Update to Financial Resources Plan 2026 - A9T8K6,1,1,1,462.0,433,325
4662329,C39082-3 Attachment 2 - St. Clair Annual Financial Resources Reporting Form 2026 - A9T8K7,2,2,2,221.5,350,370
4662331,C39083-2 OM2026-110 - Notification of Operation and Maintenance Activities - Notification des activités d'exploitation et d'entretien - 2026-04-28 1223 - A9T8L0,4,4,4,326.3333333333333,1209,1203
4662332,OM2026-110 - Filing Receipt 2026-04-28 122305 - A9T8L1,2,2,2,200.5,378,400
4662333,C39084-1 OM2026-111 - Notification of Operation and Maintenance Activities - Notification des activités d'exploitation et d'entretien - 2026-04-28 1236 - A9T8L2,4,4,4,286.0,1051,1055
4662334,OM2026-111 - Filing Receipt 2026-04-28 123601 - A9T8L3,2,2,2,186.5,350,372
4662336,C39088-1 2025 Annual Report of Abandonment Funding and Financial Statements- Montreal Pipe Line Limited - A9T8Q5,14,14,14,171.66666666666666,4006,4081
4662338,C39090-1 2026-04-28 LT CER encl Notice of Withdrawal - A9T8Q9,2,2,2,141.0,236,235
4662339,C39090-2 2026-04-28 Notice of Withdrawal - A9T8R0,1,1,1,151.0,151,150
4662341,C39091-1 Commission - Letter - Tidewater Midstream and Infrastructure Ltd. - Implementation of Financial Resources Requirements - A9T8R2,1,1,1,217.0,218,243
4662342,C39091-2 Commission - IR No. 5 - Tidewater Midstream and Infrastructure Ltd. - Implementation of Financial Resources Requirements - A9T8R3,5,5,5,301.6666666666667,1531,1568
4662346,"C39097-1 Commission – Letter – Trans Mountain Pipeline ULC – Trans Mountain Expansion Project – Plan, profile and book of reference review – IR No. 1 - A9T8S8",1,1,1,206.0,217,231
4662347,"C39097-2 Commission – IR No. 1 – Trans Mountain Pipeline ULC – Trans Mountain Expansion Project – Plan, profile and book of reference review - A9T8S9",3,3,3,335.6666666666667,971,973
4662350,C39098-1 2026 04 28 Pipeline Financial Requirement Annual Compliance Filing 2025 Executed - A9T8T1,8,8,8,212.33333333333334,1843,1959
4662353,C39099-1 Letter to CER re Enbridge Bakken Annual Trust and Financial Statements - A9T8T3,1,1,1,119.0,96,96
4662354,C39099-2 Attachment 1 - Enbridge Bakken 2025 Audited Financial Statements - A9T8T4,14,14,14,249.66666666666666,3805,3853
4662355,C39099-3 Attachment 2 - Enbridge Bakken 2025 Appendix XV Reporting Form - A9T8T5,2,2,2,377.0,776,1048
4662358,C39101-1 Letter to CER re Enbridge NW Annual Trust and Financial Statements - A9T8T9,1,1,1,110.0,87,87
4662360,C39105-1 Letter to CER re Conditon 21 of Order XG-017-2024 - A9T8V6,2,2,2,266.5,453,504
4662361,C39116-2 CER Crown Consultation and Accommodation Report - Sunrise Expansion Program - FR - A9T8Y6,89,89,89,356.6666666666667,44831,46610
4662364,C39121-1 ZCU 202604 File 6845140 Annual Financial Resources Reporting Form - Signed - A9T8Z8,3,3,3,252.0,502,784
4662370,C39132-1 CER (2026 Accountable Officer) AO-001-MO-002-2017 LL10856 - A9T9F4,2,2,2,224.0,440,443
4662373,C39144-4 Condition 13 - CS-4A to CS-4B Downstream Pipeline Loop Watercourse Crossings Inventory - A9T9J1,7,7,7,437.0,2986,3903
4662374,C39148-1 Cover Letter 1057533 Alberta Ltd Financial Resources Plan April 29 2026 - A9T9L1,2,2,2,107.5,194,194
4662375,C39148-2 Canada Energy Regulator Harvest Operations Corp. 1057533 Alberta Ltd Insurance Cert - A9T9L2,2,2,2,407.5,784,795
4662376,C39148-3 annual-financial-resources-reporting-form 1057533 Alberta April 29 2026 - A9T9L3,3,3,3,192.66666666666666,511,614
4662377,C39148-4 1057533 Alberta April 29 2026-table1-financial-resources - A9T9L4,2,2,2,138.5,312,301
4662382,C39162-1 Commission – Letter to Westcoast Energy GP Inc. – Application for Final 2026 Tolls for Transmission Service - A9T9S8,2,2,2,157.0,312,339
4662383,C39162-2 Commission - Lettre à Westcoast Energy GP Inc. – Demande visant les droits définitifs exigibles en 2026 pour le service de transport - A9T9S7,2,2,2,195.5,389,410
4662384,C39162-3 Commission – Order TG-003-2026 to Westcoast Energy GP Inc. – Application for Final 2026 Tolls for Transmission Service - A9T9T0,2,2,2,212.5,422,422
4662385,C39162-4 Commission - Ordonnance TG-003-2026 à Westcoast Energy GP Inc. – Demande visant les droits définitifs exigibles en 2026 pour le service de transport - A9T9S9,2,2,2,242.0,481,487
4662388,C39163-1 Annual Financial Resources Plan Update Cover Letter - A9T9T2,1,1,1,0.0,154,135
4662391,C39131-1 Birch Grove Program application-EN - A9T9D2,20,20,20,143.33333333333334,3132,3029
4662392,C39131-2 Birch Grove Program application-FR - A9T9D3,22,22,22,238.33333333333334,3533,3427
4662393,C39131-3 Technical Description - A9T9D4,18,18,18,253.66666666666666,5009,5218
4662394,C39131-4 Indigenous Matters - A9T9D5,19,19,19,217.66666666666666,6057,6126
4662395,C39131-5 Stakeholder Engagement - A9T9D6,6,6,6,260.3333333333333,1811,1779
4662396,C39131-6 Boundary Lake Replacement Phase 1 Geohazard Assessment - A9T9D7,45,45,45,233.33333333333334,11623,11166
4662397,C39131-7 Fort St John Mainline Loop Phase 1 Geohazard Assessment - A9T9D8,76,76,76,278.0,19254,18889
4662398,C39131-8 Pig Barrel Materials Reuse Engineering Assessment Report - A9T9D9,110,110,110,0.0,27753,29869
4662399,C39131-9 Land Matters - A9T9E0,4,4,4,202.0,978,959
4662401,C39167-1 NGTL 2025 Abandonment Funding Reporting - A9T9U9,19,19,19,274.3333333333333,5915,5696
4662404,C39170-1 TQM 2025 Abandonment Funding Reporting - A9T9V8,17,17,17,280.0,4926,4493
4662407,C39176-1 Cochin 2026 FRP Filing Cover Letter - A9T9X5,1,1,1,113.0,113,115
4662410,C39044-1 OM2026-106 - Attachment 1 - Water Body Tables - A9T7W9,1,1,1,310.0,276,365
4662411,C39044-2 OM2026-106 - Notification of Operation and Maintenance Activities - Notification des activités d'exploitation et d'entretien - 2026-04-27 0855 - A9T7X0,4,4,4,285.3333333333333,1052,1049
4662412,OM2026-106 - Filing Receipt 2026-04-27 085519 - A9T7X1,2,2,2,201.5,378,402
4662421,C39056-2 Attachment 1 - Enbridge Southern Lights Annual Update to Financial Resources Plan 2026 - A9T8A0,1,1,1,467.0,429,332
4662422,C39056-3 Attachment 2 - Enbridge Southern Lights Annual Financial Resources Reporting Form 2026 - A9T8A1,2,2,2,249.0,423,443
4662425,C39057-1 Letter to CER re EPI Annual Update to Financial Resource Plan - A9T8A3,1,1,1,133.0,108,114
4662426,C39057-2 Attachment 1 - EPI Annual Update to Financial Resources Plan 2026 - A9T8A4,1,1,1,443.0,424,287
4662427,C39057-3 Attachment 2 - EPI Annual Financial Resources Reporting Form 2026 - A9T8A5,2,2,2,215.0,377,392
4662429,C39059-2 Attachment 1 - Westcoast Annual Update to Financial Resources Plan 2026 - A9T8C2,1,1,1,436.0,410,295
4662430,C39059-3 Attachment 2 - Westcoast Annual Financial Resources Reporting Form 2026 - A9T8C3,2,2,2,196.0,348,355
4662433,C39085-1 CHAMPION OF-Gen-06 FRR MiseàJour Plan ressources financières 28avril2026 - A9T8L4,1,1,1,205.0,186,194
4662434,C39085-2 C31209-6 Commission - Annexe 2 - Formulaire de rapport annuel relatif aux ressources financières - A9D2E0 - A9T8L5,3,3,3,234.33333333333334,577,698
4662436,C39092-3 OM2026-112 - Notification of Operation and Maintenance Activities - Notification des activités d'exploitation et d'entretien - 2026-04-28 1346 - A9T8R7,4,4,4,286.3333333333333,1031,1029
4662437,OM2026-112 - Filing Receipt 2026-04-28 134633 - A9T8R8,2,2,2,194.5,366,388
4662439,C39096-1 Commission - Letter to Kinder Morgan Utopia Ltd. – Request for 30-Day Extension to File Abandonment Funding Reporting Form - A9T8S6,1,1,1,258.0,257,284
4662442,C39104-1 Letter to CER re Express Annual Trust and Financial Statements - A9T8V2,1,1,1,107.0,84,84
4662443,C39107-1 OM2026-113 - Notification of Operation and Maintenance Activities - Notification des activités d'exploitation et d'entretien - 2026-04-28 1651 - A9T8W2,4,4,4,300.0,1083,1081
4662444,OM2026-113 - Filing Receipt 2026-04-28 165136 - A9T8W3,2,2,2,192.0,359,383
4662446,C39114-1 Letter to CER re Enbridge Bakken Annual Update to Financial Resources Plan - A9T8X9,1,1,1,144.0,119,117
4662447,C39114-2 Attachment 1 - Enbridge Bakken Annual Update to Financial Resources Plan 2026 - A9T8Y0,1,1,1,459.0,421,327
4662448,C39114-3 Attachment 2 - Enbridge Bakken Annual Financial Resources Reporting Form 2026 - A9T8Y1,2,2,2,214.5,354,414
4662450,C39116-1 CER Crown Consultation and Accommodation Report - Sunrise Expansion Program - EN - A9T8Y5,77,77,77,336.0,36383,37674
4662451,C39122-1 2026.04.29 MPLL Transmittal Letter 24-inch Deactivation - A9T9A3,1,1,1,130.0,102,114
4662452,C39122-2 2026.04.29 MPLL 24-inch Deactivation Application - A9T9A4,10,10,10,139.33333333333334,1714,2382
4662455,C39124-1 Utopia Ltd Annual Financial Resources Plan - A9T9A8,15,15,15,73.66666666666667,3503,3923
4662459,C39134-1 25-HCAA-01608 - FAA - Pipeline Remediation Red Deer River - A9T9F8,11,11,11,443.3333333333333,5947,5923
4662461,C39144-6 Condition 13 - CS-4B to CS-5 Pipeline Loop Watercourse Crossings Inventory - A9T9J3,45,45,45,395.3333333333333,22685,33209
4662466,C39151-1 Foothills Financial Resources Plan Annual Update - A9T9Q0,5,5,5,241.33333333333334,973,1068
4662469,C39156-1 EBPC - AO-001-MO-006-2016 Publication of Emergency Procedures Manual EBPC (April 2026) - A9T9R0,1,1,1,0.0,200,198
4662471,C39131-10 Global Map - A9T9E1,1,1,1,32.0,8,8
4662472,C39131-11 Regional Map - A9T9E2,1,1,1,0.0,0,43
4662473,C39131-12 Detailed Maps - A9T9E3,5,5,5,650.0,1299,3664
4662474,C39131-13 Interactions Table - A9T9E4,62,62,62,291.3333333333333,27361,27322
4662475,C39131-14 Birch Grove Program Spatial Files (paper only) - A9T9E5,1,1,1,166.0,155,166
4662476,C39131-15 Birch Grove Program Spatial Files (papier seulement) - A9T9E6,1,1,1,166.0,155,166
4662477,C39131-16 Boundary Lake Spatial Files (paper only) - A9T9E7,1,1,1,166.0,155,166
4662478,C39131-17 Boundary Lake Spatial Files (papier seulement) - A9T9E8,1,1,1,166.0,155,166
4662479,C39131-18 CS-01 Spatial Files (paper only) - A9T9E9,1,1,1,166.0,155,166
4662480,C39131-19 CS-01 Spatial Files (papier seulement) - A9T9F0,1,1,1,166.0,155,166
4662481,C39131-20 CS-16 Spatial Files (paper only) - A9T9F1,1,1,1,166.0,155,166
4662482,C39131-21 CS-16 Spatial Files (papier seulement) - A9T9F2,1,1,1,166.0,155,166
4662483,Receipt - Accusé de réception - A9T9F3,4,4,4,185.0,730,742
4662485,C39169-1 Commission - Letter - Many Islands Pipe Lines (Canada) Limited - Husky-Marwayne Pipeline - Request for amendment to Schedule A of Order MO-018-2025 - A9T9V4,2,2,2,161.0,320,348
4662486,C39169-2 Commission - Lettre - Many Islands Pipe Lines (Canada) Limited - Pipeline Husky-Marwayne - Demande de modification de l’annexe A de l’ordonnance MO-018-2025 - A9T9V3,2,2,2,168.0,334,359
4662487,C39169-3 Commission – Order AO-001-MO-018-2025 - Many Islands Pipe Lines (Canada) Limited - Husky-Marwayne Pipeline - Request for amendment to Schedule A of Order MO-018-2025 - A9T9V6,3,3,3,187.33333333333334,555,556
4662488,C39169-4 Commission – Ordonnance AO-001-MO-018-2025 - Many Islands Pipe Lines (Canada) Limited - Pipeline Husky-Marwayne - Demande de modification de l’annexe A de l’ordonnance MO-018-2025 - A9T9V5,3,3,3,200.0,593,593
4662491,C39175-1 Alliance 2026 FRP Filing Cover Letter - A9T9X2,1,1,1,124.0,124,126
4662493,C39186-1 EM Program AO Sign Off 2026 - A9U0A1,1,1,1,0.0,136,138
4662495,C39190-1 CLEAN 2026 Genesis Financial Resources form cover letter - A9U0A9,1,1,1,261.0,219,254
4662496,C39193-1 SIGNED - Genesis AO-001-MO-002-2017 letter - April 2026 - A9U0C6,1,1,1,241.0,242,238
4662501,C39195-1 KM Utopia Ltd-Revised Sttement of Investment Policies - Procedures - A9U0D0,72,72,72,185.66666666666666,17971,19364
4662502,C39196-1 04-2026 Whitecap Annual Financial Resources Reporting - A9U0D2,3,3,3,192.66666666666666,523,657
4662504,C39198-1 Financial Resources Plan 2025 Annual Compliance Report - Cover Letter - A9U0D8,1,1,1,382.0,348,348
4662505,C39198-2 Attachment 1 - Financial Resources Requirements Reporting Form - A9U0D9,4,4,4,112.66666666666667,436,626
4662506,C39198-3 Attachment 2 - Certificate of Insurance and Applicable Insurers A.M. Best Ratings or Equivalent (Redacted) - A9U0E0,5,5,5,142.66666666666666,1056,1104
4662507,C39198-4 Attachment 3 - Compliance Report - A9U0E1,3,3,3,99.66666666666667,320,314
4662509,C39200-1 Cover Letter - 2025 Abandonment Funding Report - A9U0E5,1,1,1,246.0,196,234
4662511,C39201-1 Cover Letter - Trans Mountain Abandonment Funding 2025 Annual Report - A9U0F0,1,1,1,244.0,187,210
4662512,C39201-2 Attachment 1 - Reporting Form – Companies using Trusts for Set-aside mechanism - A9U0F1,5,5,5,185.33333333333334,1072,976
4662513,C39205-1 2026-06 Northern Tariff 17 CL - A9U0G7,1,1,1,121.0,121,123
4662514,C39214-1 NGTL West Path Delivery 2023 Project Cert. Cond. 22 Commitment Tracking Table No. 8 - A9U0J0,37,37,37,400.0,19337,18390
4662516,C39218-1 Grand Prairie Mainline Loop No. 3 - Colt Section Response to CER Information Request No. 1 - A9U0K2,193,193,193,516.6666666666666,103763,106376
4662517,C39218-2 Attachment CER 1.1-1 ESA Part 1 - A9U0K3,201,201,201,237.0,65132,70866
4662519,C39041-1 Compensation Hearing Application attachment Part E LEROUX MOORE - TRANSMOUNTAIN PIPELINE ULC - A9T7V9,10,10,10,261.0,3460,3486
4662521,OM2026-107 - Filing Receipt 2026-04-27 150000 - A9T8F7,2,2,2,191.0,359,381
4662523,C39083-1 OM2026-110 - Figure 1 Dig 11655 - A9T8K9,1,1,1,0.0,0,15
4662531,C39093-1 2025 Audited Financial Statements - Montreal Pipe Line Limited - A9T8R9,22,22,22,269.3333333333333,6473,6387
4662533,C39103-1 Letter to CER re EPI Annual Trust and Financial Statements - A9T8U7,1,1,1,116.0,93,93
4662534,C39103-2 Attachment 1 - EPI 2025 Audited Financial Statements - A9T8U8,14,14,14,249.0,3930,3998
4662535,C39103-3 Attachment 2 - EPI (Line 9) 2025 Appendix XV Reporting Form - A9T8U9,2,2,2,359.5,800,1022
4662536,C39103-4 Attachment 3 - EPI (Mainline) 2025 Appendix XV Reporting Form - A9T8V0,2,2,2,375.0,802,1038
4662538,C39104-2 Attachment 1 - Express 2025 Audited Financial Statements - A9T8V3,14,14,14,237.33333333333334,3811,3896
4662539,C39104-3 Attachment 2 - Express 2025 Appendix XV Reporting Form - A9T8V4,2,2,2,344.0,750,912
4662543,C39110-1 OM2026-115 - Notification of Operation and Maintenance Activities - Notification des activités d'exploitation et d'entretien - 2026-04-28 1759 - A9T8W9,4,4,4,279.3333333333333,1032,1036
4662544,OM2026-115 - Filing Receipt 2026-04-28 175914 - A9T8X0,2,2,2,186.5,350,372
4662547,C39118-1 Accountable Officer Response to AO-001-MO-006-2016 – Clause 1.f. (part 1) - signed - A9T8Z0,2,2,2,250.5,475,472
4662554,C39129-1 ARC Annual Financial Resources Reporting Updated 28APR2026 - A9T9C8,7,7,7,213.33333333333334,2098,2170
4662557,C39130-1 Q4 2025 CER surveillance - A9T9D0,7,7,7,204.66666666666666,1115,1237
4662568,C39133-1 Commission - Letter to ATEC and NGTL GP - s. 335 Application filed by ATEC regarding NGTL GP Ltd. - Status of Application - A9T9F6,2,2,2,242.0,482,509
4662575,C39144-1 Letter to CER re Condition 13 - Finalized Watercourse Crossing Inventory - A9T9I8,1,1,1,192.0,159,170
4662576,C39145-1 Letter to CER re Condition 14 of Certificate GC-135 - Quality Assurance and Compliance for the Electrical Facilities - A9T9K2,1,1,1,196.0,169,170
4662577,C39147-1 Annual Abandonment Trust Update Westspur Cover Letter 2025 - A9T9K6,1,1,1,0.0,96,107
4662578,C39147-2 Kingston Midstream Westspur Limited Abandonment Trust (Dec 2025) FINAL - A9T9K7,18,18,18,177.0,4224,4384
4662579,C39147-3 annual-reporting-form-trusts - Westspur - A9T9K8,3,3,3,310.3333333333333,744,878
4662580,C39147-4 List of Certificates and Orders KMWL - A9T9K9,3,3,3,38.333333333333336,114,122
4662583,C39149-1 Accountable Officer Notice MO-002-2017 April 30 2026 digitally signed - A9T9L6,1,1,1,169.0,182,169
4662585,C39150-1 EBPC 2026 - Audited Financials Letter and 2025 Financials - A9T9L8,20,20,20,309.3333333333333,7061,7042
4662588,C39154-1 TCPL Financial Resources Plan Annual Update - A9T9Q6,5,5,5,253.0,998,1095
4662603,"C39159-1 Ovintiv Letter - 2026 Financial Resources Plan - April 30, 2026 - A9T9R6",1,1,1,125.0,126,144
4662604,"C39159-2 Ovintiv 2026 Financial Resources Reporting Form - Apr 20, 2026 (part 1) - signed - A9T9R7",3,3,3,199.66666666666666,365,617
4662605,"C39159-3 Ovintiv 2026 Financial Resources Reporting Form - Apr 20, 2026 (part 2) - signed - A9T9R8",2,2,2,156.5,281,257
4662608,C39165-1 South Bow Financial Resources Annual Report 2026 - A9T9U5,8,8,8,221.0,1545,1794
4662611,C39166-1 Foothills 2025 Abandonment Funding Reporting - A9T9U7,19,19,19,263.0,5761,5478
4662614,C39174-1 PCPL 2025 SAM Trust Cover Letter - A9T9W8,1,1,1,129.0,129,131
4662616,C39182-1 Financial Resources Plan - A9T9Z3,11,11,11,185.66666666666666,2818,3266
4662619,C39184-1 EPM AO Sign Off 2026 - A9T9Z7,1,1,1,0.0,149,144
4662623,C39191-1 Sunoco Pipeline L. P. - CER File OF-GEN-06-FRR - Updated Pipeline Financial Resources Requirements - Annual Reporting - A9U0C2,301,301,301,463.0,177812,178020
4662627,C39199-1 2026-04-30 Coldwater Indian Band supplemental filing to CER re Trans Mountain Pipeline ULC Drag Reducing Agent Project application - A9U0E3,3,3,3,379.6666666666667,931,1107
4662628,C39039-1 KMWL 2025 Consolidated Financial Statements Cover Letter - A9T7V4,1,1,1,0.0,79,78
4662629,C39039-2 Kingston Midstream Westspur Limited Con (Dec 2025) FINAL - A9T7V5,29,29,29,213.66666666666666,7721,7890
4662632,C39042-1 REM2026-014 - Supplemental Information - Complément d’information - 2026-04-27 0008 - A9T7W5,2,2,2,263.5,527,524
4662633,REM2026-014 - Filing Receipt 2026-04-27 000806 - A9T7W6,2,2,2,179.0,333,357
4662635,C39047-1 AO Website Declaration 2026 - Emergency Management - Response Plans - signed - A9T7X7,3,3,3,80.0,405,2181
4662641,C39053-1 Letter to Ramona Sladic PREI April 21 2026 - A9T7Z1,2,2,2,212.5,342,352
4662644,C39055-1 Letter to CER re Enbridge (NW) Annual Update to Financial Resources Plan - A9T7Z5,1,1,1,135.0,108,116
4662645,C39055-2 Attachment 1 - Enbridge (NW) Annual Update to Financial Resources Plan 2026 - A9T7Z6,1,1,1,462.0,433,305
4662646,C39055-3 Attachment 2 - Enbridge (NW) Annual Financial Resources Reporting Form 2026 - A9T7Z7,2,2,2,205.0,353,368
4662647,C39066-2 Attachment 1 - M-NP 2025 Audited Financial Statements - A9T8E5,14,14,14,252.33333333333334,3925,3993
4662648,C39066-3 Attachment 2 - M-NP 2025 Appendix XV Reporting Form - A9T8E6,2,2,2,386.5,806,906
4662651,C39068-1 Letter to CER re Westcoast Annual Trust and Financial Statements - A9T8F2,1,1,1,121.0,101,112
4662653,C39075-1 Letter to CER re Enbridge Gas Annual Trust and Financial Statements - A9T8H6,1,1,1,103.0,81,92
4662654,C39075-3 Attachment 2 - Enbridge Gas 2025 Appendix XV Reporting Form - A9T8H8,2,2,2,364.0,605,849
4662657,C39080-1 Letter to CER re Enbridge Gas Annual Update to Financial Resources Plan - A9T8J7,1,1,1,134.0,112,111
4662658,C39080-2 Attachment 1 - Enbridge Gas Annual Update to Financial Resources Plan 2026 - A9T8J8,1,1,1,451.0,423,306
4662659,C39080-3 Attachment 2 - Enbridge Gas Annual Financial Resources Reporting Form 2026 - A9T8J9,2,2,2,204.5,332,356
4662662,C39085-3 C31209-8 Commission - Annexe 3 - Modèle « Tableau 1 - Ressources financières » - A9D2E2 (1) - A9T8L6,2,2,2,225.0,439,413
4662664,C39100-1 6720471 Canada Ltd. - Annual Update to Financial Resources Plan (2026) - A9T8T7,7,7,7,135.66666666666666,1030,1463
4662667,C39111-1 OM2026-116 - Location maps - A9T8X1,6,6,6,690.0,2513,3271
4662668,C39111-2 OM2026-116 - Notification of Operation and Maintenance Activities - Notification des activités d'exploitation et d'entretien - 2026-04-29 0900 - A9T8X2,4,4,4,221.0,853,851
4662669,OM2026-116 - Filing Receipt 2026-04-29 090059 - A9T8X3,2,2,2,191.0,359,381
4662671,"C39115-1 Commission – Letter – Trans Mountain Pipeline ULC – Trans Mountain Expansion Project – Plan, profile and book of reference review - Extension of deadline to answer Information Request No. 1 - A9T8Y3",1,1,1,264.0,275,290
4662673,C39127-1 Affiliate Code of Conduct – 2025 Annual Report Filing - A9T9C4,4,4,4,306.3333333333333,828,865
4662683,C39144-7 Condition 13 - CS-5 to CS-6A Pipeline Loop Watercourse Crossings Inventory - A9T9J4,7,7,7,371.3333333333333,2745,4111
4662684,C39144-8 Condition 13 - CS-6B Powerline Watercourse Crossings Inventory - A9T9J5,4,4,4,248.66666666666666,1221,1424
4662685,C39144-9 Conditino 13 - CS-6B to CS-7 Pipeline Loop Watercourse Crossings Inventory - A9T9J6,19,19,19,338.3333333333333,8599,13017
4662686,C39144-10 Condition 13 - CS-7 to CS-8A Pipeline Loop Watercourse Crossings Inventory - A9T9J7,6,6,6,490.6666666666667,2491,3599
4662687,C39144-11 Condition 13 - CS-8A Powerline Watercourse Crossings Inventory - A9T9J8,5,5,5,220.66666666666666,1857,2807
4662688,C39144-12 Condition 13 - CS-8B to CS-9 Pipeline Loop Watercourse Crossings Inventory - A9T9J9,12,12,12,431.0,5836,8708
4662690,C39157-1 EBPC - Order MO-02-2017 Publication of Emergency Management Program April 2026 - A9T9R2,1,1,1,0.0,244,241
4662697,C39164-1 Campus Energy Partners Operations Inc. Annual Financial Resources Plan - A9T9T9,1,1,1,228.0,204,219
4662699,C39168-1 TCPL 2025 Abandonment Funding Reporting - A9T9V1,19,19,19,263.0,5672,5324
4662703,C39178-1 PESI 2026 FRP Filing Cover Letter - A9T9Y1,1,1,1,116.0,116,118
4662704,C39178-2 PESI 2026 FRP Filing - A9T9Y2,10,10,10,234.0,1551,1790
4662707,C39179-1 PPFL 2026 FRP Filing Cover Letter - A9T9Y4,1,1,1,116.0,116,118
4662708,C39179-2 PPFL 2026 FRP Filing - A9T9Y5,10,10,10,232.33333333333334,1546,1785
4662710,C39189-1 Veresen Energy Pipeline Inc. EMP Annual Confirmation 30042026 - A9U0A7,1,1,1,263.0,247,242
4662713,C39208-1 Phase I ESA - MB Hydro McAuley Station Final 04-28-2026 - A9U0H5,89,89,89,20.666666666666668,17099,16229
4662715,C39210-1 TCPL Non Proforma Contracts - Annual Filing - A9U0I0,1,1,1,200.0,196,200
4662718,C39226-3 Cromer Terminal Upgrades- Project Notification Map - A9U0R2,1,1,1,140.0,43,43
4662719,C39226-4 Cromer Terminal Upgrades-Project Summary - A9U0R3,3,3,3,234.66666666666666,677,696
4662720,Receipt - Accusé de réception - A9U0R4,3,3,3,176.0,527,526
4662722,C39229-1 OM2026-121 - Attachment 1 - Water Body Table - A9U0S2,1,1,1,225.0,190,240
4662723,C39229-2 OM2026-121 - Notification of Operation and Maintenance Activities - Notification des activités d'exploitation et d'entretien - 2026-05-04 1341 - A9U0S3,5,5,5,222.0,1209,1216
4662724,OM2026-121 - Filing Receipt 2026-05-04 134121 - A9U0S4,2,2,2,201.5,378,402
4662727,C39233-1 Reply to Peel’s Comments on TCPL Notice of Motion regarding Prudence Review - A9U0T8,3,3,3,383.6666666666667,1012,1155
4662730,C39238-1 Application for Short-Term Natural Gas Export Orders - EN - A9U0V0,3,3,3,135.66666666666666,398,398
4662732,C39238-3 Demande d’ordonnance d’exportation de gaz naturel à court terme - FR - A9U0V2,3,3,3,164.0,480,477
4662735,Filing Receipt 2026-05-05 104635 - A9U0W9,2,2,2,314.5,604,626
4662737,C39251-1 Commission – Order GO-028-2026 – FortisBC Energy Inc. – Exportation of gas - A9U0Y8,1,1,1,262.0,263,264
4662741,OM2026-045 - Filing Receipt 2026-04-27 133216 - A9T8D2,2,2,2,258.5,492,516
4662743,C39062-1 CER - CHANGE IN OWNERSHIP APPLICATION - LOTUS TO SATURN - A9T8D3,50,50,50,248.0,8046,7267
4662745,C39064-1 2026-04-27 Trans-Northern Confirmation Letter for AO-001-MO-006-2016 and MO-002-2017 ERP - A9T8E0,1,1,1,248.0,219,214
4662748,C39065-1 NGTL System Rate Design and Services Application Compliance Filing 2025 NGTL Annual Plan - A9T8E2,44,44,44,292.6666666666667,7479,8049
4662751,C39071-1 OM2026-108 - Figure 1 Dig ID 36494 - A9T8G0,1,1,1,42.0,30,59
4662752,C39071-2 OM2026-108 - Notification of Operation and Maintenance Activities - Notification des activités d'exploitation et d'entretien - 2026-04-27 1546 - A9T8G1,4,4,4,229.66666666666666,868,867
4662753,OM2026-108 - Filing Receipt 2026-04-27 154616 - A9T8G2,2,2,2,202.0,381,403
4662754,C39074-1 Letter to CER re 2193914 Annual Form and Audited Financial Statements - A9T8H1,1,1,1,129.0,109,124
4662755,C39074-2 Attachment 1 - 2193914 2025 Audited Financial Statements - A9T8H2,14,14,14,239.33333333333334,3794,3851
4662756,C39074-3 Attachment 2 - 2193914 2025 Appendix XV Reporting Form - A9T8H3,2,2,2,355.5,649,863
4662757,"C39074-4 Attachment 3 - 2193914 Updated ACA Form - Effective Jan 1, 2025 - A9T8H4",2,2,2,316.0,596,764
4662761,C39089-1 Minell to CER re Financial Resources Plan-Annual Update 2026 - A9T8Q7,5,5,5,253.33333333333334,811,991
4662763,C39092-1 OM2026-112 - Survey - A9T8R5,2,2,2,900.5,1399,1206
4662764,C39095-1 Commission - Letter Decision - AltaGas Ltd. complaint regarding tolls on the Enbridge Canadian Mainline - RH-001-2025 proceeding - A9T8S4,28,28,28,316.3333333333333,11884,12790
4662768,C39108-1 2026 TM AOC Cover Letter - Emergency Management - AO-001-MO-006-2016 AO-001-MO-002-2017 - A9T8W4,2,2,2,248.5,468,428
4662769,C39108-2 TM Signed AO Confirmation - Emergency Management - AO-001-MO-006-2016 AO-001-MO-002-2017 - A9T8W5,1,1,1,345.0,337,311
4662772,C39123-1 County of Vermilion River Gas Utility - Annual Update to Financial Resources Plan 2026 - A9T9A6,6,6,6,58.666666666666664,916,1042
4662775,C39128-1 TM Response to further abeyance - A9T9C6,2,2,2,200.0,361,361
4662778,C39138-1 Compensation application from Adil El halaoui and Alina Kogan Maritimes & Northeast Pipeline Management Ltd. Comment process regarding damages and loss of use of lands - A9T9G6,4,4,4,274.0,1287,1327
4662781,C39140-1 Commission – Letter - Compensation application from Peace River Greenhouses Ltd. - Westcoast Energy Inc. - MH-001-2026 - Comment process on motion by Westcoast Energy Inc - A9T9H0,2,2,2,254.5,507,534
4662783,C39143-1 PPFL AFS 2025 Cover Letter - A9T9I5,1,1,1,179.0,155,162
4662784,C39143-2 PPFL AFS 2025 - FINAL - A9T9I6,23,23,23,262.6666666666667,7763,7811
4662787,C39158-1 Letter of Comment - A9T9R4,7,7,7,264.3333333333333,2052,2421
4662794,C39163-2 Annual Financial Resources Reporting Form Complete - A9T9T3,3,3,3,193.66666666666666,489,647
4662795,C39163-3 template-table1-financial-resources Complete - A9T9T4,2,2,2,138.5,281,270
4662796,C39163-4 CER Order FRO-001-2019 - A9T9T5,2,2,2,0.0,665,662
4662797,C39163-5 COI CANADA ENERGY REGULATOR 320011104951 - A9T9T6,4,4,4,218.33333333333334,732,710
4662798,C39163-6 List of Certificates and Orders KMWL - A9T9T7,3,3,3,38.333333333333336,114,122
4662802,C39190-2 Genesis annual-financial-resources-reporting-form - A9U0C0,3,3,3,361.3333333333333,822,1042
4662805,C39192-1 SIGNED - Genesis AO-001-MO-006-2016 letter - April 2026 - A9U0C4,1,1,1,241.0,242,239
4662808,C39197-1 PREI Export Permit Application C35954 - Confidential Filing - PREI Reply - A9U0D6,9,9,9,427.0,3500,4082
4662810,C39203-1 Letter to CER re M-NP Annual Update to Financial Resources Plan - A9U0F7,1,1,1,140.0,129,136
4662811,C39203-2 Attachment 1 - M-NP Annual Update to Financial Resources Plan 2026 - A9U0F8,2,2,2,324.0,342,464
4662812,C39203-3 Attachment 2 - M-NP Annual Financial Resources Reporting Form 2026 - A9U0F9,2,2,2,208.5,342,362
4662813,C39203-4 Attachment 3 - M-NP Updated Certificate of Insurance - A9U0G0,1,1,1,428.0,373,500
4662822,C39224-1 Application for Short-Term Natural Gas Export Orders - EN - A9U0Q0,3,3,3,137.33333333333334,403,403
4662823,C39225-1 Application for Short-Term Natural Gas Export Orders - EN - A9U0Q5,3,3,3,136.66666666666666,401,401
4662825,C39225-3 Demande d’ordonnance d’exportation de gaz naturel à court terme - FR - A9U0Q7,3,3,3,165.0,483,480
4662832,C39245-1 Commission - Letter to Bonterra Energy Corp – Letter of Credit for Abandonment Funding - A9U0X0,1,1,1,231.0,241,257
4662834,C39255-16 Attach 15 Survey Plans and Access Maps - A9U1C1,9,9,9,458.0,1806,517
4662835,C39255-17 Attach 16 Interactions Table - A9U1C2,34,34,34,583.3333333333334,17116,16826
4662836,C39255-22 East Hereford WGS84 (papier seulement) - A9U1C7,1,1,1,166.0,155,166
4662837,Receipt - Accusé de réception - A9U1D0,4,4,4,185.33333333333334,736,735
4662840,C39271-1 Commission - Letter - Powell River Energy Inc. - Application for a 30-year contract-specific electricity export licence - EH-001-2026 proceeding - Comment process - PREI request for an extension to file supplemental written evide - A9U1H3,1,1,1,245.0,246,271
4662841,C39282-1 Elmworth High No. 2 Receipt Meter Station - Project Notification - A9U1K2,7,7,7,179.33333333333334,1035,1002
4662842,C39282-3 01 - Attachment 1 - Route Selection Methodology - A9U1K4,1,1,1,109.0,88,88
4662843,C39282-4 02 - Attachment 2 - Global and Regional Maps Elmworth - A9U1K5,2,2,2,22.0,322,0
4662844,Receipt - Accusé de réception - A9U1K6,3,3,3,183.66666666666666,550,549
4662846,"C39283-2 Commission – Ordonnance GO-029-2024 - Colonial Energy, Inc. - exportation de gaz - A9U1K7",1,1,1,294.0,295,294
4662849,C39038-1 KMVL 2025 Consolidated Financial Statements Cover Letter - A9T7V1,1,1,1,0.0,79,80
4662850,C39038-2 Kingston Midstream Virden Limited Con (Dec 2025) FINAL - A9T7V2,26,26,26,204.66666666666666,7112,7265
4662853,C39058-1 Letter to CER re Express Annual Update to Financial Resource Plan - A9T8A7,1,1,1,141.0,114,122
4662854,C39058-2 Attachment 1 - Express Annual Update to Financial Resources Plan 2026 - A9T8A8,1,1,1,457.0,422,321
4662855,C39058-3 Attachment 2 - Express Annual Financial Resources Reporting Form 2026 - A9T8A9,2,2,2,203.5,338,353
4662857,C39060-1 Letter to CER re Westcoast Annual Update to Financial Resources Plan - A9T8C5,1,1,1,135.0,113,124
4662858,C39060-2 Attachment 1 - Westcoast Annual Update to Financial Resources Plan 2026 - A9T8C6,1,1,1,450.0,415,318
4662859,C39060-3 Attachment 2 - Westcoast Annual Financial Resources Reporting Form 2026 - A9T8C7,2,2,2,227.5,387,406
4662862,C39063-1 Commission - Letter - Westcoast - Application for the Sunrise Expansion Program – GH-001-2024 - A9T8D6,2,2,2,133.0,274,293
4662863,C39063-2 Commission - Lettre - Westcoast - - Demande relative au programme d’agrandissement Sunrise – GH-001-2024 - A9T8D5,2,2,2,134.5,275,294
4662864,C39063-3 Commission - Certificate GC-135 - Westcoast - Application for the Sunrise Expansion Program – GH-001-2024 - A9T8D8,46,46,46,309.0,14053,12645
4662865,C39063-4 Commission - Certificat GC-135 - Westcoast - Demande relative au programme d’agrandissement Sunrise – GH-001-2024 - A9T8D7,53,53,53,298.3333333333333,17158,15809
4662867,C39068-2 Attachment 1 - Westcoast 2025 Audited Financial Statements - A9T8F3,14,14,14,249.33333333333334,3949,3996
4662868,C39068-3 Attachment 2 - Westcoast 2025 Appendix XV Reporting Form - A9T8F4,2,2,2,390.0,809,925
4662872,C39072-1 OM2026-109 - Notification of Operation and Maintenance Activities - Notification des activités d'exploitation et d'entretien - 2026-04-27 1616 - A9T8G3,4,4,4,273.3333333333333,988,988
4662873,OM2026-109 - Filing Receipt 2026-04-27 161602 - A9T8G4,2,2,2,188.5,352,376
4662876,C39077-1 Letter to CER re St. Clair Annual Trust and Financial Statements - A9T8I4,1,1,1,141.0,121,132
4662877,C39077-2 Attachment 1 - St. Clair 2025 Audited Financial Statements - A9T8I5,14,14,14,249.33333333333334,3795,3879
4662878,"C39077-3 Attachment 3 - St. Clair Updated ACA Form - Effective Jan 1, 2025 - A9T8I7",2,2,2,358.5,659,860
4662881,C39081-1 Letter to CER re Niagara Gas Annual Update to Financial Resources Plan - A9T8K1,1,1,1,128.0,106,117
4662882,C39081-2 Attachment 1 - Niagara Annual Update to Financial Resources Plan 2026 - A9T8K2,1,1,1,438.0,410,299
4662883,C39081-3 Attachment 2 - Niagara Annual Financial Resources Reporting Form 2026 - A9T8K3,2,2,2,213.5,354,374
4662885,C39094-1 2026 Annual Update to Financial Resources Plan - Montreal Pipe Line Limited - A9T8S1,6,6,6,160.33333333333334,1035,1187
4662887,C39101-2 Attachment 1 - Enbridge NW 2025 Audited Financial Statements - A9T8U0,14,14,14,261.3333333333333,4104,4134
4662888,C39101-3 Attachment 2 - Enbridge NW 2025 Appendix XV Reporting Form - A9T8U1,2,2,2,328.5,707,844
4662890,C39102-1 Letter to CER re Enbridge SL Annual Trust and Financial Statements - A9T8U3,1,1,1,118.0,95,93
4662891,C39102-2 Attachment 1 - Enbridge SL 2025 Audited Financial Statements - A9T8U4,14,14,14,250.66666666666666,3900,3985
4662892,C39102-3 Attachment 2 - Enbridge SL 2025 Appendix XV Reporting Form - A9T8U5,2,2,2,340.5,715,865
4662894,C39112-1 Great Lakes Pipeline Canada Ltd. - 2025 Audited Financial Statements - A9T8X4,16,16,16,224.66666666666666,4026,4024
4662897,C39119-1 Utopia Holdco 2025 Financial Statement - A9T8Z2,14,14,14,70.0,4208,4214
4662899,C39121-2 ZCU 202604-Table 1 Financial Resources - A9T8Z9,2,2,2,138.5,279,266
4662900,C39121-3 ZCU 202601 Certificate of Insurance - A9T9A0,2,2,2,338.5,650,987
4662901,C39121-4 Zibi Community Utility LP 202604 - Insurers AM Best Ratings - A9T9A1,1,1,1,190.0,118,197
4662905,C39135-1 Suncor Letter of Comment re TNPI Review of Abandonment Funding - CER File 3433568 - A9T9G0,8,8,8,367.6666666666667,2766,3904
4662906,C39160-1 Wapella Pipeline Abandonment Trust (Dec 2025) Cover Letter - A9T9S0,1,1,1,0.0,96,108
4662907,C39160-2 Wapella Pipeline Abandonment Trust (Dec 2025) FINAL - A9T9S1,17,17,17,150.66666666666666,4167,4232
4662908,C39160-3 annual-reporting-form-trusts - Wapella - A9T9S2,3,3,3,273.0,855,939
4662909,C39160-4 List of Certificates and Orders KMVL - A9T9S3,1,1,1,13.0,13,14
4662911,C39161-1 2026 Campus Energy CER ERP Compliance Letter - A9T9S5,1,1,1,153.0,128,127
4662915,C39172-1 Alliance 2025 SAM Trust Cover Letter - A9T9W2,1,1,1,129.0,129,131
4662916,C39172-2 Alliance 2025 SAM Trust Filing - A9T9W3,16,16,16,281.0,5631,5810
4662919,C39185-1 Letter - A9T9Z9,1,1,1,261.0,264,252
4662924,C39200-2 South Bow - CER Annual Trust Reporting Form 2025 - A9U0E6,3,3,3,399.0,844,845
